customer_id,gender,senior_citizen,partner,dependents,tenure,phone_service,internet_service,contract,payment_method,monthly_charges,total_charges,actual_churn,churn_probability,predicted_churn,risk_level,prediction_date
7590-VHVEG,Female,0,Yes,No,1,No,DSL,Month-to-month,Electronic check,29.85,29.85,0,0.804944043590562,1,HIGH RISK,2026-08-30 13:02:06
5575-GNVDE,Male,0,No,No,34,Yes,DSL,One year,Mailed check,56.95,1889.5,0,0.10938207066082693,0,LOW RISK,2026-08-30 13:02:06
3668-QPYBK,Male,0,No,No,2,Yes,DSL,Month-to-month,Mailed check,53.85,108.15,1,0.5741308369664044,1,MEDIUM RISK,2026-08-30 13:02:06
7795-CFOCW,Male,0,No,No,45,No,DSL,One year,Bank transfer (automatic),42.3,1840.75,0,0.07513870148424313,0,LOW RISK,2026-08-30 13:02:06
9237-HQITU,Female,0,No,No,2,Yes,Fiber optic,Month-to-month,Electronic check,70.7,151.65,1,0.8657645146883837,1,HIGH RISK,2026-08-30 13:02:06
9305-CDSKC,Female,0,No,No,8,Yes,Fiber optic,Month-to-month,Electronic check,99.65,820.5,1,0.9315705905984071,1,HIGH RISK,2026-08-30 13:02:06
1452-KIOVK,Male,0,No,Yes,22,Yes,Fiber optic,Month-to-month,Credit card (automatic),89.1,1949.4,0,0.6653017109885069,1,MEDIUM RISK,2026-08-30 13:02:06
6713-OKOMC,Female,0,No,No,10,No,DSL,Month-to-month,Mailed check,29.75,301.9,0,0.5249369359297646,1,MEDIUM RISK,2026-08-30 13:02:06
7892-POOKP,Female,0,Yes,No,28,Yes,Fiber optic,Month-to-month,Electronic check,104.8,3046.05,1,0.8157301515637613,1,HIGH RISK,2026-08-30 13:02:06
6388-TABGU,Male,0,No,Yes,62,Yes,DSL,One year,Bank transfer (automatic),56.15,3487.95,0,0.048028167516795284,0,LOW RISK,2026-08-30 13:02:06
9763-GRSKD,Male,0,Yes,Yes,13,Yes,DSL,Month-to-month,Mailed check,49.95,587.45,0,0.3507363573924371,0,LOW RISK,2026-08-30 13:02:06
7469-LKBCI,Male,0,No,No,16,Yes,No,Two year,Credit card (automatic),18.95,326.8,0,0.04992062169075597,0,LOW RISK,2026-08-30 13:02:06
8091-TTVAX,Male,0,Yes,No,58,Yes,Fiber optic,One year,Credit card (automatic),100.35,5681.1,0,0.4393362128705413,0,MEDIUM RISK,2026-08-30 13:02:06
0280-XJGEX,Male,0,No,No,49,Yes,Fiber optic,Month-to-month,Bank transfer (automatic),103.7,5036.3,1,0.7338052506356436,1,HIGH RISK,2026-08-30 13:02:06
5129-JLPIS,Male,0,No,No,25,Yes,Fiber optic,Month-to-month,Electronic check,105.5,2686.05,0,0.7079997592614315,1,HIGH RISK,2026-08-30 13:02:06
3655-SNQYZ,Female,0,Yes,Yes,69,Yes,Fiber optic,Two year,Credit card (automatic),113.25,7895.15,0,0.08865976979868423,0,LOW RISK,2026-08-30 13:02:06
8191-XWSZG,Female,0,No,No,52,Yes,No,One year,Mailed check,20.65,1022.95,0,0.05267315280510259,0,LOW RISK,2026-08-30 13:02:06
9959-WOFKT,Male,0,No,Yes,71,Yes,Fiber optic,Two year,Bank transfer (automatic),106.7,7382.25,0,0.10533270989009254,0,LOW RISK,2026-08-30 13:02:06
4190-MFLUW,Female,0,Yes,Yes,10,Yes,DSL,Month-to-month,Credit card (automatic),55.2,528.35,1,0.407721180406246,0,MEDIUM RISK,2026-08-30 13:02:06
4183-MYFRB,Female,0,No,No,21,Yes,Fiber optic,Month-to-month,Electronic check,90.05,1862.9,0,0.7279256409775703,1,HIGH RISK,2026-08-30 13:02:06
8779-QRDMV,Male,1,No,No,1,No,DSL,Month-to-month,Electronic check,39.65,39.65,1,0.8840534828657224,1,HIGH RISK,2026-08-30 13:02:06
1680-VDCWW,Male,0,Yes,No,12,Yes,No,One year,Bank transfer (automatic),19.8,202.25,0,0.16579798549067182,0,LOW RISK,2026-08-30 13:02:06
1066-JKSGK,Male,0,No,No,1,Yes,No,Month-to-month,Mailed check,20.15,20.15,1,0.3956985485919376,0,LOW RISK,2026-08-30 13:02:06
3638-WEABW,Female,0,Yes,No,58,Yes,DSL,Two year,Credit card (automatic),59.9,3505.1,0,0.06874540130999714,0,LOW RISK,2026-08-30 13:02:06
6322-HRPFA,Male,0,Yes,Yes,49,Yes,DSL,Month-to-month,Credit card (automatic),59.6,2970.3,0,0.12597663662415265,0,LOW RISK,2026-08-30 13:02:06
6865-JZNKO,Female,0,No,No,30,Yes,DSL,Month-to-month,Bank transfer (automatic),55.3,1530.6,0,0.257658888286476,0,LOW RISK,2026-08-30 13:02:06
6467-CHFZW,Male,0,Yes,Yes,47,Yes,Fiber optic,Month-to-month,Electronic check,99.35,4749.15,1,0.6848813282115201,1,MEDIUM RISK,2026-08-30 13:02:06
8665-UTDHZ,Male,0,Yes,Yes,1,No,DSL,Month-to-month,Electronic check,30.2,30.2,1,0.7067775980109638,1,HIGH RISK,2026-08-30 13:02:06
5248-YGIJN,Male,0,Yes,No,72,Yes,DSL,Two year,Credit card (automatic),90.25,6369.45,0,0.04408079241822543,0,LOW RISK,2026-08-30 13:02:06
8773-HHUOZ,Female,0,No,Yes,17,Yes,DSL,Month-to-month,Mailed check,64.7,1093.1,1,0.5518523613992578,1,MEDIUM RISK,2026-08-30 13:02:06
3841-NFECX,Female,1,Yes,No,71,Yes,Fiber optic,Two year,Credit card (automatic),96.35,6766.95,0,0.08110097883234868,0,LOW RISK,2026-08-30 13:02:06
4929-XIHVW,Male,1,Yes,No,2,Yes,Fiber optic,Month-to-month,Credit card (automatic),95.5,181.65,0,0.909893422715425,1,HIGH RISK,2026-08-30 13:02:06
6827-IEAUQ,Female,0,Yes,Yes,27,Yes,DSL,One year,Mailed check,66.15,1874.45,0,0.06140218741830255,0,LOW RISK,2026-08-30 13:02:06
7310-EGVHZ,Male,0,No,No,1,Yes,No,Month-to-month,Bank transfer (automatic),20.2,20.2,0,0.3845359188491334,0,LOW RISK,2026-08-30 13:02:06
3413-BMNZE,Male,1,No,No,1,Yes,DSL,Month-to-month,Bank transfer (automatic),45.25,45.25,0,0.6409740870014943,1,MEDIUM RISK,2026-08-30 13:02:06
6234-RAAPL,Female,0,Yes,Yes,72,Yes,Fiber optic,Two year,Bank transfer (automatic),99.9,7251.7,0,0.053369690865373756,0,LOW RISK,2026-08-30 13:02:06
6047-YHPVI,Male,0,No,No,5,Yes,Fiber optic,Month-to-month,Electronic check,69.7,316.9,1,0.8527246306170971,1,HIGH RISK,2026-08-30 13:02:06
6572-ADKRS,Female,0,No,No,46,Yes,Fiber optic,Month-to-month,Credit card (automatic),74.8,3548.3,0,0.43957099323579335,0,MEDIUM RISK,2026-08-30 13:02:06
5380-WJKOV,Male,0,No,No,34,Yes,Fiber optic,Month-to-month,Electronic check,106.35,3549.25,1,0.7978101887684634,1,HIGH RISK,2026-08-30 13:02:06
8168-UQWWF,Female,0,No,No,11,Yes,Fiber optic,Month-to-month,Bank transfer (automatic),97.85,1105.4,1,0.8948676282686263,1,HIGH RISK,2026-08-30 13:02:06
8865-TNMNX,Male,0,Yes,Yes,10,Yes,DSL,One year,Mailed check,49.55,475.7,0,0.2851629857033787,0,LOW RISK,2026-08-30 13:02:06
9489-DEDVP,Female,0,Yes,Yes,70,Yes,DSL,Two year,Credit card (automatic),69.2,4872.35,0,0.03456476749998298,0,LOW RISK,2026-08-30 13:02:06
9867-JCZSP,Female,0,Yes,Yes,17,Yes,No,One year,Mailed check,20.75,418.25,0,0.08298341310017762,0,LOW RISK,2026-08-30 13:02:06
4671-VJLCL,Female,0,No,No,63,Yes,DSL,Two year,Credit card (automatic),79.85,4861.45,0,0.040322623742217414,0,LOW RISK,2026-08-30 13:02:06
4080-IIARD,Female,0,Yes,No,13,Yes,DSL,Month-to-month,Electronic check,76.2,981.45,0,0.4518656078704758,0,MEDIUM RISK,2026-08-30 13:02:06
3714-NTNFO,Female,0,No,No,49,Yes,Fiber optic,Month-to-month,Electronic check,84.5,3906.7,0,0.7538188820506071,1,HIGH RISK,2026-08-30 13:02:06
5948-UJZLF,Male,0,No,No,2,Yes,DSL,Month-to-month,Mailed check,49.25,97.0,0,0.5775673159353687,1,MEDIUM RISK,2026-08-30 13:02:06
7760-OYPDY,Female,0,No,No,2,Yes,Fiber optic,Month-to-month,Electronic check,80.65,144.15,1,0.891817458542899,1,HIGH RISK,2026-08-30 13:02:06
7639-LIAYI,Male,0,No,No,52,Yes,DSL,Two year,Credit card (automatic),79.75,4217.8,0,0.09239996818219763,0,LOW RISK,2026-08-30 13:02:06
2954-PIBKO,Female,0,Yes,Yes,69,Yes,DSL,Two year,Credit card (automatic),64.15,4254.1,0,0.03082347790614858,0,LOW RISK,2026-08-30 13:02:06
8012-SOUDQ,Female,1,No,No,43,Yes,Fiber optic,Month-to-month,Electronic check,90.25,3838.75,0,0.7021713592991976,1,HIGH RISK,2026-08-30 13:02:06
9420-LOJKX,Female,0,No,No,15,Yes,Fiber optic,Month-to-month,Credit card (automatic),99.1,1426.4,1,0.6803274951331726,1,MEDIUM RISK,2026-08-30 13:02:06
6575-SUVOI,Female,1,Yes,No,25,Yes,DSL,Month-to-month,Credit card (automatic),69.5,1752.65,0,0.38456251736280234,0,LOW RISK,2026-08-30 13:02:06
7495-OOKFY,Female,1,Yes,No,8,Yes,Fiber optic,Month-to-month,Credit card (automatic),80.65,633.3,1,0.8363067504834341,1,HIGH RISK,2026-08-30 13:02:06
4667-QONEA,Female,1,Yes,Yes,60,Yes,DSL,One year,Credit card (automatic),74.85,4456.35,0,0.07125582225526038,0,LOW RISK,2026-08-30 13:02:06
1658-BYGOY,Male,1,No,No,18,Yes,Fiber optic,Month-to-month,Electronic check,95.45,1752.55,1,0.8813907993721203,1,HIGH RISK,2026-08-30 13:02:06
8769-KKTPH,Female,0,Yes,Yes,63,Yes,Fiber optic,One year,Credit card (automatic),99.65,6311.2,0,0.34039729558782783,0,LOW RISK,2026-08-30 13:02:06
5067-XJQFU,Male,1,Yes,Yes,66,Yes,Fiber optic,One year,Electronic check,108.45,7076.35,0,0.4490546450282023,0,MEDIUM RISK,2026-08-30 13:02:06
3957-SQXML,Female,0,Yes,Yes,34,Yes,No,Two year,Credit card (automatic),24.95,894.3,0,0.03427584237399545,0,LOW RISK,2026-08-30 13:02:06
5954-BDFSG,Female,0,No,No,72,Yes,Fiber optic,Two year,Credit card (automatic),107.5,7853.7,0,0.1815196566266534,0,LOW RISK,2026-08-30 13:02:06
0434-CSFON,Female,0,Yes,No,47,Yes,Fiber optic,Month-to-month,Electronic check,100.5,4707.1,0,0.7448177542957521,1,HIGH RISK,2026-08-30 13:02:06
1215-FIGMP,Male,0,No,No,60,Yes,Fiber optic,Month-to-month,Bank transfer (automatic),89.9,5450.7,0,0.5623438349556078,1,MEDIUM RISK,2026-08-30 13:02:06
0526-SXDJP,Male,0,Yes,No,72,No,DSL,Two year,Bank transfer (automatic),42.1,2962.0,0,0.02654495878611033,0,LOW RISK,2026-08-30 13:02:06
0557-ASKVU,Female,0,Yes,Yes,18,Yes,DSL,One year,Credit card (automatic),54.4,957.1,0,0.19054893373130571,0,LOW RISK,2026-08-30 13:02:06
5698-BQJOH,Female,0,No,No,9,Yes,Fiber optic,Month-to-month,Electronic check,94.4,857.25,1,0.9014232555989923,1,HIGH RISK,2026-08-30 13:02:06
5122-CYFXA,Female,0,No,No,3,Yes,DSL,Month-to-month,Electronic check,75.3,244.1,0,0.7221362437829757,1,HIGH RISK,2026-08-30 13:02:06
8627-ZYGSZ,Male,0,Yes,No,47,Yes,Fiber optic,One year,Electronic check,78.9,3650.35,0,0.3946072822088065,0,LOW RISK,2026-08-30 13:02:06
3410-YOQBQ,Female,0,No,No,31,Yes,DSL,Two year,Mailed check,79.2,2497.2,0,0.07884643474556581,0,LOW RISK,2026-08-30 13:02:06
3170-NMYVV,Female,0,Yes,Yes,50,Yes,No,Two year,Bank transfer (automatic),20.15,930.9,0,0.02145112215240248,0,LOW RISK,2026-08-30 13:02:06
7410-OIEDU,Male,0,No,No,10,Yes,Fiber optic,Month-to-month,Mailed check,79.85,887.35,0,0.7197299747857562,1,HIGH RISK,2026-08-30 13:02:06
2273-QCKXA,Male,0,No,No,1,Yes,DSL,Month-to-month,Mailed check,49.05,49.05,0,0.5497488971329456,1,MEDIUM RISK,2026-08-30 13:02:06
0731-EBJQB,Female,0,Yes,Yes,52,Yes,No,One year,Electronic check,20.4,1090.65,0,0.08657120855460704,0,LOW RISK,2026-08-30 13:02:06
1891-QRQSA,Male,1,Yes,Yes,64,Yes,Fiber optic,Two year,Bank transfer (automatic),111.6,7099.0,0,0.16693940949783442,0,LOW RISK,2026-08-30 13:02:06
8028-PNXHQ,Male,0,Yes,Yes,62,Yes,No,Two year,Bank transfer (automatic),24.25,1424.6,0,0.027006461059574802,0,LOW RISK,2026-08-30 13:02:06
5630-AHZIL,Female,0,No,Yes,3,Yes,DSL,Month-to-month,Bank transfer (automatic),64.5,177.4,0,0.5266036502004917,1,MEDIUM RISK,2026-08-30 13:02:06
2673-CXQEU,Female,1,No,No,56,Yes,Fiber optic,One year,Electronic check,110.5,6139.5,0,0.45772137482608916,0,MEDIUM RISK,2026-08-30 13:02:06
6416-JNVRK,Female,0,No,No,46,Yes,DSL,One year,Credit card (automatic),55.65,2688.85,0,0.13674705951822833,0,LOW RISK,2026-08-30 13:02:06
5590-ZSKRV,Female,0,Yes,Yes,8,Yes,DSL,Month-to-month,Mailed check,54.65,482.25,0,0.3853417356060042,0,LOW RISK,2026-08-30 13:02:06
0191-ZHSKZ,Male,1,No,No,30,Yes,DSL,Month-to-month,Electronic check,74.75,2111.3,0,0.4633717790734917,0,MEDIUM RISK,2026-08-30 13:02:06
3887-PBQAO,Female,0,Yes,Yes,45,Yes,No,One year,Credit card (automatic),25.9,1216.6,0,0.06627324555205094,0,LOW RISK,2026-08-30 13:02:06
5919-TMRGD,Female,0,No,Yes,1,Yes,Fiber optic,Month-to-month,Electronic check,79.35,79.35,1,0.8796149137252688,1,HIGH RISK,2026-08-30 13:02:06
8108-UXRQN,Female,0,Yes,Yes,11,No,DSL,Month-to-month,Electronic check,50.55,565.35,0,0.6993141778912388,1,MEDIUM RISK,2026-08-30 13:02:06
9191-MYQKX,Female,0,Yes,No,7,Yes,Fiber optic,Month-to-month,Bank transfer (automatic),75.15,496.9,1,0.7871895557459228,1,HIGH RISK,2026-08-30 13:02:06
9919-YLNNG,Female,0,No,No,42,Yes,Fiber optic,Month-to-month,Bank transfer (automatic),103.8,4327.5,0,0.532938260708113,1,MEDIUM RISK,2026-08-30 13:02:06
0318-ZOPWS,Female,0,Yes,No,49,Yes,No,Two year,Bank transfer (automatic),20.15,973.35,0,0.03857355013669164,0,LOW RISK,2026-08-30 13:02:06
4445-ZJNMU,Male,0,No,No,9,Yes,Fiber optic,Month-to-month,Credit card (automatic),99.3,918.75,0,0.8911470980368734,1,HIGH RISK,2026-08-30 13:02:06
4808-YNLEU,Female,0,Yes,No,35,Yes,DSL,One year,Bank transfer (automatic),62.15,2215.45,0,0.1789805799545831,0,LOW RISK,2026-08-30 13:02:06
1862-QRWPE,Female,0,Yes,Yes,48,Yes,No,Two year,Bank transfer (automatic),20.65,1057.0,0,0.014199587035540653,0,LOW RISK,2026-08-30 13:02:06
2796-NNUFI,Female,0,Yes,Yes,46,Yes,No,Two year,Mailed check,19.95,927.1,0,0.02261986193051354,0,LOW RISK,2026-08-30 13:02:06
3016-KSVCP,Male,0,Yes,No,29,No,DSL,Month-to-month,Mailed check,33.75,1009.25,0,0.4817142317695757,0,MEDIUM RISK,2026-08-30 13:02:06
4767-HZZHQ,Male,0,Yes,Yes,30,Yes,Fiber optic,Month-to-month,Bank transfer (automatic),82.05,2570.2,0,0.409769997115527,0,MEDIUM RISK,2026-08-30 13:02:06
2424-WVHPL,Male,1,No,No,1,Yes,Fiber optic,Month-to-month,Electronic check,74.7,74.7,0,0.8108914025226122,1,HIGH RISK,2026-08-30 13:02:06
7233-PAHHL,Male,0,Yes,Yes,66,Yes,DSL,Two year,Mailed check,84.0,5714.25,0,0.052185640524268266,0,LOW RISK,2026-08-30 13:02:06
6067-NGCEU,Female,0,No,No,65,Yes,Fiber optic,Month-to-month,Credit card (automatic),111.05,7107.0,0,0.5175026867612241,1,MEDIUM RISK,2026-08-30 13:02:06
9848-JQJTX,Male,0,No,No,72,Yes,Fiber optic,Two year,Bank transfer (automatic),100.9,7459.05,0,0.22257472441214438,0,LOW RISK,2026-08-30 13:02:06
8637-XJIVR,Female,0,No,No,12,Yes,Fiber optic,Month-to-month,Electronic check,78.95,927.35,1,0.8115705468415774,1,HIGH RISK,2026-08-30 13:02:06
9803-FTJCG,Male,0,Yes,Yes,71,Yes,DSL,One year,Credit card (automatic),66.85,4748.7,0,0.03957521747284948,0,LOW RISK,2026-08-30 13:02:06
0278-YXOOG,Male,0,No,No,5,Yes,No,Month-to-month,Mailed check,21.05,113.85,1,0.35666642909491136,0,LOW RISK,2026-08-30 13:02:06
3212-KXOCR,Male,0,No,No,52,Yes,No,Two year,Bank transfer (automatic),21.0,1107.2,0,0.024184849550302465,0,LOW RISK,2026-08-30 13:02:06
4598-XLKNJ,Female,1,Yes,No,25,Yes,Fiber optic,Month-to-month,Electronic check,98.5,2514.5,1,0.8308908841023791,1,HIGH RISK,2026-08-30 13:02:06
6380-ARCEH,Male,0,No,No,1,Yes,No,Month-to-month,Mailed check,20.2,20.2,0,0.3954809645701498,0,LOW RISK,2026-08-30 13:02:06
3679-XASPY,Female,0,Yes,Yes,1,Yes,No,Month-to-month,Electronic check,19.45,19.45,0,0.43456599659856504,0,MEDIUM RISK,2026-08-30 13:02:06
7123-WQUHX,Male,0,No,No,38,Yes,Fiber optic,One year,Bank transfer (automatic),95.0,3605.6,0,0.3287687322155007,0,LOW RISK,2026-08-30 13:02:06
5386-THSLQ,Female,1,Yes,No,66,No,DSL,One year,Bank transfer (automatic),45.55,3027.25,0,0.15025155931912068,0,LOW RISK,2026-08-30 13:02:06
3192-NQECA,Male,0,Yes,No,68,Yes,Fiber optic,Two year,Bank transfer (automatic),110.0,7611.85,1,0.19619360989070336,0,LOW RISK,2026-08-30 13:02:06
6180-YBIQI,Male,0,No,No,5,No,DSL,Month-to-month,Mailed check,24.3,100.2,0,0.6636205385650916,1,MEDIUM RISK,2026-08-30 13:02:06
6728-DKUCO,Female,0,Yes,Yes,72,Yes,Fiber optic,One year,Electronic check,104.15,7303.05,0,0.3239179308684113,0,LOW RISK,2026-08-30 13:02:06
9750-BOOHV,Female,0,No,No,32,No,DSL,One year,Mailed check,30.15,927.65,0,0.15433328543783337,0,LOW RISK,2026-08-30 13:02:06
8597-CWYHH,Male,0,No,No,43,Yes,Fiber optic,One year,Mailed check,94.35,3921.3,0,0.4356202838740053,0,MEDIUM RISK,2026-08-30 13:02:06
2848-YXSMW,Male,0,Yes,Yes,72,Yes,No,Two year,Credit card (automatic),19.4,1363.25,0,0.009862498506209967,0,LOW RISK,2026-08-30 13:02:06
0486-HECZI,Male,0,Yes,No,55,Yes,Fiber optic,Month-to-month,Electronic check,96.75,5238.9,1,0.6124592358210409,1,MEDIUM RISK,2026-08-30 13:02:06
4549-ZDQYY,Female,0,No,No,52,Yes,DSL,One year,Credit card (automatic),57.95,3042.25,0,0.07738487527283835,0,LOW RISK,2026-08-30 13:02:06
5712-AHQNN,Female,0,No,No,43,Yes,Fiber optic,Month-to-month,Electronic check,91.65,3954.1,0,0.5960314985089378,1,MEDIUM RISK,2026-08-30 13:02:06
4846-WHAFZ,Female,1,Yes,No,37,Yes,Fiber optic,Month-to-month,Electronic check,76.5,2868.15,1,0.7111821702035382,1,HIGH RISK,2026-08-30 13:02:06
5256-SKJGO,Female,0,Yes,Yes,64,No,DSL,Two year,Electronic check,54.6,3423.5,0,0.11707774767576379,0,LOW RISK,2026-08-30 13:02:06
3071-VBYPO,Male,0,Yes,Yes,3,Yes,Fiber optic,Month-to-month,Electronic check,89.85,248.4,0,0.749803127410276,1,HIGH RISK,2026-08-30 13:02:06
9560-BBZXK,Female,0,No,No,36,No,DSL,Two year,Bank transfer (automatic),31.05,1126.35,0,0.06299492900452817,0,LOW RISK,2026-08-30 13:02:06
5299-RULOA,Female,0,Yes,Yes,10,Yes,Fiber optic,Month-to-month,Electronic check,100.25,1064.65,1,0.8792660356007235,1,HIGH RISK,2026-08-30 13:02:06
8402-OOOHJ,Female,0,No,No,41,Yes,No,Two year,Mailed check,20.65,835.15,0,0.022901152388396694,0,LOW RISK,2026-08-30 13:02:06
9445-ZUEQE,Male,0,Yes,Yes,27,Yes,Fiber optic,Month-to-month,Credit card (automatic),85.2,2151.6,0,0.5292677754091157,1,MEDIUM RISK,2026-08-30 13:02:06
1091-SOZGA,Female,0,Yes,Yes,56,Yes,Fiber optic,One year,Credit card (automatic),99.8,5515.45,0,0.4875330974432196,0,MEDIUM RISK,2026-08-30 13:02:06
2928-HLDBA,Female,0,No,No,6,Yes,No,Month-to-month,Mailed check,20.7,112.75,0,0.3401287994879304,0,LOW RISK,2026-08-30 13:02:06
0404-SWRVG,Male,0,No,No,3,Yes,Fiber optic,Month-to-month,Electronic check,74.4,229.55,1,0.8975510252605414,1,HIGH RISK,2026-08-30 13:02:06
6497-TILVL,Female,0,Yes,Yes,7,Yes,DSL,Month-to-month,Mailed check,50.7,350.35,0,0.41435165227593845,0,MEDIUM RISK,2026-08-30 13:02:06
7219-TLZHO,Female,0,Yes,Yes,4,Yes,No,Month-to-month,Mailed check,20.85,62.9,0,0.3152648716939048,0,LOW RISK,2026-08-30 13:02:06
4622-YNKIJ,Male,0,No,No,33,Yes,Fiber optic,Two year,Electronic check,88.95,3027.65,0,0.22296287686494068,0,LOW RISK,2026-08-30 13:02:06
4412-YLTKF,Female,1,No,No,27,Yes,Fiber optic,Month-to-month,Electronic check,78.05,2135.5,1,0.7829619085342218,1,HIGH RISK,2026-08-30 13:02:06
6734-PSBAW,Male,0,Yes,No,72,Yes,No,Two year,Bank transfer (automatic),23.55,1723.95,0,0.023182739541254542,0,LOW RISK,2026-08-30 13:02:06
3930-ZGWVE,Male,0,No,No,1,Yes,No,Month-to-month,Mailed check,19.75,19.75,0,0.3974407012784392,0,LOW RISK,2026-08-30 13:02:06
2639-UGMAZ,Male,1,No,No,71,No,DSL,One year,Electronic check,56.45,3985.35,0,0.22573613866048065,0,LOW RISK,2026-08-30 13:02:06
2876-GZYZC,Female,0,No,No,13,Yes,Fiber optic,Month-to-month,Electronic check,85.95,1215.65,0,0.8465055831674694,1,HIGH RISK,2026-08-30 13:02:06
6207-WIOLX,Female,0,Yes,Yes,25,No,DSL,Month-to-month,Credit card (automatic),58.6,1502.65,1,0.5098361329631788,1,MEDIUM RISK,2026-08-30 13:02:06
8587-XYZSF,Male,0,No,No,67,Yes,DSL,Two year,Bank transfer (automatic),50.55,3260.1,0,0.02760094818981081,0,LOW RISK,2026-08-30 13:02:06
3091-FYHKI,Male,0,No,No,1,No,DSL,Month-to-month,Electronic check,35.45,35.45,1,0.8634078527327197,1,HIGH RISK,2026-08-30 13:02:06
2372-HWUHI,Male,0,No,No,2,Yes,DSL,Month-to-month,Electronic check,44.35,81.25,1,0.6854648792990246,1,MEDIUM RISK,2026-08-30 13:02:06
7799-LGRDP,Female,0,No,No,43,Yes,No,Two year,Credit card (automatic),25.7,1188.2,0,0.04015641963699559,0,LOW RISK,2026-08-30 13:02:06
7850-VWJUU,Female,0,No,No,23,Yes,Fiber optic,Month-to-month,Bank transfer (automatic),75.0,1778.5,0,0.4867210871082007,0,MEDIUM RISK,2026-08-30 13:02:06
3774-VBNXY,Female,0,Yes,Yes,64,Yes,No,Two year,Mailed check,20.2,1277.75,0,0.013178988052865536,0,LOW RISK,2026-08-30 13:02:06
6217-KDYWC,Male,0,No,Yes,57,Yes,No,Two year,Mailed check,19.6,1170.55,0,0.024432438391414967,0,LOW RISK,2026-08-30 13:02:06
0390-DCFDQ,Female,1,Yes,No,1,Yes,Fiber optic,Month-to-month,Mailed check,70.45,70.45,1,0.8497463649161359,1,HIGH RISK,2026-08-30 13:02:06
3146-MSEGF,Female,1,Yes,Yes,72,Yes,DSL,Two year,Credit card (automatic),88.05,6425.65,0,0.04316532273650816,0,LOW RISK,2026-08-30 13:02:06
4080-OGPJL,Female,0,No,No,8,Yes,DSL,Month-to-month,Electronic check,71.15,563.65,1,0.5382444679280431,1,MEDIUM RISK,2026-08-30 13:02:06
1095-WGNGG,Female,0,Yes,No,61,Yes,Fiber optic,Two year,Bank transfer (automatic),101.05,5971.25,0,0.2677855052335097,0,LOW RISK,2026-08-30 13:02:06
2636-SJDOU,Male,0,No,No,64,Yes,Fiber optic,One year,Credit card (automatic),84.3,5289.05,0,0.2149575296857998,0,LOW RISK,2026-08-30 13:02:06
1131-QQZEB,Male,1,Yes,No,71,Yes,No,Two year,Bank transfer (automatic),23.95,1756.2,0,0.0200552707313216,0,LOW RISK,2026-08-30 13:02:06
5716-EZXZN,Female,0,Yes,Yes,65,Yes,Fiber optic,Two year,Credit card (automatic),99.05,6416.7,0,0.09524866712623338,0,LOW RISK,2026-08-30 13:02:06
6837-BJYDQ,Male,0,No,No,3,Yes,No,One year,Mailed check,19.6,61.35,0,0.22577204416461458,0,LOW RISK,2026-08-30 13:02:06
2135-RXIHG,Male,0,No,No,1,Yes,DSL,Month-to-month,Electronic check,45.65,45.65,1,0.7600209383051527,1,HIGH RISK,2026-08-30 13:02:06
6440-DKQGE,Male,0,No,Yes,30,Yes,DSL,One year,Credit card (automatic),64.5,1929.95,0,0.17137908387414633,0,LOW RISK,2026-08-30 13:02:06
3466-BYAVD,Male,0,Yes,Yes,15,Yes,DSL,Month-to-month,Mailed check,69.5,1071.4,0,0.34039272603650345,0,LOW RISK,2026-08-30 13:02:06
3780-YVMFA,Female,0,Yes,Yes,8,Yes,DSL,Month-to-month,Electronic check,68.55,564.35,0,0.677255300093746,1,MEDIUM RISK,2026-08-30 13:02:06
3874-EQOEP,Male,0,No,No,7,Yes,Fiber optic,Month-to-month,Mailed check,95.0,655.5,1,0.8724403501027949,1,HIGH RISK,2026-08-30 13:02:06
1679-JRFBR,Female,0,Yes,Yes,70,Yes,Fiber optic,One year,Credit card (automatic),108.15,7930.55,0,0.28302132274581343,0,LOW RISK,2026-08-30 13:02:06
9073-ZZIAY,Male,0,Yes,Yes,62,Yes,DSL,Two year,Electronic check,86.1,5215.25,0,0.03739758160336596,0,LOW RISK,2026-08-30 13:02:06
3077-RSNTJ,Female,0,Yes,Yes,6,Yes,No,Month-to-month,Mailed check,19.7,113.5,0,0.30637001321608853,0,LOW RISK,2026-08-30 13:02:06
6551-GNYDG,Female,0,Yes,Yes,14,Yes,Fiber optic,Month-to-month,Bank transfer (automatic),80.9,1152.8,0,0.6828739313384729,1,MEDIUM RISK,2026-08-30 13:02:06
9167-APMXZ,Female,0,No,No,22,Yes,Fiber optic,Month-to-month,Bank transfer (automatic),84.15,1821.95,0,0.7231180536756942,1,HIGH RISK,2026-08-30 13:02:06
2749-CTKAJ,Male,0,Yes,Yes,22,Yes,No,One year,Mailed check,20.15,419.9,0,0.07016114521747421,0,LOW RISK,2026-08-30 13:02:06
6371-NZYEG,Male,0,Yes,Yes,16,Yes,DSL,Two year,Mailed check,64.25,1024.0,0,0.09593139048842494,0,LOW RISK,2026-08-30 13:02:06
7554-NEWDD,Male,0,No,No,10,Yes,No,Two year,Bank transfer (automatic),25.7,251.6,0,0.11277460895145297,0,LOW RISK,2026-08-30 13:02:06
8992-VONJD,Female,0,No,Yes,13,Yes,DSL,Month-to-month,Electronic check,56.0,764.55,0,0.3962327664491253,0,LOW RISK,2026-08-30 13:02:06
0867-MKZVY,Female,0,Yes,No,20,Yes,Fiber optic,Month-to-month,Electronic check,82.4,1592.35,1,0.5947761389657005,1,MEDIUM RISK,2026-08-30 13:02:06
4482-EWFMI,Female,0,No,No,2,Yes,Fiber optic,Month-to-month,Electronic check,69.7,135.2,0,0.8648167041319593,1,HIGH RISK,2026-08-30 13:02:06
4648-YPBTM,Male,0,No,No,53,Yes,DSL,Two year,Bank transfer (automatic),73.9,3958.25,0,0.0834446267088633,0,LOW RISK,2026-08-30 13:02:06
2907-ILJBN,Female,0,Yes,Yes,11,Yes,No,One year,Mailed check,20.6,233.9,0,0.14591583745452505,0,LOW RISK,2026-08-30 13:02:06
6345-FZOQH,Male,0,Yes,No,69,Yes,No,Two year,Mailed check,19.9,1363.45,0,0.013797087626429741,0,LOW RISK,2026-08-30 13:02:06
3376-BMGFE,Female,0,No,No,4,Yes,Fiber optic,Month-to-month,Bank transfer (automatic),70.9,273.0,1,0.7962090020331265,1,HIGH RISK,2026-08-30 13:02:06
5997-OPVFA,Male,0,Yes,No,72,Yes,DSL,Two year,Bank transfer (automatic),89.05,6254.45,0,0.043393433129388176,0,LOW RISK,2026-08-30 13:02:06
3445-HXXGF,Male,1,Yes,No,58,No,DSL,Month-to-month,Electronic check,45.3,2651.2,1,0.5222305088245155,1,MEDIUM RISK,2026-08-30 13:02:06
1159-WFSGR,Female,0,Yes,Yes,16,Yes,No,Month-to-month,Electronic check,20.4,321.4,0,0.21721432412671676,0,LOW RISK,2026-08-30 13:02:06
7654-YWJUF,Male,0,Yes,No,43,Yes,Fiber optic,One year,Bank transfer (automatic),84.25,3539.25,0,0.1826113862045746,0,LOW RISK,2026-08-30 13:02:06
1875-QIVME,Female,0,Yes,No,2,Yes,Fiber optic,Month-to-month,Electronic check,104.4,242.8,1,0.9312961239021849,1,HIGH RISK,2026-08-30 13:02:06
6727-IOTLZ,Male,0,Yes,No,14,Yes,DSL,Two year,Mailed check,81.95,1181.75,0,0.11569559112631622,0,LOW RISK,2026-08-30 13:02:06
0691-JVSYA,Female,0,Yes,No,53,Yes,Fiber optic,One year,Bank transfer (automatic),94.85,5000.2,1,0.48059611761968524,0,MEDIUM RISK,2026-08-30 13:02:06
5918-VUKWP,Female,0,No,No,32,Yes,No,One year,Bank transfer (automatic),20.55,654.55,0,0.06474147933826169,0,LOW RISK,2026-08-30 13:02:06
1744-JHKYS,Female,0,Yes,No,34,Yes,No,Month-to-month,Electronic check,24.7,780.2,0,0.22448543419031367,0,LOW RISK,2026-08-30 13:02:06
2656-FMOKZ,Female,1,No,No,15,Yes,Fiber optic,Month-to-month,Mailed check,74.45,1145.7,1,0.7550287500771421,1,HIGH RISK,2026-08-30 13:02:06
2070-FNEXE,Female,1,No,No,7,Yes,Fiber optic,Month-to-month,Bank transfer (automatic),76.45,503.6,1,0.6642263176661469,1,MEDIUM RISK,2026-08-30 13:02:06
5947-SGKCL,Female,0,Yes,Yes,15,Yes,Fiber optic,Month-to-month,Bank transfer (automatic),105.35,1559.25,0,0.7733061058802496,1,HIGH RISK,2026-08-30 13:02:06
3712-PKXZA,Male,0,Yes,No,61,Yes,No,One year,Credit card (automatic),20.55,1252.0,0,0.055039509422013584,0,LOW RISK,2026-08-30 13:02:06
6317-YPKDH,Female,0,No,No,1,No,DSL,Month-to-month,Bank transfer (automatic),29.95,29.95,1,0.6544643802271141,1,MEDIUM RISK,2026-08-30 13:02:06
6582-OIVSP,Female,0,No,No,1,Yes,DSL,Month-to-month,Mailed check,45.3,45.3,0,0.6075053505511814,1,MEDIUM RISK,2026-08-30 13:02:06
9367-WXLCH,Male,0,No,No,8,Yes,Fiber optic,Month-to-month,Bank transfer (automatic),84.5,662.65,1,0.825140527959576,1,HIGH RISK,2026-08-30 13:02:06
5524-KHNJP,Male,0,Yes,Yes,33,Yes,DSL,One year,Credit card (automatic),74.75,2453.3,0,0.13140870140208308,0,LOW RISK,2026-08-30 13:02:06
1918-ZBFQJ,Female,0,No,No,13,Yes,Fiber optic,Month-to-month,Electronic check,79.25,1111.65,1,0.7291518114682829,1,HIGH RISK,2026-08-30 13:02:06
1024-GUALD,Female,0,Yes,No,1,No,DSL,Month-to-month,Electronic check,24.8,24.8,1,0.8245238068733578,1,HIGH RISK,2026-08-30 13:02:06
4827-USJHP,Male,0,No,No,20,Yes,DSL,Month-to-month,Mailed check,51.8,1023.85,0,0.3876856256831915,0,LOW RISK,2026-08-30 13:02:06
8167-GJLRN,Male,0,No,No,3,No,DSL,Month-to-month,Electronic check,30.4,82.15,0,0.6915361990768756,1,MEDIUM RISK,2026-08-30 13:02:06
0956-SYCWG,Female,0,No,No,13,Yes,No,One year,Electronic check,19.65,244.8,0,0.1518354081980261,0,LOW RISK,2026-08-30 13:02:06
8017-UVSZU,Female,0,Yes,No,40,Yes,DSL,Month-to-month,Credit card (automatic),56.6,2379.1,0,0.26515959196462513,0,LOW RISK,2026-08-30 13:02:06
7100-FQPRV,Male,0,Yes,Yes,43,Yes,DSL,One year,Credit card (automatic),71.9,3173.35,0,0.09936881395772237,0,LOW RISK,2026-08-30 13:02:06
2472-OVKUP,Male,0,Yes,No,6,Yes,Fiber optic,Month-to-month,Electronic check,91.0,531.0,1,0.8754676209554253,1,HIGH RISK,2026-08-30 13:02:06
2984-RGEYA,Female,0,Yes,Yes,69,Yes,No,Two year,Bank transfer (automatic),19.75,1375.4,0,0.010473801334291048,0,LOW RISK,2026-08-30 13:02:06
9680-NIAUV,Female,0,Yes,Yes,72,Yes,Fiber optic,Two year,Credit card (automatic),109.7,8129.3,0,0.1023675415644845,0,LOW RISK,2026-08-30 13:02:06
2146-EGVDT,Male,0,Yes,Yes,59,Yes,No,Two year,Credit card (automatic),19.3,1192.7,0,0.016499195389563865,0,LOW RISK,2026-08-30 13:02:06
2604-IJPDU,Female,0,Yes,No,20,Yes,Fiber optic,Month-to-month,Electronic check,96.55,1901.65,0,0.5845651166255155,1,MEDIUM RISK,2026-08-30 13:02:06
9178-JHUVJ,Male,0,Yes,Yes,24,Yes,No,Two year,Bank transfer (automatic),24.1,587.4,0,0.0563031725566258,0,LOW RISK,2026-08-30 13:02:06
6168-YBYNP,Male,0,No,No,59,Yes,Fiber optic,Month-to-month,Electronic check,111.35,6519.75,0,0.6800678149315548,1,MEDIUM RISK,2026-08-30 13:02:06
7255-SSFBC,Male,0,Yes,Yes,72,Yes,Fiber optic,Two year,Bank transfer (automatic),112.25,8041.65,0,0.14073597135278867,0,LOW RISK,2026-08-30 13:02:06
3645-DEYGF,Male,0,No,Yes,1,Yes,No,Month-to-month,Mailed check,20.75,20.75,0,0.343953632289369,0,LOW RISK,2026-08-30 13:02:06
9323-HGFWY,Female,0,Yes,No,27,Yes,Fiber optic,One year,Credit card (automatic),101.9,2681.15,0,0.4138105976508048,0,MEDIUM RISK,2026-08-30 13:02:06
8544-GOQSH,Female,0,No,No,14,Yes,Fiber optic,Month-to-month,Credit card (automatic),80.05,1112.3,0,0.5618025093622242,1,MEDIUM RISK,2026-08-30 13:02:06
3363-DTIVD,Male,0,Yes,Yes,71,Yes,Fiber optic,Two year,Electronic check,105.55,7405.5,0,0.15697149856801068,0,LOW RISK,2026-08-30 13:02:06
7018-WBJNK,Male,0,No,Yes,13,Yes,Fiber optic,Month-to-month,Credit card (automatic),78.3,1033.95,0,0.6997962937666685,1,MEDIUM RISK,2026-08-30 13:02:06
9142-KZXOP,Male,0,No,No,44,Yes,Fiber optic,Month-to-month,Credit card (automatic),68.85,2958.95,0,0.37238778004392475,0,LOW RISK,2026-08-30 13:02:06
7674-YTAFD,Female,0,No,No,33,Yes,Fiber optic,One year,Bank transfer (automatic),79.95,2684.85,0,0.2743023554036712,0,LOW RISK,2026-08-30 13:02:06
6348-SNFUS,Male,0,Yes,Yes,72,No,DSL,Two year,Credit card (automatic),55.45,4179.2,0,0.0356683643082659,0,LOW RISK,2026-08-30 13:02:06
1285-OKIPP,Male,0,No,No,1,Yes,Fiber optic,Month-to-month,Electronic check,79.9,79.9,1,0.8691477856597791,1,HIGH RISK,2026-08-30 13:02:06
7825-ECJRF,Female,0,No,No,19,Yes,Fiber optic,Month-to-month,Electronic check,106.6,1934.45,1,0.6884496250862159,1,MEDIUM RISK,2026-08-30 13:02:06
1347-KTTTA,Male,0,Yes,No,64,Yes,Fiber optic,One year,Credit card (automatic),102.45,6654.1,0,0.3234105060776504,0,LOW RISK,2026-08-30 13:02:06
7841-TZDMQ,Male,0,No,No,2,Yes,DSL,Month-to-month,Credit card (automatic),46.0,84.5,1,0.6746786115078386,1,MEDIUM RISK,2026-08-30 13:02:06
4195-NZGTA,Female,0,No,No,1,No,DSL,Month-to-month,Electronic check,25.25,25.25,0,0.7610391933832091,1,HIGH RISK,2026-08-30 13:02:06
7157-SMCFK,Male,0,No,Yes,61,Yes,No,Two year,Mailed check,19.75,1124.2,0,0.014663926090433594,0,LOW RISK,2026-08-30 13:02:06
4709-LKHYG,Female,0,Yes,Yes,29,Yes,No,One year,Electronic check,20.0,540.05,0,0.08860893146946887,0,LOW RISK,2026-08-30 13:02:06
2504-DSHIH,Male,1,Yes,No,23,Yes,Fiber optic,Month-to-month,Electronic check,86.8,1975.85,0,0.76445383756041,1,HIGH RISK,2026-08-30 13:02:06
0699-NDKJM,Female,0,Yes,No,57,No,DSL,Month-to-month,Bank transfer (automatic),58.75,3437.45,0,0.3923858546900397,0,LOW RISK,2026-08-30 13:02:06
9286-BHDQG,Male,0,Yes,Yes,72,No,DSL,Two year,Credit card (automatic),45.25,3139.8,0,0.017499405906117083,0,LOW RISK,2026-08-30 13:02:06
0230-WEQUW,Male,0,Yes,No,66,No,DSL,Two year,Bank transfer (automatic),56.6,3789.2,0,0.049902822708599984,0,LOW RISK,2026-08-30 13:02:06
2040-LDIWQ,Male,0,Yes,Yes,65,Yes,DSL,Two year,Bank transfer (automatic),84.2,5324.5,0,0.06268187651033583,0,LOW RISK,2026-08-30 13:02:06
6496-JDSSB,Female,0,No,No,8,Yes,Fiber optic,Month-to-month,Bank transfer (automatic),80.0,624.6,0,0.8224528729745129,1,HIGH RISK,2026-08-30 13:02:06
9408-SSNVZ,Female,0,No,No,4,Yes,Fiber optic,Month-to-month,Electronic check,70.15,268.35,1,0.8545777555286105,1,HIGH RISK,2026-08-30 13:02:06
4443-EMBNA,Female,0,Yes,No,71,Yes,No,Two year,Bank transfer (automatic),24.75,1836.9,0,0.016530920821013206,0,LOW RISK,2026-08-30 13:02:06
6469-MRVET,Male,0,Yes,Yes,1,Yes,No,One year,Electronic check,20.2,20.2,0,0.3433529355825779,0,LOW RISK,2026-08-30 13:02:06
0742-MOABM,Male,0,Yes,No,4,Yes,DSL,Month-to-month,Mailed check,50.05,179.35,1,0.5209725486957332,1,MEDIUM RISK,2026-08-30 13:02:06
5961-VUSRV,Female,0,No,No,12,Yes,No,One year,Bank transfer (automatic),19.35,219.35,0,0.21170363251048857,0,LOW RISK,2026-08-30 13:02:06
6778-JFCMK,Male,0,No,No,24,No,DSL,One year,Mailed check,50.6,1288.75,0,0.3604510740232145,0,LOW RISK,2026-08-30 13:02:06
6341-JVQGF,Female,0,Yes,Yes,31,Yes,DSL,One year,Mailed check,81.15,2545.75,0,0.14497693887291682,0,LOW RISK,2026-08-30 13:02:06
2232-DMLXU,Female,0,Yes,No,1,Yes,DSL,Month-to-month,Mailed check,55.2,55.2,1,0.6829035526501861,1,MEDIUM RISK,2026-08-30 13:02:06
4811-JBUVU,Male,0,No,No,30,Yes,Fiber optic,Month-to-month,Credit card (automatic),89.9,2723.15,0,0.6677952838081714,1,MEDIUM RISK,2026-08-30 13:02:06
0945-TSONX,Female,0,Yes,Yes,47,Yes,DSL,Two year,Credit card (automatic),85.3,4107.25,0,0.05034373203771189,0,LOW RISK,2026-08-30 13:02:06
2651-ZCBXV,Male,0,No,No,54,Yes,Fiber optic,Two year,Credit card (automatic),108.0,5760.65,0,0.21267844776149808,0,LOW RISK,2026-08-30 13:02:06
3316-UWXUY,Male,0,No,No,50,Yes,Fiber optic,Month-to-month,Credit card (automatic),93.5,4747.5,0,0.4342630791239095,0,MEDIUM RISK,2026-08-30 13:02:06
8937-RDTHP,Male,0,No,No,1,Yes,Fiber optic,Month-to-month,Mailed check,84.6,84.6,1,0.8210603374767913,1,HIGH RISK,2026-08-30 13:02:06
7083-MIOPC,Female,0,No,No,72,Yes,No,Two year,Credit card (automatic),20.25,1566.9,0,0.011476879785010167,0,LOW RISK,2026-08-30 13:02:06
1984-GPTEH,Female,0,No,No,29,Yes,No,Month-to-month,Electronic check,25.15,702.0,0,0.25302631231908107,0,LOW RISK,2026-08-30 13:02:06
1251-KRREG,Male,0,No,No,2,Yes,DSL,Month-to-month,Mailed check,54.4,114.1,1,0.7255450755849555,1,HIGH RISK,2026-08-30 13:02:06
0621-JFHOL,Female,0,No,No,10,No,DSL,Two year,Mailed check,29.6,299.05,0,0.2686918177531695,0,LOW RISK,2026-08-30 13:02:06
9903-LYSAB,Male,0,Yes,No,18,Yes,Fiber optic,Month-to-month,Electronic check,73.15,1305.95,0,0.7820276500077372,1,HIGH RISK,2026-08-30 13:02:06
0094-OIFMO,Female,1,No,No,11,Yes,Fiber optic,Month-to-month,Electronic check,95.0,1120.3,1,0.903143313205862,1,HIGH RISK,2026-08-30 13:02:06
9227-UAQFT,Male,0,No,No,16,Yes,No,Two year,Mailed check,19.75,284.35,0,0.04927299112483266,0,LOW RISK,2026-08-30 13:02:06
7301-ABVAD,Female,0,No,No,72,Yes,DSL,Two year,Bank transfer (automatic),86.6,6350.5,0,0.04084058689853284,0,LOW RISK,2026-08-30 13:02:06
6614-FHDBO,Male,0,No,No,72,Yes,Fiber optic,Two year,Bank transfer (automatic),109.2,7878.3,0,0.12685554890396195,0,LOW RISK,2026-08-30 13:02:06
7576-ASEJU,Female,0,Yes,Yes,41,Yes,DSL,One year,Credit card (automatic),74.7,3187.65,0,0.10768505844702865,0,LOW RISK,2026-08-30 13:02:06
9058-HRZSV,Female,1,Yes,No,65,Yes,Fiber optic,Month-to-month,Electronic check,94.4,6126.15,0,0.41861976983067894,0,MEDIUM RISK,2026-08-30 13:02:06
4522-AKYLR,Female,1,No,No,13,Yes,DSL,Month-to-month,Electronic check,54.8,731.3,0,0.5865237459592461,1,MEDIUM RISK,2026-08-30 13:02:06
0221-WMXNQ,Male,1,No,No,4,Yes,Fiber optic,Month-to-month,Electronic check,75.35,273.4,0,0.7727791481839291,1,HIGH RISK,2026-08-30 13:02:06
0303-UNCIP,Male,0,No,No,41,Yes,DSL,One year,Mailed check,65.0,2531.8,0,0.1613946735282004,0,LOW RISK,2026-08-30 13:02:06
9947-OTFQU,Male,1,No,No,15,Yes,Fiber optic,Month-to-month,Electronic check,74.4,1074.3,1,0.7407744352716639,1,HIGH RISK,2026-08-30 13:02:06
0322-YINQP,Male,0,No,No,1,Yes,DSL,Month-to-month,Mailed check,48.55,48.55,1,0.6152951602743758,1,MEDIUM RISK,2026-08-30 13:02:06
0959-WHOKV,Male,0,No,No,42,Yes,Fiber optic,One year,Electronic check,99.0,4298.45,0,0.43649299843481676,0,MEDIUM RISK,2026-08-30 13:02:06
4075-JFPGR,Female,0,Yes,No,51,Yes,Fiber optic,One year,Electronic check,93.5,4619.55,0,0.3958773570210648,0,LOW RISK,2026-08-30 13:02:06
4629-NRXKX,Female,0,Yes,Yes,2,Yes,Fiber optic,Month-to-month,Electronic check,70.4,147.15,1,0.7924318951095306,1,HIGH RISK,2026-08-30 13:02:06
9514-JDSKI,Male,1,Yes,No,1,No,DSL,Month-to-month,Electronic check,40.2,40.2,1,0.8244414901316535,1,HIGH RISK,2026-08-30 13:02:06
3282-ZISZV,Male,0,No,Yes,32,Yes,DSL,One year,Credit card (automatic),83.7,2633.3,0,0.1682119609470909,0,LOW RISK,2026-08-30 13:02:06
3675-YDUPJ,Male,0,No,No,10,Yes,No,Month-to-month,Mailed check,19.85,193.05,0,0.3948213003096495,0,LOW RISK,2026-08-30 13:02:06
4111-BNXIF,Female,0,Yes,Yes,67,No,DSL,Two year,Electronic check,59.55,4103.9,0,0.11082904272117142,0,LOW RISK,2026-08-30 13:02:06
7017-VFHAY,Female,0,Yes,Yes,61,Yes,Fiber optic,Two year,Credit card (automatic),115.1,7008.15,0,0.10958879015583713,0,LOW RISK,2026-08-30 13:02:06
6655-LHBYW,Male,0,No,No,50,Yes,Fiber optic,One year,Credit card (automatic),114.35,5791.1,0,0.33068084260701186,0,LOW RISK,2026-08-30 13:02:06
4959-JOSRX,Female,0,Yes,No,2,Yes,DSL,Month-to-month,Credit card (automatic),44.6,80.55,1,0.681645676380178,1,MEDIUM RISK,2026-08-30 13:02:06
5046-NUHWD,Female,1,Yes,No,29,No,DSL,Month-to-month,Electronic check,45.0,1228.65,0,0.5981183286297418,1,MEDIUM RISK,2026-08-30 13:02:06
7273-TEFQD,Male,1,No,No,3,No,DSL,Month-to-month,Electronic check,41.15,132.2,1,0.8742157117754662,1,HIGH RISK,2026-08-30 13:02:06
3606-TWKGI,Male,1,No,No,13,Yes,Fiber optic,Month-to-month,Electronic check,106.9,1364.3,1,0.883655408755489,1,HIGH RISK,2026-08-30 13:02:06
7529-ZDFXI,Male,1,Yes,No,57,Yes,Fiber optic,Month-to-month,Electronic check,89.85,4925.35,0,0.7199384725362369,1,HIGH RISK,2026-08-30 13:02:06
7605-BDWDC,Female,0,No,No,31,No,DSL,Two year,Bank transfer (automatic),49.85,1520.1,0,0.0987399051748266,0,LOW RISK,2026-08-30 13:02:06
1950-KSVVJ,Female,0,Yes,No,45,Yes,Fiber optic,One year,Mailed check,113.3,5032.25,0,0.2648346276711831,0,LOW RISK,2026-08-30 13:02:06
0123-CRBRT,Female,0,Yes,Yes,61,Yes,DSL,Two year,Mailed check,88.1,5526.75,0,0.03942056188890532,0,LOW RISK,2026-08-30 13:02:06
6292-TOSSS,Male,0,No,No,50,Yes,No,Two year,Bank transfer (automatic),24.9,1195.25,0,0.03579632152880151,0,LOW RISK,2026-08-30 13:02:06
3197-ARFOY,Female,1,No,No,19,Yes,Fiber optic,Month-to-month,Mailed check,105.0,2007.25,0,0.6263811603946516,1,MEDIUM RISK,2026-08-30 13:02:06
6323-AYBRX,Male,0,No,No,59,Yes,No,Two year,Mailed check,19.35,1099.6,1,0.01969491255331748,0,LOW RISK,2026-08-30 13:02:06
7014-ZZXAW,Female,0,Yes,No,71,Yes,No,Two year,Credit card (automatic),24.25,1732.95,0,0.023912443738531006,0,LOW RISK,2026-08-30 13:02:06
4385-GZQXV,Female,1,No,No,16,Yes,Fiber optic,Month-to-month,Electronic check,94.45,1511.2,1,0.8129142406888091,1,HIGH RISK,2026-08-30 13:02:06
7633-MVPUY,Male,0,Yes,No,57,Yes,DSL,Two year,Electronic check,59.75,3450.15,0,0.05477803904816965,0,LOW RISK,2026-08-30 13:02:06
6366-ZGQGL,Male,0,No,No,1,No,DSL,Month-to-month,Bank transfer (automatic),24.8,24.8,1,0.6892130479605636,1,MEDIUM RISK,2026-08-30 13:02:06
4716-HHKQH,Male,1,Yes,No,20,Yes,Fiber optic,Month-to-month,Electronic check,107.05,2172.05,0,0.7668764369638625,1,HIGH RISK,2026-08-30 13:02:06
5940-AHUHD,Male,0,No,No,1,Yes,Fiber optic,Month-to-month,Mailed check,70.6,70.6,1,0.7709124676525329,1,HIGH RISK,2026-08-30 13:02:06
6432-TWQLB,Male,0,Yes,No,5,Yes,Fiber optic,Month-to-month,Electronic check,85.4,401.1,1,0.8421521770036311,1,HIGH RISK,2026-08-30 13:02:06
4484-GLZOU,Female,0,Yes,No,52,Yes,Fiber optic,Month-to-month,Electronic check,105.05,5624.85,1,0.7891463030041083,1,HIGH RISK,2026-08-30 13:02:06
3179-GBRWV,Male,1,Yes,No,21,Yes,DSL,Month-to-month,Bank transfer (automatic),64.95,1339.8,0,0.3370119823300056,0,LOW RISK,2026-08-30 13:02:06
8645-KWHJO,Male,0,No,No,14,No,DSL,Month-to-month,Electronic check,55.0,771.95,0,0.7294238350826179,1,HIGH RISK,2026-08-30 13:02:06
4130-MZLCC,Female,0,No,No,5,Yes,DSL,Month-to-month,Bank transfer (automatic),50.55,244.75,0,0.5252678239657762,1,MEDIUM RISK,2026-08-30 13:02:06
0314-TKOSI,Female,0,No,No,6,Yes,DSL,Month-to-month,Mailed check,55.15,322.9,0,0.4373149803915522,0,MEDIUM RISK,2026-08-30 13:02:06
8229-MYEJZ,Female,0,No,No,10,Yes,DSL,Month-to-month,Electronic check,51.2,498.25,0,0.5741192130164456,1,MEDIUM RISK,2026-08-30 13:02:06
2080-SRCDE,Female,0,No,Yes,1,Yes,No,Month-to-month,Mailed check,25.4,25.4,0,0.4104637539422438,0,MEDIUM RISK,2026-08-30 13:02:06
9577-WJVCQ,Female,0,No,No,68,Yes,DSL,Month-to-month,Mailed check,54.45,3687.75,0,0.14423892177118866,0,LOW RISK,2026-08-30 13:02:06
9512-UIBFX,Male,0,Yes,Yes,18,Yes,Fiber optic,Month-to-month,Mailed check,95.15,1779.95,1,0.6664453068355486,1,MEDIUM RISK,2026-08-30 13:02:06
6202-DYYFX,Female,0,No,No,22,Yes,Fiber optic,One year,Credit card (automatic),76.0,1783.6,0,0.48512633659710414,0,MEDIUM RISK,2026-08-30 13:02:06
3808-HFKDE,Female,0,No,No,20,Yes,DSL,Month-to-month,Electronic check,44.35,927.15,0,0.5112238066519952,1,MEDIUM RISK,2026-08-30 13:02:06
5583-SXDAG,Male,0,Yes,No,1,Yes,Fiber optic,Month-to-month,Electronic check,70.0,70.0,1,0.8333133800836442,1,HIGH RISK,2026-08-30 13:02:06
3488-PGMQJ,Male,1,No,No,8,Yes,Fiber optic,Month-to-month,Electronic check,74.5,606.55,1,0.8473907181682686,1,HIGH RISK,2026-08-30 13:02:06
3580-REOAC,Male,0,No,No,10,Yes,DSL,Month-to-month,Credit card (automatic),44.85,435.4,1,0.6120232283072514,1,MEDIUM RISK,2026-08-30 13:02:06
7534-BFESC,Male,1,No,No,24,Yes,Fiber optic,Month-to-month,Electronic check,76.1,1712.7,1,0.7533594200560665,1,HIGH RISK,2026-08-30 13:02:06
3727-OWVYD,Male,0,No,No,35,Yes,DSL,One year,Mailed check,61.2,2021.2,0,0.09509422354362276,0,LOW RISK,2026-08-30 13:02:06
2294-SALNE,Male,0,Yes,Yes,23,Yes,Fiber optic,One year,Mailed check,86.8,1940.8,0,0.21062154614866047,0,LOW RISK,2026-08-30 13:02:06
4847-TAJYI,Female,1,No,No,6,Yes,Fiber optic,Month-to-month,Electronic check,89.35,567.8,0,0.9256908582726445,1,HIGH RISK,2026-08-30 13:02:06
1563-IWQEX,Female,0,No,No,12,Yes,No,Month-to-month,Mailed check,19.7,220.35,0,0.29351436735690684,0,LOW RISK,2026-08-30 13:02:06
8203-XJZRC,Male,0,No,No,1,Yes,No,Month-to-month,Mailed check,20.25,20.25,0,0.39526342193510106,0,LOW RISK,2026-08-30 13:02:06
6556-DBKZF,Female,0,Yes,Yes,71,Yes,Fiber optic,Two year,Electronic check,76.05,5436.45,0,0.08633628218539538,0,LOW RISK,2026-08-30 13:02:06
6851-WEFYX,Male,1,Yes,No,35,Yes,Fiber optic,Month-to-month,Electronic check,100.8,3437.5,0,0.8401997988415176,1,HIGH RISK,2026-08-30 13:02:06
2985-JUUBZ,Male,0,Yes,Yes,40,Yes,DSL,Month-to-month,Electronic check,74.55,3015.75,0,0.5045680934304074,1,MEDIUM RISK,2026-08-30 13:02:06
6390-DSAZX,Female,0,No,Yes,1,Yes,Fiber optic,Month-to-month,Mailed check,73.6,73.6,1,0.72854529121168,1,HIGH RISK,2026-08-30 13:02:06
0895-LMRSF,Male,0,No,No,23,Yes,DSL,One year,Bank transfer (automatic),64.9,1509.8,0,0.29182650197326876,0,LOW RISK,2026-08-30 13:02:06
8098-LLAZX,Female,1,No,No,4,Yes,Fiber optic,Month-to-month,Electronic check,95.45,396.1,1,0.9463694495575252,1,HIGH RISK,2026-08-30 13:02:06
8266-VBFQL,Male,0,No,No,4,Yes,Fiber optic,Month-to-month,Electronic check,90.4,356.65,0,0.8635207610184421,1,HIGH RISK,2026-08-30 13:02:06
8181-YHCMF,Female,0,Yes,Yes,68,No,DSL,Two year,Credit card (automatic),60.3,4109.0,0,0.05451680558832676,0,LOW RISK,2026-08-30 13:02:06
2240-HSJQD,Male,0,No,Yes,38,Yes,Fiber optic,Month-to-month,Mailed check,81.85,3141.7,0,0.5019008581362664,1,MEDIUM RISK,2026-08-30 13:02:06
1248-DYXUB,Male,0,Yes,Yes,52,Yes,No,Two year,Mailed check,24.8,1229.1,0,0.029265074194552786,0,LOW RISK,2026-08-30 13:02:06
0265-EDXBD,Male,1,Yes,No,32,Yes,Fiber optic,Month-to-month,Electronic check,74.9,2303.35,1,0.7489132603148433,1,HIGH RISK,2026-08-30 13:02:06
4115-BNPJY,Male,0,Yes,Yes,29,Yes,DSL,Two year,Mailed check,75.55,2054.4,0,0.078042855682954,0,LOW RISK,2026-08-30 13:02:06
3167-SNQPL,Male,1,Yes,Yes,38,Yes,Fiber optic,Month-to-month,Electronic check,101.15,3741.85,0,0.7008330881696557,1,HIGH RISK,2026-08-30 13:02:06
4091-TVOCN,Male,0,No,Yes,48,Yes,DSL,One year,Credit card (automatic),78.75,3682.45,0,0.14448871702759147,0,LOW RISK,2026-08-30 13:02:06
1098-TDVUQ,Female,0,No,No,1,Yes,No,Month-to-month,Bank transfer (automatic),19.25,19.25,0,0.46677367554545496,0,MEDIUM RISK,2026-08-30 13:02:06
7277-OZCGZ,Female,0,No,No,22,Yes,Fiber optic,Month-to-month,Electronic check,89.05,1886.25,0,0.6027509959471029,1,MEDIUM RISK,2026-08-30 13:02:06
1557-EMYVT,Female,0,No,No,43,Yes,Fiber optic,Two year,Credit card (automatic),115.05,4895.1,0,0.13946015403957504,0,LOW RISK,2026-08-30 13:02:06
2799-ARNLO,Female,1,Yes,No,5,Yes,Fiber optic,Month-to-month,Electronic check,69.35,341.6,0,0.8757641434074029,1,HIGH RISK,2026-08-30 13:02:06
7563-BIUPC,Male,0,No,No,5,Yes,Fiber optic,Month-to-month,Electronic check,80.6,415.55,1,0.8879034619169769,1,HIGH RISK,2026-08-30 13:02:06
5027-YOCXN,Male,0,Yes,Yes,51,Yes,Fiber optic,One year,Credit card (automatic),110.05,5686.4,0,0.27856366627706797,0,LOW RISK,2026-08-30 13:02:06
3973-SKMLN,Male,0,No,No,71,Yes,No,Two year,Credit card (automatic),19.9,1355.1,0,0.017008605444623837,0,LOW RISK,2026-08-30 13:02:06
2321-OMBXY,Female,0,Yes,Yes,38,Yes,DSL,One year,Credit card (automatic),80.3,3058.65,1,0.07606805785816932,0,LOW RISK,2026-08-30 13:02:06
2840-XANRC,Male,1,Yes,No,24,Yes,Fiber optic,Month-to-month,Electronic check,93.15,2231.05,1,0.8273712271283511,1,HIGH RISK,2026-08-30 13:02:06
6745-JEFZB,Male,0,Yes,No,35,Yes,Fiber optic,Month-to-month,Credit card (automatic),91.5,3236.35,0,0.6242039146017352,1,MEDIUM RISK,2026-08-30 13:02:06
5020-ZSTTY,Female,1,No,No,54,Yes,DSL,One year,Bank transfer (automatic),82.45,4350.1,1,0.12932977710461302,0,LOW RISK,2026-08-30 13:02:06
9880-TDQAC,Female,0,Yes,Yes,72,No,DSL,Two year,Electronic check,60.0,4264.0,0,0.09178708159387323,0,LOW RISK,2026-08-30 13:02:06
8705-WZCYL,Male,0,No,No,1,Yes,DSL,Month-to-month,Electronic check,44.8,44.8,0,0.7628311941945706,1,HIGH RISK,2026-08-30 13:02:06
7102-JJVTX,Female,0,Yes,Yes,9,Yes,DSL,One year,Mailed check,48.6,422.3,0,0.2438719621278566,0,LOW RISK,2026-08-30 13:02:06
8626-PTQGE,Male,0,No,No,69,No,DSL,Two year,Bank transfer (automatic),60.05,4176.7,0,0.0601915240121909,0,LOW RISK,2026-08-30 13:02:06
4983-CLMLV,Female,0,Yes,No,52,Yes,Fiber optic,Month-to-month,Credit card (automatic),102.7,5138.1,0,0.6566757595566953,1,MEDIUM RISK,2026-08-30 13:02:06
5701-YVSVF,Female,1,Yes,No,11,Yes,Fiber optic,Month-to-month,Electronic check,82.9,880.05,0,0.8562596909717353,1,HIGH RISK,2026-08-30 13:02:06
5804-LEPIM,Female,1,No,No,2,Yes,Fiber optic,Month-to-month,Electronic check,70.35,139.05,1,0.8818949769019375,1,HIGH RISK,2026-08-30 13:02:06
5697-GOMBF,Female,1,Yes,Yes,28,No,DSL,Month-to-month,Electronic check,35.9,973.65,0,0.6315301154137744,1,MEDIUM RISK,2026-08-30 13:02:06
2739-CACDQ,Female,1,No,No,17,Yes,Fiber optic,Month-to-month,Credit card (automatic),82.65,1470.05,0,0.7323484857353673,1,HIGH RISK,2026-08-30 13:02:06
9385-EHGDO,Female,0,Yes,Yes,35,Yes,No,Two year,Mailed check,19.85,739.35,0,0.03464315571643152,0,LOW RISK,2026-08-30 13:02:06
9498-FIMXL,Female,0,No,No,8,Yes,No,One year,Mailed check,19.2,161.95,0,0.24966267790311603,0,LOW RISK,2026-08-30 13:02:06
2379-GYFLQ,Male,0,No,No,46,Yes,Fiber optic,One year,Credit card (automatic),94.9,4422.95,0,0.38913100445041593,0,LOW RISK,2026-08-30 13:02:06
0122-OAHPZ,Female,0,No,No,7,Yes,Fiber optic,Month-to-month,Electronic check,73.85,511.25,1,0.880602249781563,1,HIGH RISK,2026-08-30 13:02:06
2868-SNELZ,Female,0,No,No,2,Yes,Fiber optic,Month-to-month,Mailed check,80.6,155.8,1,0.8109570162929756,1,HIGH RISK,2026-08-30 13:02:06
4322-RCYMT,Male,0,Yes,Yes,68,Yes,DSL,One year,Bank transfer (automatic),75.8,5293.95,1,0.08755183489478353,0,LOW RISK,2026-08-30 13:02:06
6680-NENYN,Female,0,No,No,43,Yes,Fiber optic,Two year,Electronic check,104.6,4759.85,1,0.395594979804029,0,LOW RISK,2026-08-30 13:02:06
2088-IEBAU,Female,0,No,No,68,Yes,DSL,Two year,Electronic check,88.15,6148.45,0,0.0710869822557415,0,LOW RISK,2026-08-30 13:02:06
7982-VCELR,Female,0,No,No,36,Yes,Fiber optic,Month-to-month,Credit card (automatic),94.8,3565.65,0,0.6541799177261228,1,MEDIUM RISK,2026-08-30 13:02:06
1343-EHPYB,Male,0,Yes,No,63,Yes,Fiber optic,Month-to-month,Electronic check,103.4,6603.0,1,0.7271529288016755,1,HIGH RISK,2026-08-30 13:02:06
6035-BXTTY,Female,1,No,No,32,Yes,DSL,Month-to-month,Bank transfer (automatic),54.65,1830.1,0,0.2340574643159332,0,LOW RISK,2026-08-30 13:02:06
6885-PKOAM,Female,0,Yes,No,71,Yes,DSL,Two year,Credit card (automatic),85.75,6223.8,0,0.03484883460786935,0,LOW RISK,2026-08-30 13:02:06
7520-HQWJU,Female,0,Yes,Yes,66,Yes,DSL,Month-to-month,Bank transfer (automatic),67.45,4508.65,0,0.11662749575816783,0,LOW RISK,2026-08-30 13:02:06
9639-BUJXT,Male,0,No,No,63,Yes,No,One year,Mailed check,20.5,1328.15,0,0.03619991377711006,0,LOW RISK,2026-08-30 13:02:06
5924-SNGKP,Female,0,No,Yes,41,Yes,No,One year,Credit card (automatic),20.25,865.0,0,0.05570264649121178,0,LOW RISK,2026-08-30 13:02:06
0021-IKXGC,Female,1,No,No,1,Yes,Fiber optic,Month-to-month,Electronic check,72.1,72.1,0,0.9177747440139697,1,HIGH RISK,2026-08-30 13:02:06
2034-GDRCN,Female,0,No,No,2,Yes,Fiber optic,Month-to-month,Electronic check,90.4,168.2,1,0.9198141705607401,1,HIGH RISK,2026-08-30 13:02:06
8966-SNIZF,Female,0,Yes,No,70,Yes,No,Two year,Bank transfer (automatic),19.45,1303.5,0,0.012378945310839362,0,LOW RISK,2026-08-30 13:02:06
6243-OZGFH,Female,0,No,No,23,No,DSL,Month-to-month,Electronic check,44.95,996.85,0,0.7079299460520695,1,HIGH RISK,2026-08-30 13:02:06
4654-DLAMQ,Female,1,Yes,No,64,Yes,Fiber optic,One year,Bank transfer (automatic),97.0,6430.9,0,0.19063212811369545,0,LOW RISK,2026-08-30 13:02:06
0513-RBGPE,Male,0,Yes,Yes,37,Yes,DSL,Two year,Credit card (automatic),62.8,2278.75,0,0.06063658012374979,0,LOW RISK,2026-08-30 13:02:06
5160-UXJED,Male,0,No,Yes,17,Yes,DSL,One year,Mailed check,44.6,681.4,0,0.1823682374048969,0,LOW RISK,2026-08-30 13:02:06
4115-NZRKS,Female,1,No,No,7,Yes,Fiber optic,Month-to-month,Electronic check,89.15,574.35,0,0.9199989342625484,1,HIGH RISK,2026-08-30 13:02:06
0219-YTZUE,Male,0,Yes,Yes,4,Yes,Fiber optic,Month-to-month,Bank transfer (automatic),84.8,371.9,1,0.8116365624135737,1,HIGH RISK,2026-08-30 13:02:06
0623-IIHUG,Female,1,No,No,21,No,DSL,Month-to-month,Electronic check,41.9,840.1,1,0.5973892488460752,1,MEDIUM RISK,2026-08-30 13:02:06
4572-DVCGN,Female,0,No,No,10,Yes,Fiber optic,Month-to-month,Bank transfer (automatic),80.25,846.0,1,0.820906220581068,1,HIGH RISK,2026-08-30 13:02:06
3351-NGXYI,Female,1,No,No,16,Yes,DSL,Month-to-month,Electronic check,54.1,889.0,0,0.5744670299918935,1,MEDIUM RISK,2026-08-30 13:02:06
8984-EYLLL,Male,0,Yes,No,64,Yes,Fiber optic,Two year,Electronic check,105.25,6823.4,0,0.28628082202166566,0,LOW RISK,2026-08-30 13:02:06
9057-MSWCO,Male,1,Yes,No,27,No,DSL,Month-to-month,Credit card (automatic),30.75,805.1,1,0.3622608063691674,0,LOW RISK,2026-08-30 13:02:06
9833-TGFHX,Male,0,Yes,Yes,42,Yes,Fiber optic,One year,Electronic check,97.1,4016.75,0,0.4099171424037885,0,MEDIUM RISK,2026-08-30 13:02:06
9294-TDIPC,Male,0,No,Yes,5,Yes,No,Month-to-month,Mailed check,20.2,83.75,0,0.30882563225219084,0,LOW RISK,2026-08-30 13:02:06
5229-DTFYB,Female,0,No,No,41,Yes,Fiber optic,Two year,Bank transfer (automatic),98.8,3959.15,0,0.19806593127000025,0,LOW RISK,2026-08-30 13:02:06
0104-PPXDV,Male,0,Yes,No,58,Yes,DSL,One year,Credit card (automatic),50.3,2878.55,0,0.11325582145456155,0,LOW RISK,2026-08-30 13:02:06
5176-LMJXE,Female,0,No,No,47,Yes,No,Two year,Mailed check,20.55,945.7,0,0.025535253010028004,0,LOW RISK,2026-08-30 13:02:06
3583-KRKMD,Male,0,No,No,18,Yes,Fiber optic,Month-to-month,Bank transfer (automatic),75.9,1373.05,0,0.5533278759891214,1,MEDIUM RISK,2026-08-30 13:02:06
1010-DIAUQ,Male,0,No,No,5,Yes,Fiber optic,Month-to-month,Bank transfer (automatic),96.5,492.55,1,0.8376236322440052,1,HIGH RISK,2026-08-30 13:02:06
9069-LGEUL,Male,0,Yes,No,23,Yes,DSL,Month-to-month,Bank transfer (automatic),59.95,1406.0,0,0.38839784828319285,0,LOW RISK,2026-08-30 13:02:06
7302-ZHMHP,Female,0,No,No,1,Yes,No,Month-to-month,Mailed check,19.15,19.15,0,0.39381472610650925,0,LOW RISK,2026-08-30 13:02:06
9571-EDEBV,Male,0,Yes,No,71,Yes,Fiber optic,One year,Credit card (automatic),98.65,6962.85,0,0.4221194112465085,0,MEDIUM RISK,2026-08-30 13:02:06
3520-FJGCV,Male,0,Yes,Yes,72,Yes,Fiber optic,Two year,Credit card (automatic),112.6,8126.65,0,0.1132933963447103,0,LOW RISK,2026-08-30 13:02:06
6563-VRERX,Male,0,Yes,Yes,33,Yes,No,One year,Mailed check,20.6,690.25,0,0.057556697526420786,0,LOW RISK,2026-08-30 13:02:06
0259-GBZSH,Male,0,No,No,2,Yes,Fiber optic,Month-to-month,Electronic check,85.65,181.5,1,0.9233618780410643,1,HIGH RISK,2026-08-30 13:02:06
6122-EFVKN,Male,0,No,Yes,24,No,DSL,Two year,Mailed check,35.75,830.8,0,0.054146631502515204,0,LOW RISK,2026-08-30 13:02:06
2805-EDJPQ,Female,0,Yes,Yes,56,Yes,Fiber optic,One year,Credit card (automatic),99.75,5608.4,0,0.3215715919880774,0,LOW RISK,2026-08-30 13:02:06
6862-CQUMB,Male,0,No,No,37,Yes,Fiber optic,Month-to-month,Credit card (automatic),96.1,3646.8,0,0.6451228563318631,1,MEDIUM RISK,2026-08-30 13:02:06
7156-MXBJE,Female,0,No,No,43,Yes,DSL,One year,Credit card (automatic),85.1,3662.25,0,0.14184234402372461,0,LOW RISK,2026-08-30 13:02:06
6158-HDPXZ,Male,0,No,No,1,No,DSL,Month-to-month,Mailed check,25.35,25.35,0,0.6968709204825065,1,MEDIUM RISK,2026-08-30 13:02:06
9601-BRXPO,Female,0,Yes,No,25,Yes,Fiber optic,Month-to-month,Bank transfer (automatic),104.95,2566.5,1,0.7578517333343117,1,HIGH RISK,2026-08-30 13:02:06
2863-IMQDR,Female,0,No,No,61,Yes,DSL,Two year,Electronic check,89.65,5308.7,0,0.06153309109129834,0,LOW RISK,2026-08-30 13:02:06
5686-CMAWK,Male,0,No,No,17,Yes,Fiber optic,One year,Electronic check,86.75,1410.25,0,0.4617783806763735,0,MEDIUM RISK,2026-08-30 13:02:06
5651-CRHKQ,Female,0,Yes,No,41,Yes,Fiber optic,One year,Bank transfer (automatic),86.2,3339.05,0,0.2212379530183489,0,LOW RISK,2026-08-30 13:02:06
6905-NIQIN,Male,0,No,No,1,Yes,DSL,Month-to-month,Mailed check,50.65,50.65,1,0.5811866528098772,1,MEDIUM RISK,2026-08-30 13:02:06
8204-YJCLA,Male,1,Yes,Yes,72,No,DSL,Two year,Bank transfer (automatic),64.8,4732.35,0,0.04068234023685139,0,LOW RISK,2026-08-30 13:02:06
5167-ZFFMM,Male,0,No,No,1,Yes,Fiber optic,Month-to-month,Credit card (automatic),90.85,90.85,1,0.8840230113835316,1,HIGH RISK,2026-08-30 13:02:06
6583-SZVGP,Male,0,No,No,48,Yes,Fiber optic,Two year,Bank transfer (automatic),108.1,5067.45,0,0.2548417797661301,0,LOW RISK,2026-08-30 13:02:06
4895-TMWIR,Male,1,Yes,No,11,Yes,No,Month-to-month,Mailed check,19.95,214.75,1,0.35042243324886646,0,LOW RISK,2026-08-30 13:02:06
0533-BNWKF,Female,1,Yes,No,55,Yes,Fiber optic,Month-to-month,Electronic check,85.45,4874.7,1,0.6687915560776992,1,MEDIUM RISK,2026-08-30 13:02:06
1708-PBBOA,Female,0,No,No,42,No,DSL,One year,Electronic check,54.75,2348.45,0,0.1974146930898166,0,LOW RISK,2026-08-30 13:02:06
8782-LKFPK,Male,0,No,No,44,Yes,Fiber optic,Month-to-month,Mailed check,90.4,4063.0,0,0.6258867663040991,1,MEDIUM RISK,2026-08-30 13:02:06
5522-JBWMO,Male,0,No,Yes,1,Yes,DSL,Month-to-month,Electronic check,44.0,44.0,0,0.6514476098538087,1,MEDIUM RISK,2026-08-30 13:02:06
3597-MVHJT,Female,0,No,No,27,Yes,Fiber optic,Month-to-month,Bank transfer (automatic),95.6,2595.25,0,0.7859449910703896,1,HIGH RISK,2026-08-30 13:02:06
9774-NRNAU,Male,1,Yes,No,27,Yes,DSL,Month-to-month,Bank transfer (automatic),84.8,2309.55,0,0.5099418660490245,1,MEDIUM RISK,2026-08-30 13:02:06
0224-RLWWD,Female,1,No,No,2,Yes,DSL,Month-to-month,Electronic check,44.3,89.3,0,0.7818444026290606,1,HIGH RISK,2026-08-30 13:02:06
9967-ATRFS,Female,0,No,No,19,Yes,No,Month-to-month,Mailed check,19.9,367.55,0,0.17284395595154067,0,LOW RISK,2026-08-30 13:02:06
3951-NJCVI,Female,1,Yes,No,42,Yes,Fiber optic,Month-to-month,Electronic check,95.05,3944.5,0,0.8001462510698822,1,HIGH RISK,2026-08-30 13:02:06
2977-CEBSX,Female,0,No,No,66,Yes,DSL,Two year,Credit card (automatic),90.05,5965.95,0,0.05183017791195382,0,LOW RISK,2026-08-30 13:02:06
0177-PXBAT,Male,1,Yes,No,33,Yes,Fiber optic,Month-to-month,Bank transfer (automatic),109.9,3694.7,0,0.6755231190599695,1,MEDIUM RISK,2026-08-30 13:02:06
6599-CEBNN,Female,0,No,No,34,Yes,Fiber optic,Month-to-month,Credit card (automatic),73.95,2524.45,1,0.5081501973600372,1,MEDIUM RISK,2026-08-30 13:02:06
2519-ERQOJ,Male,1,No,No,33,No,DSL,Month-to-month,Electronic check,54.6,1803.7,0,0.658029091201197,1,MEDIUM RISK,2026-08-30 13:02:06
5876-QMYLD,Female,0,Yes,Yes,23,Yes,No,One year,Mailed check,20.05,415.1,0,0.06584411460303762,0,LOW RISK,2026-08-30 13:02:06
2277-AXSDC,Female,0,No,No,32,Yes,No,One year,Bank transfer (automatic),19.75,624.15,0,0.0654969164555009,0,LOW RISK,2026-08-30 13:02:06
9442-JTWDL,Female,0,No,No,11,Yes,No,One year,Credit card (automatic),20.05,237.7,0,0.16906411806646293,0,LOW RISK,2026-08-30 13:02:06
0979-PHULV,Male,0,Yes,Yes,69,Yes,Fiber optic,Month-to-month,Credit card (automatic),99.45,7007.6,1,0.573487466894182,1,MEDIUM RISK,2026-08-30 13:02:06
3067-SVMTC,Female,0,Yes,No,68,Yes,DSL,One year,Bank transfer (automatic),55.9,3848.8,0,0.0415166947544171,0,LOW RISK,2026-08-30 13:02:06
5495-GPSRW,Male,0,No,No,20,Yes,No,Two year,Mailed check,19.7,419.4,0,0.059790188613312284,0,LOW RISK,2026-08-30 13:02:06
7606-BPHHN,Male,0,No,No,72,Yes,No,Two year,Credit card (automatic),19.8,1468.75,0,0.01655871902901858,0,LOW RISK,2026-08-30 13:02:06
4742-DRORA,Male,0,Yes,Yes,60,Yes,Fiber optic,One year,Bank transfer (automatic),95.4,5812.0,0,0.29142278630193774,0,LOW RISK,2026-08-30 13:02:06
0111-KLBQG,Male,1,Yes,Yes,32,Yes,Fiber optic,Month-to-month,Mailed check,93.95,2861.45,0,0.68377733320502,1,MEDIUM RISK,2026-08-30 13:02:06
4800-VHZKI,Female,0,No,No,1,Yes,No,Month-to-month,Mailed check,19.9,19.9,1,0.4752894453352315,0,MEDIUM RISK,2026-08-30 13:02:06
7989-CHGTL,Male,0,No,No,1,Yes,No,Month-to-month,Mailed check,19.6,19.6,1,0.4831619433331678,0,MEDIUM RISK,2026-08-30 13:02:06
0334-GDDSO,Male,1,No,No,3,Yes,Fiber optic,Month-to-month,Electronic check,81.35,233.7,1,0.8954713800426288,1,HIGH RISK,2026-08-30 13:02:06
4163-NCJAK,Female,0,Yes,No,46,Yes,No,One year,Bank transfer (automatic),24.45,1066.15,0,0.07619359895485998,0,LOW RISK,2026-08-30 13:02:06
5233-AOZUF,Female,0,Yes,No,29,Yes,Fiber optic,Month-to-month,Electronic check,74.95,2149.05,0,0.7357184074709809,1,HIGH RISK,2026-08-30 13:02:06
5973-EJGDP,Male,0,No,No,51,Yes,Fiber optic,Month-to-month,Electronic check,87.35,4473.0,0,0.606322376824164,1,MEDIUM RISK,2026-08-30 13:02:06
1996-DBMUS,Female,1,Yes,No,48,Yes,Fiber optic,Month-to-month,Bank transfer (automatic),70.65,3545.05,0,0.4548206056826025,0,MEDIUM RISK,2026-08-30 13:02:06
7916-VCCPB,Female,0,Yes,Yes,16,Yes,Fiber optic,Month-to-month,Bank transfer (automatic),73.25,1195.75,0,0.486400943313302,0,MEDIUM RISK,2026-08-30 13:02:06
4686-GEFRM,Male,0,Yes,No,70,Yes,Fiber optic,Two year,Bank transfer (automatic),98.7,6858.9,0,0.14051649514192702,0,LOW RISK,2026-08-30 13:02:06
5249-QYHEX,Female,0,Yes,Yes,40,Yes,No,Two year,Mailed check,24.8,1024.7,0,0.03875911492087005,0,LOW RISK,2026-08-30 13:02:06
0578-SKVMF,Female,0,Yes,Yes,22,Yes,Fiber optic,Month-to-month,Electronic check,83.3,1845.9,1,0.6101820229431552,1,MEDIUM RISK,2026-08-30 13:02:06
5564-NEMQO,Female,1,No,No,1,Yes,Fiber optic,Month-to-month,Bank transfer (automatic),75.3,75.3,1,0.8410163859405005,1,HIGH RISK,2026-08-30 13:02:06
2233-FAGXV,Female,0,Yes,Yes,5,Yes,No,Month-to-month,Mailed check,24.3,132.25,0,0.4727730676712477,0,MEDIUM RISK,2026-08-30 13:02:06
5605-IYGFG,Female,0,No,No,7,Yes,Fiber optic,Month-to-month,Bank transfer (automatic),69.85,515.45,0,0.7853316607671637,1,HIGH RISK,2026-08-30 13:02:06
7663-ZTEGJ,Male,0,No,Yes,29,Yes,Fiber optic,One year,Credit card (automatic),100.55,2830.45,0,0.3317599547340282,0,LOW RISK,2026-08-30 13:02:06
3935-TBRZZ,Male,0,Yes,Yes,44,Yes,No,One year,Mailed check,25.7,1110.5,0,0.05129684687846642,0,LOW RISK,2026-08-30 13:02:06
8111-BKVDS,Female,0,No,No,10,No,DSL,Month-to-month,Bank transfer (automatic),40.7,449.3,0,0.4849150221284634,0,MEDIUM RISK,2026-08-30 13:02:06
2055-SIFSS,Female,1,Yes,No,55,Yes,DSL,Month-to-month,Bank transfer (automatic),51.65,2838.55,0,0.30560789138468036,0,LOW RISK,2026-08-30 13:02:06
2806-MLNTI,Male,1,Yes,No,52,Yes,Fiber optic,One year,Bank transfer (automatic),105.1,5376.4,0,0.5832810931136632,1,MEDIUM RISK,2026-08-30 13:02:06
8734-DKSTZ,Female,0,Yes,Yes,10,Yes,Fiber optic,Month-to-month,Electronic check,85.95,858.6,0,0.8417573888672819,1,HIGH RISK,2026-08-30 13:02:06
4360-PNRQB,Male,0,No,No,18,Yes,Fiber optic,Month-to-month,Bank transfer (automatic),75.6,1395.05,0,0.6932985166839859,1,MEDIUM RISK,2026-08-30 13:02:06
6152-ONASV,Female,0,Yes,No,68,Yes,DSL,One year,Bank transfer (automatic),58.25,3975.7,0,0.05827634902158736,0,LOW RISK,2026-08-30 13:02:06
9063-ZGTUY,Female,0,Yes,Yes,61,Yes,No,Month-to-month,Mailed check,19.4,1182.55,1,0.0907631540269089,0,LOW RISK,2026-08-30 13:02:06
7781-HVGMK,Female,0,Yes,Yes,72,No,DSL,Two year,Credit card (automatic),65.2,4784.45,0,0.03485939134478478,0,LOW RISK,2026-08-30 13:02:06
2181-UAESM,Male,0,No,No,2,Yes,DSL,Month-to-month,Electronic check,53.45,119.5,0,0.6159352305259376,1,MEDIUM RISK,2026-08-30 13:02:06
2957-LOLHO,Male,0,No,No,12,Yes,DSL,Month-to-month,Bank transfer (automatic),45.4,518.9,1,0.583248549069925,1,MEDIUM RISK,2026-08-30 13:02:06
6048-NJXHX,Male,0,Yes,No,41,Yes,No,Two year,Electronic check,19.75,899.45,0,0.048905681594314285,0,LOW RISK,2026-08-30 13:02:06
2320-SLKMB,Female,0,No,No,26,No,DSL,Month-to-month,Credit card (automatic),44.45,1183.8,0,0.5097765757968565,1,MEDIUM RISK,2026-08-30 13:02:06
4980-URKXC,Male,0,Yes,No,36,Yes,No,One year,Bank transfer (automatic),20.85,720.05,0,0.05962061664021738,0,LOW RISK,2026-08-30 13:02:06
4376-KFVRS,Male,0,Yes,Yes,72,Yes,Fiber optic,Two year,Credit card (automatic),114.05,8468.2,0,0.11368236336302763,0,LOW RISK,2026-08-30 13:02:06
5886-VLQVU,Male,0,Yes,No,35,Yes,Fiber optic,Month-to-month,Bank transfer (automatic),89.85,3161.2,0,0.62814611978525,1,MEDIUM RISK,2026-08-30 13:02:06
3577-AMVUX,Male,0,No,No,1,Yes,DSL,Month-to-month,Mailed check,55.05,55.05,0,0.5480081696472486,1,MEDIUM RISK,2026-08-30 13:02:06
0771-WLCLA,Female,0,Yes,Yes,16,Yes,Fiber optic,Month-to-month,Electronic check,112.95,1882.55,0,0.740049725815094,1,HIGH RISK,2026-08-30 13:02:06
5628-RKIFK,Female,1,No,No,49,Yes,Fiber optic,Month-to-month,Credit card (automatic),101.55,5070.4,0,0.6320485595790784,1,MEDIUM RISK,2026-08-30 13:02:06
0206-TBWLC,Female,0,Yes,No,54,Yes,Fiber optic,One year,Mailed check,114.65,6049.5,0,0.3770554416084446,0,LOW RISK,2026-08-30 13:02:06
2937-FTHUR,Female,0,No,Yes,18,Yes,DSL,Month-to-month,Electronic check,64.8,1166.7,0,0.3752375943651816,0,LOW RISK,2026-08-30 13:02:06
1910-FMXJM,Female,0,Yes,No,36,Yes,Fiber optic,Month-to-month,Electronic check,80.4,2937.65,0,0.6157460863608203,1,MEDIUM RISK,2026-08-30 13:02:06
7752-XUSCI,Female,0,No,No,60,Yes,Fiber optic,Month-to-month,Electronic check,105.9,6396.45,1,0.7272912711167627,1,HIGH RISK,2026-08-30 13:02:06
4110-PFEUZ,Female,0,No,No,1,Yes,Fiber optic,Month-to-month,Mailed check,69.55,69.55,1,0.7696783801202759,1,HIGH RISK,2026-08-30 13:02:06
0732-OCQOC,Female,0,Yes,Yes,52,Yes,No,Two year,Bank transfer (automatic),25.05,1270.25,0,0.038121156761301504,0,LOW RISK,2026-08-30 13:02:06
5168-MSWXT,Male,0,Yes,Yes,8,Yes,Fiber optic,Month-to-month,Electronic check,94.75,759.55,0,0.8949745279852361,1,HIGH RISK,2026-08-30 13:02:06
1090-ESELR,Male,0,Yes,Yes,72,Yes,Fiber optic,Two year,Bank transfer (automatic),105.5,7611.55,0,0.05574667967498878,0,LOW RISK,2026-08-30 13:02:06
8592-PLTMQ,Female,0,No,No,64,Yes,No,One year,Mailed check,24.7,1642.75,0,0.04689154425985108,0,LOW RISK,2026-08-30 13:02:06
5760-WRAHC,Female,1,No,No,22,Yes,DSL,Month-to-month,Mailed check,69.75,1545.4,0,0.29792366237539947,0,LOW RISK,2026-08-30 13:02:06
8847-GEOOQ,Male,0,Yes,No,60,No,DSL,Month-to-month,Bank transfer (automatic),60.2,3582.4,0,0.38397446844022326,0,LOW RISK,2026-08-30 13:02:06
0256-LTHVJ,Female,0,Yes,Yes,28,Yes,Fiber optic,Month-to-month,Electronic check,81.05,2227.1,1,0.7001389947227161,1,HIGH RISK,2026-08-30 13:02:06
4785-FCIFB,Female,0,Yes,No,61,Yes,No,Two year,Mailed check,24.4,1417.9,0,0.02505235781554172,0,LOW RISK,2026-08-30 13:02:06
8313-NDOIA,Female,0,No,No,24,Yes,Fiber optic,Month-to-month,Electronic check,104.15,2494.65,0,0.8197461887586532,1,HIGH RISK,2026-08-30 13:02:06
5149-CUZUJ,Male,0,Yes,Yes,28,Yes,Fiber optic,One year,Bank transfer (automatic),92.9,2768.35,0,0.28786158573115617,0,LOW RISK,2026-08-30 13:02:06
0942-KOWSM,Female,0,Yes,Yes,30,Yes,DSL,Two year,Bank transfer (automatic),80.8,2369.3,0,0.06368831204936869,0,LOW RISK,2026-08-30 13:02:06
4237-CLSMM,Male,0,Yes,No,2,Yes,No,Month-to-month,Mailed check,20.0,38.0,0,0.39440328833240557,0,LOW RISK,2026-08-30 13:02:06
1452-VOQCH,Male,0,No,No,1,Yes,Fiber optic,Month-to-month,Electronic check,75.1,75.1,0,0.9022257146378035,1,HIGH RISK,2026-08-30 13:02:06
4719-UMSIY,Male,0,No,Yes,6,Yes,No,Month-to-month,Mailed check,19.65,100.9,0,0.30306106322838,0,LOW RISK,2026-08-30 13:02:06
6614-VBEGU,Female,0,Yes,No,24,Yes,DSL,Month-to-month,Bank transfer (automatic),69.45,1614.05,0,0.42549834618601967,0,MEDIUM RISK,2026-08-30 13:02:06
0880-TKATG,Male,0,Yes,Yes,4,Yes,Fiber optic,Month-to-month,Electronic check,101.15,385.9,1,0.8984906228583391,1,HIGH RISK,2026-08-30 13:02:06
3811-VBYBZ,Male,0,No,No,7,Yes,Fiber optic,Month-to-month,Electronic check,99.8,673.25,1,0.9243886261627725,1,HIGH RISK,2026-08-30 13:02:06
1480-BKXGA,Male,1,Yes,No,72,Yes,Fiber optic,Two year,Bank transfer (automatic),116.05,8404.9,0,0.14662939253685378,0,LOW RISK,2026-08-30 13:02:06
2996-XAUVF,Male,0,No,No,70,No,DSL,Two year,Mailed check,40.05,2799.75,0,0.06834456357315605,0,LOW RISK,2026-08-30 13:02:06
9076-AXYIK,Male,1,Yes,No,64,Yes,Fiber optic,Two year,Electronic check,102.1,6538.45,0,0.2848747219471662,0,LOW RISK,2026-08-30 13:02:06
5968-XQIVE,Male,0,Yes,Yes,72,Yes,Fiber optic,One year,Electronic check,89.7,6588.95,0,0.33448902530112323,0,LOW RISK,2026-08-30 13:02:06
8896-RAZCR,Female,0,No,Yes,44,Yes,No,Two year,Mailed check,19.9,868.1,0,0.016793785496164775,0,LOW RISK,2026-08-30 13:02:06
4640-UHDOS,Female,0,Yes,Yes,13,Yes,DSL,Month-to-month,Electronic check,55.95,734.35,1,0.5189476005612806,1,MEDIUM RISK,2026-08-30 13:02:06
4933-IKULF,Female,1,No,No,17,Yes,No,One year,Mailed check,20.65,330.6,0,0.1105793421059229,0,LOW RISK,2026-08-30 13:02:06
3583-EKAPL,Male,0,No,No,1,Yes,DSL,Month-to-month,Electronic check,55.0,55.0,1,0.8148215922257044,1,HIGH RISK,2026-08-30 13:02:06
1304-BCCFO,Male,0,Yes,No,9,Yes,DSL,Month-to-month,Mailed check,70.05,564.4,0,0.695303331872528,1,MEDIUM RISK,2026-08-30 13:02:06
4104-PVRPS,Male,0,Yes,No,24,Yes,DSL,Month-to-month,Mailed check,53.6,1315.35,0,0.20143016670282543,0,LOW RISK,2026-08-30 13:02:06
9399-APLBT,Female,0,Yes,Yes,1,Yes,Fiber optic,Month-to-month,Electronic check,74.7,74.7,1,0.8312358960673003,1,HIGH RISK,2026-08-30 13:02:06
2359-KMGLI,Male,0,No,No,24,Yes,Fiber optic,Month-to-month,Electronic check,80.25,1861.5,1,0.7019419269316924,1,HIGH RISK,2026-08-30 13:02:06
3780-DDGSE,Male,1,Yes,Yes,35,Yes,DSL,Month-to-month,Electronic check,76.05,2747.2,0,0.405068916935164,0,MEDIUM RISK,2026-08-30 13:02:06
4431-EDMIQ,Female,0,Yes,Yes,7,Yes,DSL,Month-to-month,Electronic check,75.7,554.05,0,0.48515393997311324,0,MEDIUM RISK,2026-08-30 13:02:06
0306-JAELE,Male,0,No,No,5,Yes,Fiber optic,Month-to-month,Electronic check,96.1,453.4,1,0.8874208711913607,1,HIGH RISK,2026-08-30 13:02:06
6227-HWPWX,Female,0,No,Yes,15,Yes,Fiber optic,Month-to-month,Bank transfer (automatic),69.0,994.8,1,0.5102451867934128,1,MEDIUM RISK,2026-08-30 13:02:06
0486-LGCCH,Male,0,Yes,Yes,11,Yes,No,Two year,Mailed check,19.65,225.75,0,0.07487738976852237,0,LOW RISK,2026-08-30 13:02:06
0447-BEMNG,Female,0,Yes,No,48,No,DSL,Month-to-month,Bank transfer (automatic),45.3,2145.0,1,0.2943693489703528,0,LOW RISK,2026-08-30 13:02:06
4612-SSVHJ,Female,1,No,No,20,Yes,Fiber optic,Month-to-month,Electronic check,81.45,1671.6,0,0.7825658288576897,1,HIGH RISK,2026-08-30 13:02:06
5168-MQQCA,Female,0,Yes,No,72,Yes,Fiber optic,One year,Bank transfer (automatic),108.5,8003.8,0,0.3196581898151023,0,LOW RISK,2026-08-30 13:02:06
5949-XIKAE,Female,0,Yes,Yes,8,Yes,Fiber optic,Month-to-month,Electronic check,83.55,680.05,1,0.8431634310117075,1,HIGH RISK,2026-08-30 13:02:06
7971-HLVXI,Male,0,Yes,Yes,72,Yes,Fiber optic,Two year,Credit card (automatic),84.5,6130.85,0,0.15219751982372354,0,LOW RISK,2026-08-30 13:02:06
9094-AZPHK,Female,0,No,No,15,Yes,Fiber optic,Month-to-month,Electronic check,100.15,1415.0,0,0.8543645881248457,1,HIGH RISK,2026-08-30 13:02:06
3649-JPUGY,Male,0,No,No,72,Yes,DSL,Two year,Bank transfer (automatic),88.6,6201.95,0,0.055031442622053325,0,LOW RISK,2026-08-30 13:02:06
4472-LVYGI,Female,0,Yes,Yes,0,No,DSL,Two year,Bank transfer (automatic),52.55,0.0,0,0.24141767412880716,0,LOW RISK,2026-08-30 13:02:06
8372-JUXUI,Male,0,No,Yes,1,Yes,Fiber optic,Month-to-month,Electronic check,74.35,74.35,1,0.8833423731227366,1,HIGH RISK,2026-08-30 13:02:06
3552-CTCYF,Male,0,Yes,Yes,63,Yes,Fiber optic,Two year,Bank transfer (automatic),104.8,6597.25,0,0.23273871239904895,0,LOW RISK,2026-08-30 13:02:06
6778-YSNIH,Female,0,No,No,2,Yes,DSL,Month-to-month,Electronic check,59.0,114.15,0,0.7820336776952691,1,HIGH RISK,2026-08-30 13:02:06
0388-EOPEX,Female,0,Yes,No,2,Yes,Fiber optic,Month-to-month,Electronic check,74.4,139.4,1,0.8198987394268054,1,HIGH RISK,2026-08-30 13:02:06
5756-OZRIO,Male,1,Yes,No,61,Yes,DSL,One year,Bank transfer (automatic),64.05,3902.6,0,0.18435397103065287,0,LOW RISK,2026-08-30 13:02:06
6579-JPICP,Male,0,No,No,1,Yes,No,Month-to-month,Mailed check,20.4,20.4,0,0.3946110431325105,0,LOW RISK,2026-08-30 13:02:06
8205-OTCHB,Male,0,No,No,22,No,DSL,One year,Bank transfer (automatic),43.75,903.6,1,0.3574173261057075,0,LOW RISK,2026-08-30 13:02:06
4134-BSXLX,Male,0,Yes,No,28,Yes,DSL,Month-to-month,Mailed check,60.9,1785.65,0,0.1862074084394974,0,LOW RISK,2026-08-30 13:02:06
0505-SPOOW,Female,0,Yes,No,70,Yes,No,Two year,Bank transfer (automatic),19.8,1397.65,0,0.012406852141752984,0,LOW RISK,2026-08-30 13:02:06
6235-VDHOM,Female,1,No,No,5,No,DSL,Month-to-month,Electronic check,28.45,131.05,1,0.7427893581829687,1,HIGH RISK,2026-08-30 13:02:06
7783-YKGDV,Female,0,No,No,12,Yes,Fiber optic,Month-to-month,Bank transfer (automatic),99.7,1238.45,1,0.7831018005101482,1,HIGH RISK,2026-08-30 13:02:06
4374-YMUSQ,Male,0,No,No,34,Yes,Fiber optic,One year,Credit card (automatic),116.25,3899.05,0,0.32784695646778345,0,LOW RISK,2026-08-30 13:02:06
4513-CXYIX,Female,1,Yes,No,71,Yes,Fiber optic,Two year,Credit card (automatic),80.7,5676.0,0,0.11206457777543188,0,LOW RISK,2026-08-30 13:02:06
3957-HHLMR,Female,0,Yes,Yes,70,Yes,DSL,One year,Bank transfer (automatic),65.2,4543.15,0,0.057216915667523474,0,LOW RISK,2026-08-30 13:02:06
7803-XOCCZ,Female,0,Yes,Yes,52,Yes,Fiber optic,Month-to-month,Bank transfer (automatic),84.05,4326.8,0,0.31086473848693624,0,LOW RISK,2026-08-30 13:02:06
5736-YEJAX,Male,0,No,Yes,69,Yes,DSL,Two year,Credit card (automatic),79.45,5502.55,0,0.028089912861347148,0,LOW RISK,2026-08-30 13:02:06
5609-CEBID,Female,1,No,No,20,Yes,Fiber optic,Month-to-month,Electronic check,94.1,1782.4,1,0.8159892719997781,1,HIGH RISK,2026-08-30 13:02:06
8981-FJGLA,Male,0,No,Yes,11,Yes,Fiber optic,Month-to-month,Mailed check,78.0,851.8,0,0.7964903967227883,1,HIGH RISK,2026-08-30 13:02:06
7218-HKQFK,Male,0,Yes,No,2,Yes,Fiber optic,Month-to-month,Electronic check,94.2,167.5,1,0.9021674196835532,1,HIGH RISK,2026-08-30 13:02:06
4636-QRJKY,Female,0,Yes,Yes,6,Yes,Fiber optic,Month-to-month,Electronic check,80.5,502.85,1,0.8262714152976763,1,HIGH RISK,2026-08-30 13:02:06
1135-LMECX,Female,0,No,No,1,Yes,No,Month-to-month,Mailed check,19.85,19.85,0,0.39077746219879783,0,LOW RISK,2026-08-30 13:02:06
4332-MUOEZ,Male,1,Yes,Yes,20,Yes,Fiber optic,One year,Credit card (automatic),94.3,1818.3,0,0.28006096293056343,0,LOW RISK,2026-08-30 13:02:06
8535-SFUTN,Male,0,No,No,61,Yes,Fiber optic,Month-to-month,Electronic check,106.45,6300.15,0,0.6671757225931427,1,MEDIUM RISK,2026-08-30 13:02:06
5956-VKDTT,Female,1,Yes,No,5,Yes,Fiber optic,Month-to-month,Electronic check,74.35,334.8,1,0.9031937324535443,1,HIGH RISK,2026-08-30 13:02:06
8677-HDZEE,Female,0,No,No,56,Yes,Fiber optic,Month-to-month,Bank transfer (automatic),105.45,5916.95,0,0.6056140917556169,1,MEDIUM RISK,2026-08-30 13:02:06
2475-MROZF,Male,0,No,No,30,Yes,Fiber optic,Month-to-month,Credit card (automatic),95.0,2852.4,0,0.4736444480135814,0,MEDIUM RISK,2026-08-30 13:02:06
9412-GHEEC,Male,0,No,No,40,Yes,Fiber optic,Month-to-month,Bank transfer (automatic),104.8,4131.95,1,0.5728110544607351,1,MEDIUM RISK,2026-08-30 13:02:06
3482-ABPKK,Female,0,No,No,28,Yes,DSL,One year,Mailed check,54.3,1546.3,0,0.1051908820883725,0,LOW RISK,2026-08-30 13:02:06
6705-LXORM,Female,1,Yes,No,5,Yes,Fiber optic,Month-to-month,Electronic check,70.05,302.6,0,0.8266378727139292,1,HIGH RISK,2026-08-30 13:02:06
0257-ZESQC,Female,1,Yes,No,27,Yes,Fiber optic,Month-to-month,Bank transfer (automatic),75.2,1929.35,1,0.5420492227057717,1,MEDIUM RISK,2026-08-30 13:02:06
7531-GQHME,Male,0,No,No,12,Yes,No,Month-to-month,Credit card (automatic),20.05,265.45,0,0.29743170585113077,0,LOW RISK,2026-08-30 13:02:06
5174-ITUMV,Male,0,Yes,Yes,67,Yes,Fiber optic,One year,Electronic check,105.4,6989.45,0,0.4600615719259314,0,MEDIUM RISK,2026-08-30 13:02:06
4109-CYRBD,Male,1,Yes,No,29,Yes,DSL,Month-to-month,Electronic check,51.6,1442.0,0,0.5949684863936857,1,MEDIUM RISK,2026-08-30 13:02:06
0913-XWSCN,Male,0,Yes,Yes,55,Yes,Fiber optic,Month-to-month,Bank transfer (automatic),85.5,4713.4,0,0.5069726725245949,1,MEDIUM RISK,2026-08-30 13:02:06
6825-UYPFK,Female,0,No,No,23,Yes,Fiber optic,Month-to-month,Bank transfer (automatic),75.6,1758.6,1,0.5641934582475449,1,MEDIUM RISK,2026-08-30 13:02:06
8397-MVTAZ,Male,0,Yes,No,34,Yes,Fiber optic,Month-to-month,Electronic check,100.05,3480.0,1,0.8279992200809971,1,HIGH RISK,2026-08-30 13:02:06
0750-EBAIU,Male,0,No,No,52,Yes,Fiber optic,One year,Electronic check,91.25,4738.3,0,0.32689009424967336,0,LOW RISK,2026-08-30 13:02:06
8606-CIQUL,Male,1,Yes,Yes,72,Yes,Fiber optic,Two year,Credit card (automatic),115.75,8399.15,0,0.12607758893250878,0,LOW RISK,2026-08-30 13:02:06
3571-DPYUH,Male,0,Yes,Yes,58,Yes,Fiber optic,One year,Credit card (automatic),94.7,5430.35,0,0.29959046500407077,0,LOW RISK,2026-08-30 13:02:06
7601-GNDYK,Male,0,Yes,Yes,35,Yes,No,Two year,Mailed check,19.6,686.95,0,0.025331414253338822,0,LOW RISK,2026-08-30 13:02:06
0356-OBMAC,Female,1,No,No,56,Yes,Fiber optic,Two year,Bank transfer (automatic),99.9,5706.3,0,0.2236545106994946,0,LOW RISK,2026-08-30 13:02:06
8067-NIOYM,Female,0,Yes,Yes,24,Yes,No,Two year,Credit card (automatic),21.1,490.65,0,0.04057941930282507,0,LOW RISK,2026-08-30 13:02:06
1403-GYAFU,Male,0,Yes,Yes,70,Yes,No,Two year,Credit card (automatic),20.05,1360.25,0,0.010549584801219754,0,LOW RISK,2026-08-30 13:02:06
4234-XTNEA,Male,0,No,No,2,Yes,Fiber optic,Month-to-month,Electronic check,79.95,174.45,0,0.9007757531049596,1,HIGH RISK,2026-08-30 13:02:06
1297-VQDRP,Male,1,Yes,Yes,68,Yes,Fiber optic,One year,Credit card (automatic),107.15,7379.8,0,0.3628052491038919,0,LOW RISK,2026-08-30 13:02:06
9282-IZGQK,Female,0,No,No,1,Yes,Fiber optic,Month-to-month,Electronic check,85.0,85.0,1,0.9251841522119137,1,HIGH RISK,2026-08-30 13:02:06
5348-CAGXB,Male,0,No,No,12,Yes,Fiber optic,Month-to-month,Electronic check,89.55,1021.75,0,0.8953421367427914,1,HIGH RISK,2026-08-30 13:02:06
0621-HJWXJ,Female,0,Yes,No,63,Yes,Fiber optic,Month-to-month,Bank transfer (automatic),81.55,5029.05,0,0.44583569483833957,0,MEDIUM RISK,2026-08-30 13:02:06
5844-QVTAT,Female,0,Yes,Yes,33,Yes,DSL,One year,Mailed check,58.45,1955.4,0,0.12265882313457202,0,LOW RISK,2026-08-30 13:02:06
8905-IAZPF,Female,0,Yes,No,69,Yes,Fiber optic,One year,Credit card (automatic),95.65,6744.2,0,0.3226079844689375,0,LOW RISK,2026-08-30 13:02:06
5394-MEITZ,Female,0,Yes,Yes,60,Yes,DSL,Two year,Bank transfer (automatic),80.6,4946.7,0,0.05394530932544713,0,LOW RISK,2026-08-30 13:02:06
6859-QNXIQ,Female,0,Yes,Yes,72,Yes,Fiber optic,Two year,Bank transfer (automatic),113.1,8248.5,0,0.10788783219247387,0,LOW RISK,2026-08-30 13:02:06
2782-LFZVW,Female,0,No,No,11,Yes,DSL,Month-to-month,Mailed check,58.95,601.6,0,0.738760617318607,1,HIGH RISK,2026-08-30 13:02:06
2866-IKBTM,Female,0,No,No,1,Yes,No,Month-to-month,Mailed check,19.55,19.55,0,0.39207812545460274,0,LOW RISK,2026-08-30 13:02:06
1342-JPNKI,Male,0,No,No,10,Yes,Fiber optic,Month-to-month,Bank transfer (automatic),86.05,834.1,1,0.8567504955796684,1,HIGH RISK,2026-08-30 13:02:06
2817-NTQDO,Male,0,No,No,13,No,DSL,Month-to-month,Credit card (automatic),45.55,597.0,1,0.48292559161989185,0,MEDIUM RISK,2026-08-30 13:02:06
7129-AZJDE,Male,0,Yes,Yes,34,Yes,Fiber optic,One year,Bank transfer (automatic),78.95,2647.2,0,0.3906061070552878,0,LOW RISK,2026-08-30 13:02:06
6986-IJDHX,Male,0,Yes,Yes,39,Yes,Fiber optic,Month-to-month,Mailed check,86.3,3266.0,1,0.49926121612845054,0,MEDIUM RISK,2026-08-30 13:02:06
2560-PPCHE,Female,0,No,No,65,Yes,Fiber optic,One year,Bank transfer (automatic),105.05,6744.25,0,0.34749095443528016,0,LOW RISK,2026-08-30 13:02:06
4676-MQUEA,Male,1,Yes,No,50,Yes,Fiber optic,One year,Bank transfer (automatic),101.9,5265.5,0,0.4275260152395706,0,MEDIUM RISK,2026-08-30 13:02:06
8138-EALND,Male,0,No,No,15,Yes,No,Month-to-month,Mailed check,19.75,311.6,0,0.20212517142938005,0,LOW RISK,2026-08-30 13:02:06
3580-HYCSP,Male,0,Yes,Yes,72,Yes,Fiber optic,Two year,Bank transfer (automatic),110.3,7966.9,0,0.13474541451631775,0,LOW RISK,2026-08-30 13:02:06
1352-HNSAW,Female,0,Yes,Yes,72,Yes,Fiber optic,Two year,Bank transfer (automatic),115.6,8220.4,0,0.10248874655927206,0,LOW RISK,2026-08-30 13:02:06
2075-PUEPR,Male,0,Yes,Yes,55,Yes,No,Two year,Bank transfer (automatic),19.35,1153.25,0,0.018746471194996138,0,LOW RISK,2026-08-30 13:02:06
1982-FEBTD,Female,0,Yes,Yes,23,Yes,No,Two year,Credit card (automatic),25.6,514.75,0,0.056346368266996606,0,LOW RISK,2026-08-30 13:02:06
5301-GAUUY,Male,0,No,No,32,Yes,Fiber optic,Month-to-month,Bank transfer (automatic),80.35,2596.15,1,0.5967266521041251,1,MEDIUM RISK,2026-08-30 13:02:06
5791-KAJFD,Female,0,Yes,Yes,56,Yes,DSL,One year,Bank transfer (automatic),68.75,3808.0,0,0.1305367786887695,0,LOW RISK,2026-08-30 13:02:06
2654-VBVPB,Female,0,No,No,1,Yes,No,Month-to-month,Bank transfer (automatic),19.9,19.9,0,0.3796664368718698,0,LOW RISK,2026-08-30 13:02:06
1154-HYWWO,Male,0,No,No,38,Yes,DSL,One year,Mailed check,70.6,2708.2,0,0.06796745777983904,0,LOW RISK,2026-08-30 13:02:06
2501-XWWTZ,Male,0,No,No,11,Yes,Fiber optic,Month-to-month,Electronic check,70.2,760.05,0,0.7718789508071329,1,HIGH RISK,2026-08-30 13:02:06
3716-UVSPD,Male,0,No,No,1,Yes,DSL,Month-to-month,Electronic check,49.3,49.3,0,0.7091681630868593,1,HIGH RISK,2026-08-30 13:02:06
6815-ABQFQ,Male,0,Yes,No,56,Yes,Fiber optic,One year,Electronic check,107.25,6033.3,0,0.5291662217531484,1,MEDIUM RISK,2026-08-30 13:02:06
7343-EOBEU,Male,0,Yes,No,3,Yes,No,Month-to-month,Mailed check,23.6,89.05,0,0.5580731850881936,1,MEDIUM RISK,2026-08-30 13:02:06
3701-SFMUH,Male,0,Yes,Yes,7,Yes,DSL,Month-to-month,Credit card (automatic),69.7,516.15,0,0.4985917681538065,0,MEDIUM RISK,2026-08-30 13:02:06
6103-LIANB,Male,0,Yes,Yes,59,Yes,Fiber optic,Two year,Credit card (automatic),99.5,5861.75,0,0.2876254627689784,0,LOW RISK,2026-08-30 13:02:06
7319-VENRZ,Male,0,No,No,7,Yes,DSL,Month-to-month,Bank transfer (automatic),64.3,445.95,0,0.5575106824826906,1,MEDIUM RISK,2026-08-30 13:02:06
5846-NEQVZ,Male,0,Yes,Yes,71,Yes,DSL,Two year,Credit card (automatic),70.85,4973.4,0,0.021904708204183956,0,LOW RISK,2026-08-30 13:02:06
6967-QIQRV,Male,0,Yes,Yes,15,Yes,Fiber optic,One year,Electronic check,101.9,1667.25,0,0.433483052345273,0,MEDIUM RISK,2026-08-30 13:02:06
5781-RFZRP,Male,0,Yes,No,71,Yes,DSL,Two year,Credit card (automatic),73.5,5357.75,0,0.023659810028698814,0,LOW RISK,2026-08-30 13:02:06
0939-YAPAF,Female,0,No,No,35,Yes,Fiber optic,Month-to-month,Electronic check,100.25,3527.6,1,0.8120161398066739,1,HIGH RISK,2026-08-30 13:02:06
0308-IVGOK,Female,0,No,No,11,No,DSL,One year,Credit card (automatic),40.4,422.6,0,0.4012316991332146,0,MEDIUM RISK,2026-08-30 13:02:06
7293-LSCDV,Female,0,Yes,Yes,60,Yes,No,Two year,Credit card (automatic),19.25,1103.25,0,0.02149042782353696,0,LOW RISK,2026-08-30 13:02:06
7025-WCBNE,Male,1,No,No,47,Yes,DSL,Two year,Bank transfer (automatic),59.6,2754.0,0,0.05040346462027916,0,LOW RISK,2026-08-30 13:02:06
5756-JYOJT,Female,0,No,No,11,Yes,DSL,One year,Credit card (automatic),64.9,697.25,0,0.27823719763670535,0,LOW RISK,2026-08-30 13:02:06
4710-FDUIZ,Male,0,Yes,No,56,Yes,Fiber optic,One year,Credit card (automatic),100.3,5614.45,1,0.42610806075938934,0,MEDIUM RISK,2026-08-30 13:02:06
6030-REHUX,Female,1,Yes,No,28,Yes,Fiber optic,Month-to-month,Electronic check,110.85,3204.4,0,0.8188225360172144,1,HIGH RISK,2026-08-30 13:02:06
9548-LIGTA,Male,0,Yes,No,61,Yes,DSL,Two year,Mailed check,81.05,4747.65,0,0.045629632488041916,0,LOW RISK,2026-08-30 13:02:06
5150-LJNSR,Male,0,Yes,Yes,31,Yes,Fiber optic,One year,Bank transfer (automatic),98.05,3082.1,0,0.3159159978983664,0,LOW RISK,2026-08-30 13:02:06
8270-RKSAP,Male,0,No,No,9,Yes,Fiber optic,Month-to-month,Electronic check,70.5,597.9,0,0.832529584127897,1,HIGH RISK,2026-08-30 13:02:06
6522-YRBXD,Male,1,Yes,No,35,Yes,Fiber optic,Month-to-month,Electronic check,94.55,3365.4,0,0.7085979774746558,1,HIGH RISK,2026-08-30 13:02:06
2640-LYMOV,Male,0,No,No,2,Yes,No,Month-to-month,Mailed check,19.65,38.8,0,0.4729206080070924,0,MEDIUM RISK,2026-08-30 13:02:06
1218-VKFPE,Female,0,Yes,Yes,12,Yes,No,Month-to-month,Mailed check,19.0,233.55,1,0.26207443907763417,0,LOW RISK,2026-08-30 13:02:06
3627-FHKBK,Female,0,No,No,1,Yes,Fiber optic,Month-to-month,Mailed check,75.3,75.3,1,0.694589699475242,1,MEDIUM RISK,2026-08-30 13:02:06
2865-TCHJW,Female,1,No,No,4,Yes,Fiber optic,Month-to-month,Electronic check,89.2,346.2,1,0.9284460214212162,1,HIGH RISK,2026-08-30 13:02:06
1423-BMPBQ,Female,0,Yes,Yes,1,Yes,No,Month-to-month,Mailed check,19.0,19.0,0,0.4355525574680856,0,MEDIUM RISK,2026-08-30 13:02:06
2393-DIVAI,Female,0,No,No,3,Yes,No,Month-to-month,Mailed check,20.0,61.7,0,0.45584881996679627,0,MEDIUM RISK,2026-08-30 13:02:06
5192-EBGOV,Female,1,No,No,1,Yes,Fiber optic,Month-to-month,Electronic check,85.7,85.7,1,0.9334393930513528,1,HIGH RISK,2026-08-30 13:02:06
4568-KNYWR,Male,0,No,No,52,Yes,DSL,Two year,Credit card (automatic),63.25,3342.45,0,0.07980566555578118,0,LOW RISK,2026-08-30 13:02:06
8752-IMQOS,Male,0,Yes,Yes,5,Yes,No,One year,Mailed check,20.1,85.1,0,0.1807424449124741,0,LOW RISK,2026-08-30 13:02:06
0742-LAFQK,Male,0,Yes,No,72,Yes,Fiber optic,Two year,Electronic check,99.15,7422.1,0,0.1763165138000487,0,LOW RISK,2026-08-30 13:02:06
0795-LAFGP,Male,0,Yes,Yes,71,Yes,DSL,Two year,Electronic check,90.4,6668.05,0,0.03932198472913751,0,LOW RISK,2026-08-30 13:02:06
0619-OLYUR,Male,0,Yes,No,72,Yes,Fiber optic,Two year,Credit card (automatic),111.9,8071.05,0,0.142001094331682,0,LOW RISK,2026-08-30 13:02:06
5512-IDZEI,Male,0,Yes,Yes,46,Yes,No,One year,Electronic check,24.9,1174.8,0,0.06749284382750041,0,LOW RISK,2026-08-30 13:02:06
0459-SPZHJ,Male,0,Yes,Yes,63,Yes,DSL,Two year,Credit card (automatic),83.5,5435.0,0,0.047960061119398226,0,LOW RISK,2026-08-30 13:02:06
0215-BQKGS,Male,0,No,No,30,Yes,Fiber optic,Month-to-month,Credit card (automatic),84.3,2438.6,0,0.45923280551335577,0,MEDIUM RISK,2026-08-30 13:02:06
9244-ZVAPM,Male,0,No,No,1,Yes,DSL,Month-to-month,Mailed check,45.6,45.6,0,0.6124121477449431,1,MEDIUM RISK,2026-08-30 13:02:06
0719-SYFRB,Female,0,No,No,12,Yes,DSL,Month-to-month,Mailed check,61.65,713.75,1,0.5271042554419911,1,MEDIUM RISK,2026-08-30 13:02:06
8208-EUMTE,Male,0,No,No,16,No,DSL,Two year,Mailed check,54.85,916.15,0,0.1073583434421437,0,LOW RISK,2026-08-30 13:02:06
5172-MIGPM,Male,0,No,No,4,Yes,DSL,Month-to-month,Mailed check,65.55,237.2,0,0.5830450490532899,1,MEDIUM RISK,2026-08-30 13:02:06
1710-RCXUS,Male,0,Yes,No,51,Yes,Fiber optic,One year,Credit card (automatic),90.35,4614.55,0,0.4753840420264098,0,MEDIUM RISK,2026-08-30 13:02:06
0374-FIUCA,Male,0,Yes,No,65,Yes,No,Two year,Credit card (automatic),20.4,1414.45,0,0.0223446897470331,0,LOW RISK,2026-08-30 13:02:06
5839-SUYVZ,Male,0,No,No,16,Yes,Fiber optic,Month-to-month,Credit card (automatic),74.55,1170.5,0,0.5824055189148403,1,MEDIUM RISK,2026-08-30 13:02:06
5173-ZXXXL,Male,0,No,No,2,Yes,No,One year,Mailed check,19.95,47.7,0,0.2335423670243117,0,LOW RISK,2026-08-30 13:02:06
1096-ADRUX,Female,0,Yes,Yes,66,Yes,Fiber optic,One year,Bank transfer (automatic),74.25,4859.25,0,0.24459002666989588,0,LOW RISK,2026-08-30 13:02:06
2001-MCUUW,Male,0,No,No,46,Yes,Fiber optic,Two year,Electronic check,108.65,4903.2,0,0.23965664656285193,0,LOW RISK,2026-08-30 13:02:06
2731-GJRDG,Female,0,No,No,32,Yes,Fiber optic,One year,Bank transfer (automatic),109.55,3608.0,0,0.4534042029483679,0,MEDIUM RISK,2026-08-30 13:02:06
4723-BEGSG,Male,0,Yes,No,72,Yes,DSL,Two year,Credit card (automatic),86.65,6094.25,0,0.03439231857727863,0,LOW RISK,2026-08-30 13:02:06
6516-NKQBO,Male,0,Yes,Yes,38,Yes,DSL,Two year,Credit card (automatic),81.0,3084.9,0,0.04176582451768018,0,LOW RISK,2026-08-30 13:02:06
8672-OAUPW,Male,0,No,Yes,51,Yes,DSL,One year,Credit card (automatic),47.85,2356.75,0,0.08894259498089567,0,LOW RISK,2026-08-30 13:02:06
8207-DMRVL,Male,0,Yes,Yes,72,Yes,Fiber optic,Two year,Bank transfer (automatic),114.55,8306.05,0,0.07885122850827209,0,LOW RISK,2026-08-30 13:02:06
3419-SNJJD,Female,1,Yes,No,65,Yes,Fiber optic,Month-to-month,Bank transfer (automatic),105.25,6786.4,1,0.5047771928300246,1,MEDIUM RISK,2026-08-30 13:02:06
6543-CPZMK,Male,0,Yes,Yes,9,No,DSL,Month-to-month,Electronic check,29.95,248.95,1,0.7133820330007165,1,HIGH RISK,2026-08-30 13:02:06
4765-OXPPD,Female,0,Yes,Yes,9,Yes,DSL,Month-to-month,Mailed check,65.0,663.05,1,0.2544141746474542,0,LOW RISK,2026-08-30 13:02:06
2804-ETQDK,Male,0,No,Yes,66,Yes,No,Two year,Mailed check,20.55,1357.1,0,0.012053777917940711,0,LOW RISK,2026-08-30 13:02:06
6689-VRRTK,Female,1,No,No,44,Yes,Fiber optic,One year,Credit card (automatic),109.8,4860.35,0,0.43390616426057377,0,MEDIUM RISK,2026-08-30 13:02:06
7138-GIRSH,Male,0,No,No,50,Yes,DSL,Two year,Bank transfer (automatic),69.5,3418.2,0,0.07312132947417053,0,LOW RISK,2026-08-30 13:02:06
9396-ZSFLL,Female,0,No,No,15,Yes,DSL,Month-to-month,Mailed check,48.85,631.4,0,0.44971651231591986,0,MEDIUM RISK,2026-08-30 13:02:06
6464-KEXXH,Male,0,No,No,8,No,DSL,Month-to-month,Credit card (automatic),25.25,186.3,0,0.7077955019231317,1,HIGH RISK,2026-08-30 13:02:06
7134-MJPDY,Female,1,No,No,66,Yes,Fiber optic,One year,Credit card (automatic),102.85,6976.75,0,0.4328182843194295,0,MEDIUM RISK,2026-08-30 13:02:06
5240-CAOYT,Female,0,No,No,57,Yes,Fiber optic,Month-to-month,Bank transfer (automatic),87.55,4884.85,0,0.3535525155132822,0,LOW RISK,2026-08-30 13:02:06
4059-IIEBK,Female,0,No,No,7,Yes,Fiber optic,Month-to-month,Bank transfer (automatic),78.55,522.95,0,0.812780997794613,1,HIGH RISK,2026-08-30 13:02:06
4881-JVQOD,Male,1,Yes,Yes,10,No,DSL,Month-to-month,Bank transfer (automatic),34.55,362.6,0,0.7522053504483449,1,HIGH RISK,2026-08-30 13:02:06
0516-UXRMT,Female,0,No,No,62,Yes,Fiber optic,One year,Electronic check,92.05,5755.8,0,0.29311559293927264,0,LOW RISK,2026-08-30 13:02:06
4851-BQDNX,Male,0,Yes,Yes,40,Yes,Fiber optic,One year,Electronic check,85.05,3355.65,0,0.4344001842069093,0,MEDIUM RISK,2026-08-30 13:02:06
5148-HKFIR,Female,0,No,No,20,Yes,No,Two year,Mailed check,19.7,406.95,0,0.04187628973091673,0,LOW RISK,2026-08-30 13:02:06
1009-IRMNA,Female,0,No,No,7,Yes,No,Month-to-month,Bank transfer (automatic),20.0,137.6,1,0.3253329215966939,0,LOW RISK,2026-08-30 13:02:06
3003-CMDUU,Female,0,Yes,No,25,Yes,Fiber optic,Month-to-month,Electronic check,95.15,2395.7,0,0.7721690916469672,1,HIGH RISK,2026-08-30 13:02:06
5016-IBERQ,Male,0,Yes,No,23,Yes,Fiber optic,Month-to-month,Electronic check,84.25,1968.1,0,0.6535443583854985,1,MEDIUM RISK,2026-08-30 13:02:06
6797-UCJHZ,Female,1,Yes,No,66,Yes,Fiber optic,One year,Credit card (automatic),104.6,6819.45,0,0.3823145901238727,0,LOW RISK,2026-08-30 13:02:06
2469-DTSGX,Female,1,No,No,72,Yes,Fiber optic,Two year,Electronic check,111.65,7943.45,0,0.19096468919298107,0,LOW RISK,2026-08-30 13:02:06
4554-YGZIH,Male,1,Yes,No,49,Yes,Fiber optic,Month-to-month,Credit card (automatic),90.05,4547.25,1,0.6347013563218374,1,MEDIUM RISK,2026-08-30 13:02:06
5099-BAILX,Male,1,Yes,Yes,43,Yes,Fiber optic,Month-to-month,Bank transfer (automatic),110.75,4687.9,1,0.5954816982300067,1,MEDIUM RISK,2026-08-30 13:02:06
9931-KGHOA,Female,0,Yes,No,46,Yes,DSL,Month-to-month,Bank transfer (automatic),55.0,2473.95,0,0.18033251328379632,0,LOW RISK,2026-08-30 13:02:06
1775-KWJKQ,Male,0,Yes,Yes,72,Yes,DSL,Two year,Credit card (automatic),89.85,6562.9,0,0.026460796974748648,0,LOW RISK,2026-08-30 13:02:06
7665-VIGUD,Male,0,No,No,10,Yes,No,One year,Mailed check,20.35,176.3,0,0.17734353973100087,0,LOW RISK,2026-08-30 13:02:06
9411-TPQQV,Female,0,No,No,40,No,DSL,One year,Bank transfer (automatic),54.55,2236.2,0,0.21274747441374203,0,LOW RISK,2026-08-30 13:02:06
7207-RMRDB,Female,0,Yes,Yes,65,Yes,Fiber optic,Month-to-month,Electronic check,105.5,6985.65,1,0.6562813714612481,1,MEDIUM RISK,2026-08-30 13:02:06
7954-MLBUN,Male,0,No,No,31,Yes,Fiber optic,Two year,Bank transfer (automatic),99.45,3109.9,0,0.22745856241896736,0,LOW RISK,2026-08-30 13:02:06
2077-DDHJK,Female,0,Yes,No,68,Yes,DSL,Two year,Credit card (automatic),70.9,4911.35,0,0.018377559760770407,0,LOW RISK,2026-08-30 13:02:06
4913-EHYUI,Male,1,Yes,Yes,56,Yes,Fiber optic,One year,Bank transfer (automatic),104.55,5794.65,1,0.4394440632804292,0,MEDIUM RISK,2026-08-30 13:02:06
0195-IESCP,Male,0,Yes,No,10,Yes,Fiber optic,Month-to-month,Electronic check,85.25,855.3,1,0.9062570759389182,1,HIGH RISK,2026-08-30 13:02:06
9574-BOSMD,Male,0,Yes,Yes,68,Yes,No,Two year,Bank transfer (automatic),25.4,1620.2,0,0.015016269432683983,0,LOW RISK,2026-08-30 13:02:06
4580-TMHJU,Female,0,Yes,Yes,43,Yes,DSL,Month-to-month,Electronic check,56.15,2499.3,1,0.2983613876909598,0,LOW RISK,2026-08-30 13:02:06
0970-ETWGE,Male,0,No,No,1,Yes,Fiber optic,Month-to-month,Electronic check,89.55,89.55,1,0.9268745856809898,1,HIGH RISK,2026-08-30 13:02:06
4908-XAXAY,Female,1,No,No,49,Yes,Fiber optic,One year,Bank transfer (automatic),89.85,4287.2,0,0.4360053489763448,0,MEDIUM RISK,2026-08-30 13:02:06
8404-VLQFB,Female,0,Yes,Yes,15,Yes,No,Month-to-month,Electronic check,25.25,394.85,0,0.3587325467348704,0,LOW RISK,2026-08-30 13:02:06
1626-ERCMM,Male,1,Yes,No,20,Yes,Fiber optic,Month-to-month,Electronic check,94.55,1899.65,1,0.8785766862515523,1,HIGH RISK,2026-08-30 13:02:06
0887-HJGAR,Male,0,No,No,1,Yes,DSL,Month-to-month,Mailed check,45.7,45.7,1,0.6903327732011081,1,MEDIUM RISK,2026-08-30 13:02:06
2391-IPLOP,Male,0,Yes,Yes,50,Yes,DSL,One year,Electronic check,69.65,3442.15,0,0.23025994953206394,0,LOW RISK,2026-08-30 13:02:06
5644-PDMZC,Female,1,No,No,2,Yes,Fiber optic,Month-to-month,Electronic check,89.5,161.5,1,0.8950760263422898,1,HIGH RISK,2026-08-30 13:02:06
3509-GWQGF,Male,1,No,No,24,Yes,Fiber optic,Month-to-month,Credit card (automatic),70.0,1732.6,0,0.5368066708646972,1,MEDIUM RISK,2026-08-30 13:02:06
9576-ANLXO,Female,0,No,No,3,Yes,Fiber optic,Month-to-month,Bank transfer (automatic),69.55,222.3,1,0.8100497009540546,1,HIGH RISK,2026-08-30 13:02:06
2024-BASKD,Female,0,No,No,1,Yes,Fiber optic,Month-to-month,Mailed check,74.6,74.6,1,0.8267531758826178,1,HIGH RISK,2026-08-30 13:02:06
5845-BZZIB,Male,0,Yes,Yes,35,Yes,No,Two year,Mailed check,20.1,655.3,0,0.024530887559726745,0,LOW RISK,2026-08-30 13:02:06
1140-UKVZG,Female,0,No,No,17,Yes,No,Month-to-month,Mailed check,24.8,475.25,0,0.23847439490376493,0,LOW RISK,2026-08-30 13:02:06
4160-AMJTL,Female,1,No,No,8,Yes,No,Month-to-month,Electronic check,19.65,164.3,1,0.45029136329695496,0,MEDIUM RISK,2026-08-30 13:02:06
5183-SNMJQ,Male,0,No,No,10,Yes,Fiber optic,Month-to-month,Credit card (automatic),95.1,865.1,0,0.8240916550210923,1,HIGH RISK,2026-08-30 13:02:06
8100-PNJMH,Male,0,Yes,Yes,68,Yes,DSL,Two year,Credit card (automatic),88.85,6132.7,0,0.04297449532539547,0,LOW RISK,2026-08-30 13:02:06
7838-LAZFO,Male,0,Yes,No,45,Yes,DSL,One year,Bank transfer (automatic),78.8,3597.5,0,0.09842584925686433,0,LOW RISK,2026-08-30 13:02:06
4464-JCOLN,Male,0,Yes,Yes,2,Yes,No,One year,Mailed check,19.85,35.9,1,0.20030567820662193,0,LOW RISK,2026-08-30 13:02:06
2085-JVGAD,Male,0,Yes,No,37,Yes,No,Month-to-month,Bank transfer (automatic),20.35,697.65,0,0.11411758995673014,0,LOW RISK,2026-08-30 13:02:06
5650-VDUDS,Female,0,No,No,4,No,DSL,Month-to-month,Mailed check,24.25,96.05,1,0.7416564504681548,1,HIGH RISK,2026-08-30 13:02:06
8095-WANWK,Female,0,No,No,10,Yes,DSL,Month-to-month,Mailed check,45.25,428.7,0,0.5218947488000715,1,MEDIUM RISK,2026-08-30 13:02:06
3030-ZKIWL,Male,0,No,No,1,Yes,No,Month-to-month,Mailed check,20.05,20.05,0,0.3961338404824328,0,LOW RISK,2026-08-30 13:02:06
9565-FLVCG,Male,0,Yes,Yes,65,Yes,DSL,Two year,Mailed check,69.55,4459.15,0,0.04321689247559942,0,LOW RISK,2026-08-30 13:02:06
8755-OGKNA,Female,0,Yes,Yes,57,Yes,No,Two year,Bank transfer (automatic),19.5,1167.6,0,0.016812030838922416,0,LOW RISK,2026-08-30 13:02:06
2800-VEQXM,Female,0,No,No,3,Yes,Fiber optic,Month-to-month,Mailed check,74.75,238.1,0,0.8182726779188971,1,HIGH RISK,2026-08-30 13:02:06
7538-GWHML,Female,0,No,No,2,Yes,Fiber optic,Month-to-month,Electronic check,69.65,145.15,1,0.8218652731995983,1,HIGH RISK,2026-08-30 13:02:06
5533-RJFTJ,Male,0,No,No,49,No,DSL,Month-to-month,Bank transfer (automatic),30.2,1453.1,0,0.40240130227876786,0,MEDIUM RISK,2026-08-30 13:02:06
3859-CVCET,Female,0,No,No,4,Yes,DSL,Month-to-month,Mailed check,45.65,191.05,1,0.5805367221311132,1,MEDIUM RISK,2026-08-30 13:02:06
0214-JHPFW,Female,0,Yes,No,70,No,DSL,Two year,Bank transfer (automatic),57.8,4039.3,0,0.06226818013036254,0,LOW RISK,2026-08-30 13:02:06
5642-MHDQT,Female,0,Yes,Yes,53,Yes,No,One year,Bank transfer (automatic),19.85,1039.45,0,0.057954882529227154,0,LOW RISK,2026-08-30 13:02:06
3088-FVYWK,Male,0,Yes,Yes,53,Yes,No,Two year,Credit card (automatic),25.55,1336.1,0,0.027591764044686627,0,LOW RISK,2026-08-30 13:02:06
3276-HDUEG,Female,0,No,No,1,Yes,Fiber optic,Month-to-month,Mailed check,75.05,75.05,1,0.863753225976581,1,HIGH RISK,2026-08-30 13:02:06
9092-GDZKO,Male,0,No,No,22,Yes,No,Month-to-month,Credit card (automatic),24.85,493.4,0,0.2639711983334099,0,LOW RISK,2026-08-30 13:02:06
0823-HSCDJ,Male,1,No,No,52,No,DSL,Month-to-month,Electronic check,49.15,2550.9,1,0.6438640748495562,1,MEDIUM RISK,2026-08-30 13:02:06
3729-OWRVL,Male,1,No,No,65,Yes,Fiber optic,Two year,Electronic check,110.35,7246.15,0,0.2616107041718065,0,LOW RISK,2026-08-30 13:02:06
2324-AALNO,Female,0,No,No,48,Yes,No,One year,Bank transfer (automatic),24.55,1203.95,0,0.04999872667410179,0,LOW RISK,2026-08-30 13:02:06
0822-GAVAP,Female,0,No,No,2,No,DSL,Month-to-month,Electronic check,34.7,62.25,1,0.85570291753206,1,HIGH RISK,2026-08-30 13:02:06
5760-IFJOZ,Male,0,No,No,3,Yes,Fiber optic,Month-to-month,Mailed check,107.95,313.6,0,0.8682742909396468,1,HIGH RISK,2026-08-30 13:02:06
2826-UWHIS,Male,0,Yes,No,45,Yes,Fiber optic,Month-to-month,Bank transfer (automatic),81.4,3775.85,0,0.40815801223118775,0,MEDIUM RISK,2026-08-30 13:02:06
1448-PWKYE,Male,0,Yes,Yes,1,Yes,Fiber optic,Month-to-month,Electronic check,80.0,80.0,1,0.8474753152850028,1,HIGH RISK,2026-08-30 13:02:06
7501-IWUNG,Female,0,Yes,Yes,61,Yes,DSL,Two year,Bank transfer (automatic),73.8,4616.05,0,0.0594899131172076,0,LOW RISK,2026-08-30 13:02:06
4957-TREIR,Male,0,No,No,3,Yes,DSL,Month-to-month,Credit card (automatic),64.4,195.65,0,0.5929147642827383,1,MEDIUM RISK,2026-08-30 13:02:06
7251-LJBQN,Female,1,No,No,40,Yes,Fiber optic,One year,Credit card (automatic),103.75,4188.4,0,0.5232379392789615,1,MEDIUM RISK,2026-08-30 13:02:06
8040-MNRTF,Female,0,No,No,1,Yes,Fiber optic,Month-to-month,Mailed check,71.1,71.1,0,0.7646393904238555,1,HIGH RISK,2026-08-30 13:02:06
1536-HBSWP,Female,0,No,No,1,Yes,DSL,Month-to-month,Electronic check,49.9,49.9,0,0.7014772339459958,1,HIGH RISK,2026-08-30 13:02:06
5313-FPXWG,Male,0,No,No,51,Yes,No,One year,Bank transfer (automatic),24.6,1266.4,0,0.10126622279751787,0,LOW RISK,2026-08-30 13:02:06
0067-DKWBL,Male,1,No,No,2,Yes,DSL,Month-to-month,Electronic check,49.25,91.1,1,0.7145942928218705,1,HIGH RISK,2026-08-30 13:02:06
0946-FKYTX,Male,0,No,No,52,No,DSL,One year,Mailed check,30.1,1623.4,0,0.15669049602609927,0,LOW RISK,2026-08-30 13:02:06
5076-YVXCM,Male,0,No,No,51,Yes,Fiber optic,Month-to-month,Bank transfer (automatic),83.4,4149.45,0,0.5903318088660201,1,MEDIUM RISK,2026-08-30 13:02:06
8262-COGGB,Male,0,No,No,1,Yes,No,Month-to-month,Mailed check,20.45,20.45,0,0.47929983451177594,0,MEDIUM RISK,2026-08-30 13:02:06
6663-JOCQO,Male,0,Yes,Yes,31,Yes,DSL,One year,Bank transfer (automatic),75.25,2344.5,0,0.12770868214600226,0,LOW RISK,2026-08-30 13:02:06
9620-QJREV,Male,0,No,Yes,47,Yes,No,One year,Credit card (automatic),20.55,1013.05,0,0.03264124474258224,0,LOW RISK,2026-08-30 13:02:06
2276-YDAVZ,Female,0,No,No,3,Yes,Fiber optic,Month-to-month,Credit card (automatic),75.1,270.7,1,0.8598483150288098,1,HIGH RISK,2026-08-30 13:02:06
2682-KEVRP,Female,1,No,No,22,Yes,No,One year,Mailed check,20.05,417.0,0,0.12738781745577651,0,LOW RISK,2026-08-30 13:02:06
2480-JZOSN,Female,0,Yes,No,1,Yes,No,Month-to-month,Mailed check,20.65,20.65,0,0.48054020860695335,0,MEDIUM RISK,2026-08-30 13:02:06
0078-XZMHT,Male,0,Yes,No,72,Yes,DSL,Two year,Bank transfer (automatic),85.15,6316.2,0,0.06171398454004705,0,LOW RISK,2026-08-30 13:02:06
5896-NPFWW,Male,0,Yes,Yes,3,Yes,DSL,Month-to-month,Electronic check,50.15,168.15,1,0.7197145909629479,1,HIGH RISK,2026-08-30 13:02:06
9978-HYCIN,Male,1,Yes,Yes,47,Yes,Fiber optic,One year,Bank transfer (automatic),84.95,4018.05,0,0.29391416482490695,0,LOW RISK,2026-08-30 13:02:06
8338-QIUNR,Male,0,Yes,Yes,72,Yes,DSL,Two year,Credit card (automatic),66.5,4811.6,0,0.020445870577475586,0,LOW RISK,2026-08-30 13:02:06
1525-LNLOJ,Male,0,Yes,Yes,66,Yes,DSL,Two year,Bank transfer (automatic),63.3,4189.7,0,0.08632230417576096,0,LOW RISK,2026-08-30 13:02:06
9450-TRJUU,Male,0,No,No,35,Yes,Fiber optic,Month-to-month,Electronic check,83.15,2848.45,0,0.6918605052054078,1,MEDIUM RISK,2026-08-30 13:02:06
1766-GKNMI,Male,0,No,No,29,Yes,Fiber optic,Month-to-month,Electronic check,84.9,2516.2,0,0.7961322094894524,1,HIGH RISK,2026-08-30 13:02:06
6942-LBFDP,Female,0,No,No,2,Yes,No,Month-to-month,Mailed check,20.55,33.6,0,0.4591986868717923,0,MEDIUM RISK,2026-08-30 13:02:06
1456-TWCGB,Male,0,No,No,4,Yes,DSL,Month-to-month,Mailed check,49.25,208.45,0,0.5624319822252595,1,MEDIUM RISK,2026-08-30 13:02:06
7133-VBDCG,Female,0,No,No,25,Yes,Fiber optic,Month-to-month,Bank transfer (automatic),79.85,2015.35,1,0.48764145276675197,0,MEDIUM RISK,2026-08-30 13:02:06
7596-ZYWBB,Female,0,No,No,65,Yes,DSL,Two year,Mailed check,59.6,3739.8,0,0.027305931966132315,0,LOW RISK,2026-08-30 13:02:06
8329-UTMVM,Male,1,No,No,27,Yes,Fiber optic,One year,Bank transfer (automatic),104.65,2964.0,0,0.5995299236140204,1,MEDIUM RISK,2026-08-30 13:02:06
3014-WJKSM,Male,0,Yes,No,29,Yes,Fiber optic,Month-to-month,Credit card (automatic),75.3,2263.4,0,0.5998086824447015,1,MEDIUM RISK,2026-08-30 13:02:06
3347-YJZZE,Male,0,Yes,Yes,29,Yes,DSL,Month-to-month,Credit card (automatic),80.1,2211.8,0,0.38460547111493376,0,LOW RISK,2026-08-30 13:02:06
1029-QFBEN,Male,0,No,No,1,Yes,No,Month-to-month,Mailed check,19.55,19.55,1,0.3983127564509888,0,LOW RISK,2026-08-30 13:02:06
7929-DMBCV,Female,0,Yes,No,20,Yes,Fiber optic,Month-to-month,Mailed check,81.0,1683.7,0,0.5557978115972299,1,MEDIUM RISK,2026-08-30 13:02:06
9661-JALZV,Female,0,No,No,58,Yes,No,Two year,Credit card (automatic),24.7,1519.0,0,0.03786443067805153,0,LOW RISK,2026-08-30 13:02:06
5433-KYGHE,Female,0,No,Yes,14,Yes,Fiber optic,Month-to-month,Mailed check,86.0,1164.05,0,0.5226982061127123,1,MEDIUM RISK,2026-08-30 13:02:06
4312-KFRXN,Male,0,Yes,No,72,Yes,No,Two year,Mailed check,25.4,1710.9,0,0.016584430992128453,0,LOW RISK,2026-08-30 13:02:06
5575-TPIZQ,Male,0,No,No,46,Yes,Fiber optic,Month-to-month,Credit card (automatic),89.15,4245.55,0,0.5125275282376349,1,MEDIUM RISK,2026-08-30 13:02:06
0114-IGABW,Female,0,Yes,No,71,No,DSL,Two year,Bank transfer (automatic),58.25,4145.9,0,0.05986969800201915,0,LOW RISK,2026-08-30 13:02:06
9944-AEXBM,Male,0,No,No,32,Yes,Fiber optic,Month-to-month,Bank transfer (automatic),85.65,2664.3,0,0.6994863676503426,1,MEDIUM RISK,2026-08-30 13:02:06
1853-ARAAQ,Female,0,No,No,26,No,DSL,Month-to-month,Credit card (automatic),50.35,1277.5,0,0.6507836493454329,1,MEDIUM RISK,2026-08-30 13:02:06
6952-OMNWB,Male,1,Yes,No,68,Yes,Fiber optic,Month-to-month,Credit card (automatic),80.35,5589.3,0,0.5011852042556366,1,MEDIUM RISK,2026-08-30 13:02:06
4697-LUPSU,Male,0,Yes,Yes,2,Yes,No,One year,Mailed check,20.2,34.75,0,0.1987540078885726,0,LOW RISK,2026-08-30 13:02:06
8434-VGEQQ,Male,0,Yes,Yes,61,Yes,No,Two year,Credit card (automatic),20.55,1305.95,0,0.014990643674194684,0,LOW RISK,2026-08-30 13:02:06
4952-YSOGZ,Female,0,Yes,Yes,4,Yes,Fiber optic,Month-to-month,Electronic check,85.95,381.3,1,0.9045925138034872,1,HIGH RISK,2026-08-30 13:02:06
1589-AGTLK,Male,0,No,No,3,Yes,DSL,Month-to-month,Electronic check,45.35,141.5,1,0.7482545120232824,1,HIGH RISK,2026-08-30 13:02:06
5244-IRFIH,Male,1,Yes,No,33,Yes,Fiber optic,Month-to-month,Electronic check,94.5,3105.55,1,0.8510300287117754,1,HIGH RISK,2026-08-30 13:02:06
6549-YMFAW,Male,1,Yes,No,9,Yes,No,Month-to-month,Mailed check,21.25,204.55,0,0.4481584531291293,0,MEDIUM RISK,2026-08-30 13:02:06
4950-HKQTE,Female,0,No,No,22,Yes,No,Two year,Mailed check,26.25,605.9,0,0.05103451221147001,0,LOW RISK,2026-08-30 13:02:06
6786-OBWQR,Female,0,Yes,Yes,5,Yes,Fiber optic,Month-to-month,Electronic check,80.85,356.1,0,0.860095638582543,1,HIGH RISK,2026-08-30 13:02:06
2684-EIWEO,Female,1,No,No,30,Yes,Fiber optic,Month-to-month,Credit card (automatic),91.7,2758.15,1,0.48370166394581543,0,MEDIUM RISK,2026-08-30 13:02:06
2753-JMMCV,Male,0,No,No,65,Yes,DSL,Two year,Credit card (automatic),74.2,4805.65,0,0.05666910562468702,0,LOW RISK,2026-08-30 13:02:06
6439-GTPCA,Female,0,No,No,45,Yes,Fiber optic,Month-to-month,Electronic check,87.25,3941.7,1,0.5373324093721105,1,MEDIUM RISK,2026-08-30 13:02:06
6621-YOBKI,Male,0,No,No,5,Yes,No,Month-to-month,Mailed check,20.35,92.75,0,0.356484272112595,0,LOW RISK,2026-08-30 13:02:06
1216-JWVUX,Male,0,Yes,Yes,25,Yes,Fiber optic,Month-to-month,Electronic check,75.5,1901.05,0,0.6338364281237885,1,MEDIUM RISK,2026-08-30 13:02:06
7564-GHCVB,Female,0,Yes,Yes,72,Yes,Fiber optic,Two year,Bank transfer (automatic),79.05,5730.7,0,0.05613363414131489,0,LOW RISK,2026-08-30 13:02:06
1173-NOEYG,Female,0,Yes,No,27,Yes,Fiber optic,Month-to-month,Bank transfer (automatic),90.15,2423.4,0,0.6687496087406868,1,MEDIUM RISK,2026-08-30 13:02:06
7595-EHCDL,Male,0,Yes,Yes,32,No,DSL,Month-to-month,Credit card (automatic),50.6,1653.45,0,0.47704840492352224,0,MEDIUM RISK,2026-08-30 13:02:06
6647-ZEDXT,Female,0,No,No,30,Yes,Fiber optic,One year,Credit card (automatic),110.45,3327.05,0,0.4449836438625251,0,MEDIUM RISK,2026-08-30 13:02:06
2521-NPUZR,Male,0,Yes,No,70,Yes,Fiber optic,Two year,Credit card (automatic),101.0,7085.5,0,0.055870006344904966,0,LOW RISK,2026-08-30 13:02:06
1307-TVUFB,Male,1,No,No,42,Yes,Fiber optic,Month-to-month,Bank transfer (automatic),79.35,3344.1,0,0.5568301657222893,1,MEDIUM RISK,2026-08-30 13:02:06
7503-MIOGA,Female,1,Yes,No,72,Yes,DSL,Two year,Bank transfer (automatic),89.85,6697.35,0,0.05074547450781285,0,LOW RISK,2026-08-30 13:02:06
4381-MHQDC,Female,0,No,No,47,Yes,DSL,Two year,Mailed check,65.0,2879.9,0,0.03567060979891847,0,LOW RISK,2026-08-30 13:02:06
6923-JHPMP,Female,0,No,No,2,Yes,Fiber optic,Month-to-month,Electronic check,80.45,137.1,0,0.8095628898032582,1,HIGH RISK,2026-08-30 13:02:06
5138-WVKYJ,Male,0,No,No,10,Yes,Fiber optic,Month-to-month,Electronic check,98.55,1008.55,1,0.8648776293377173,1,HIGH RISK,2026-08-30 13:02:06
4018-PPNDW,Female,0,Yes,Yes,61,Yes,No,Two year,Mailed check,24.1,1551.6,0,0.0291653728347275,0,LOW RISK,2026-08-30 13:02:06
1635-FJFCC,Female,0,No,No,5,Yes,DSL,Month-to-month,Credit card (automatic),44.05,202.15,0,0.651339160077057,1,MEDIUM RISK,2026-08-30 13:02:06
2499-AJYUA,Female,1,Yes,No,72,Yes,Fiber optic,Two year,Credit card (automatic),110.8,7882.25,0,0.19521964986594134,0,LOW RISK,2026-08-30 13:02:06
6919-ELBGL,Male,1,Yes,Yes,72,Yes,Fiber optic,Two year,Bank transfer (automatic),114.95,8196.4,0,0.12235131677541895,0,LOW RISK,2026-08-30 13:02:06
3966-HRMZA,Female,1,No,No,3,Yes,Fiber optic,Month-to-month,Mailed check,75.05,202.9,0,0.7808411135551102,1,HIGH RISK,2026-08-30 13:02:06
6425-JWTDV,Male,0,Yes,No,48,Yes,No,Two year,Mailed check,19.25,855.1,0,0.018850797145181654,0,LOW RISK,2026-08-30 13:02:06
8405-IGQFX,Female,0,No,No,63,Yes,Fiber optic,One year,Credit card (automatic),90.05,5817.0,0,0.2618138127021812,0,LOW RISK,2026-08-30 13:02:06
8224-IVVPA,Female,0,No,No,27,Yes,DSL,Month-to-month,Mailed check,56.7,1652.95,0,0.29337201402654817,0,LOW RISK,2026-08-30 13:02:06
9477-LGWQI,Male,0,Yes,Yes,70,Yes,DSL,Two year,Credit card (automatic),80.15,5600.15,0,0.03701160796091093,0,LOW RISK,2026-08-30 13:02:06
1410-RSCMR,Male,0,Yes,Yes,7,Yes,DSL,Month-to-month,Credit card (automatic),71.35,515.75,0,0.4342806738966684,0,MEDIUM RISK,2026-08-30 13:02:06
3115-CZMZD,Male,0,No,Yes,0,Yes,No,Two year,Mailed check,20.25,0.0,0,0.0994579954564608,0,LOW RISK,2026-08-30 13:02:06
0139-IVFJG,Female,0,Yes,No,2,Yes,Fiber optic,Month-to-month,Electronic check,90.35,190.5,0,0.7946222834343359,1,HIGH RISK,2026-08-30 13:02:06
6683-VLCTZ,Male,1,No,No,20,Yes,Fiber optic,Month-to-month,Electronic check,98.55,1842.8,1,0.8750345168618912,1,HIGH RISK,2026-08-30 13:02:06
5730-DBDSI,Male,0,No,No,66,Yes,No,Two year,Bank transfer (automatic),19.7,1253.8,0,0.014293666294343753,0,LOW RISK,2026-08-30 13:02:06
0030-FNXPP,Female,0,No,No,3,Yes,No,Month-to-month,Mailed check,19.85,57.2,0,0.3715977076248675,0,LOW RISK,2026-08-30 13:02:06
2189-WWOEW,Female,0,No,Yes,15,Yes,Fiber optic,Month-to-month,Bank transfer (automatic),85.9,1269.55,1,0.636379647062937,1,MEDIUM RISK,2026-08-30 13:02:06
5684-FJVYR,Female,0,Yes,Yes,72,Yes,Fiber optic,Two year,Bank transfer (automatic),90.35,6563.4,0,0.053715073873861464,0,LOW RISK,2026-08-30 13:02:06
4013-GUXND,Male,0,No,No,1,Yes,No,Month-to-month,Mailed check,20.8,20.8,0,0.3928732068061972,0,LOW RISK,2026-08-30 13:02:06
1894-IGFSG,Female,0,No,No,22,Yes,Fiber optic,Month-to-month,Electronic check,89.25,1907.85,1,0.7353992848203862,1,HIGH RISK,2026-08-30 13:02:06
7379-POKDZ,Male,0,Yes,No,3,Yes,Fiber optic,Month-to-month,Electronic check,70.3,208.85,1,0.8669714381667393,1,HIGH RISK,2026-08-30 13:02:06
1266-NZYUI,Female,0,Yes,Yes,72,Yes,DSL,Two year,Bank transfer (automatic),66.85,4758.8,0,0.013584129660628417,0,LOW RISK,2026-08-30 13:02:06
7969-FFOWG,Male,0,Yes,Yes,65,Yes,No,Two year,Mailed check,19.9,1292.6,0,0.01308635441398147,0,LOW RISK,2026-08-30 13:02:06
4718-DHSMV,Female,0,No,No,11,No,DSL,Month-to-month,Mailed check,35.8,363.15,0,0.7394418133678261,1,HIGH RISK,2026-08-30 13:02:06
5175-WLYXL,Male,0,No,No,22,Yes,Fiber optic,Month-to-month,Mailed check,78.85,1600.25,0,0.6424752084958192,1,MEDIUM RISK,2026-08-30 13:02:06
7817-OMJNA,Male,0,No,No,14,Yes,No,One year,Bank transfer (automatic),20.4,275.7,0,0.10505140648504803,0,LOW RISK,2026-08-30 13:02:06
8728-SKJLR,Male,0,No,No,41,Yes,Fiber optic,Month-to-month,Electronic check,74.25,3089.1,0,0.5083947593136687,1,MEDIUM RISK,2026-08-30 13:02:06
3137-NYQQI,Male,0,Yes,No,17,Yes,DSL,One year,Mailed check,64.8,1175.6,0,0.15346525665530636,0,LOW RISK,2026-08-30 13:02:06
7706-DZNKK,Male,0,No,No,11,Yes,No,Month-to-month,Credit card (automatic),20.45,237.3,0,0.38097524110283626,0,LOW RISK,2026-08-30 13:02:06
0236-HFWSV,Male,0,No,No,15,Yes,Fiber optic,Month-to-month,Electronic check,93.35,1444.65,1,0.8797388555880415,1,HIGH RISK,2026-08-30 13:02:06
3900-AQPHZ,Female,0,No,No,1,Yes,No,Month-to-month,Mailed check,19.9,19.9,1,0.3905608352762067,0,LOW RISK,2026-08-30 13:02:06
5842-POCOP,Female,0,Yes,No,5,Yes,Fiber optic,Month-to-month,Mailed check,88.9,454.15,1,0.8056013856718738,1,HIGH RISK,2026-08-30 13:02:06
2037-XJFUP,Male,0,Yes,No,33,Yes,Fiber optic,One year,Electronic check,95.8,3036.75,1,0.6237887070829795,1,MEDIUM RISK,2026-08-30 13:02:06
8823-RLPWL,Female,0,Yes,No,72,Yes,Fiber optic,Two year,Credit card (automatic),110.65,8065.65,0,0.16231892331609118,0,LOW RISK,2026-08-30 13:02:06
9505-SQFSW,Female,0,Yes,Yes,3,No,DSL,Month-to-month,Mailed check,40.3,92.5,0,0.6698611633200072,1,MEDIUM RISK,2026-08-30 13:02:06
7314-OXENN,Male,0,No,No,2,Yes,Fiber optic,Month-to-month,Electronic check,82.0,184.65,1,0.8870000653286637,1,HIGH RISK,2026-08-30 13:02:06
3758-CKOQL,Female,0,Yes,No,59,Yes,Fiber optic,One year,Credit card (automatic),107.0,6152.3,0,0.2592586281759304,0,LOW RISK,2026-08-30 13:02:06
0322-CHQRU,Male,0,No,No,2,Yes,DSL,Month-to-month,Electronic check,45.35,89.5,1,0.6840012333891764,1,MEDIUM RISK,2026-08-30 13:02:06
5676-CFLYY,Male,0,Yes,Yes,71,Yes,DSL,Two year,Credit card (automatic),73.35,5154.5,0,0.03847399909014683,0,LOW RISK,2026-08-30 13:02:06
7521-AFHAB,Female,0,Yes,Yes,5,Yes,DSL,Month-to-month,Mailed check,44.8,220.45,0,0.528757318184353,1,MEDIUM RISK,2026-08-30 13:02:06
0285-INHLN,Male,0,Yes,Yes,27,Yes,DSL,Month-to-month,Credit card (automatic),54.75,1510.3,0,0.2632748387290428,0,LOW RISK,2026-08-30 13:02:06
4678-DVQEO,Female,0,No,No,1,Yes,DSL,Month-to-month,Electronic check,52.2,52.2,1,0.6926380240038341,1,MEDIUM RISK,2026-08-30 13:02:06
5125-CNDSP,Male,0,No,Yes,63,No,DSL,One year,Bank transfer (automatic),40.6,2588.95,0,0.06574760207566124,0,LOW RISK,2026-08-30 13:02:06
0691-IFBQW,Female,1,No,No,46,Yes,Fiber optic,One year,Electronic check,110.0,4874.8,1,0.4999110137424321,0,MEDIUM RISK,2026-08-30 13:02:06
4992-LTJNE,Male,0,Yes,Yes,72,Yes,DSL,Two year,Bank transfer (automatic),55.3,3983.6,0,0.024814852765078745,0,LOW RISK,2026-08-30 13:02:06
2202-OUTMO,Female,0,Yes,No,34,Yes,DSL,Month-to-month,Bank transfer (automatic),60.85,2003.6,0,0.2661035904923253,0,LOW RISK,2026-08-30 13:02:06
0810-BDHAW,Female,0,Yes,Yes,24,Yes,DSL,One year,Electronic check,78.4,1832.4,0,0.22413467368598905,0,LOW RISK,2026-08-30 13:02:06
0229-LFJAF,Male,0,No,No,72,Yes,DSL,Two year,Bank transfer (automatic),69.65,4908.25,0,0.015280413523994748,0,LOW RISK,2026-08-30 13:02:06
7131-ZQZNK,Female,0,Yes,Yes,60,No,DSL,Two year,Credit card (automatic),59.85,3590.2,0,0.0576632381575193,0,LOW RISK,2026-08-30 13:02:06
3442-ZHHCC,Male,0,No,No,68,Yes,DSL,One year,Credit card (automatic),76.9,5023.0,0,0.09324843869057425,0,LOW RISK,2026-08-30 13:02:06
5726-CVNYA,Female,0,Yes,Yes,8,Yes,No,Two year,Mailed check,19.85,146.6,0,0.11010566111063595,0,LOW RISK,2026-08-30 13:02:06
9871-ELEYA,Female,0,No,Yes,34,Yes,DSL,Two year,Credit card (automatic),67.65,2339.3,0,0.03403915402668288,0,LOW RISK,2026-08-30 13:02:06
4257-GAESD,Female,0,No,No,6,No,DSL,Month-to-month,Credit card (automatic),45.0,298.7,0,0.7751169123353897,1,HIGH RISK,2026-08-30 13:02:06
5173-WXOQV,Male,0,Yes,No,2,Yes,DSL,Month-to-month,Mailed check,64.2,143.65,0,0.6806408303845453,1,MEDIUM RISK,2026-08-30 13:02:06
2040-OBMLJ,Male,0,No,No,31,Yes,Fiber optic,One year,Credit card (automatic),81.7,2548.65,0,0.30743247803751744,0,LOW RISK,2026-08-30 13:02:06
6286-ZHAOK,Female,0,Yes,Yes,20,Yes,No,Month-to-month,Bank transfer (automatic),25.55,507.4,0,0.2346327129116911,0,LOW RISK,2026-08-30 13:02:06
3807-XHCJH,Female,0,Yes,Yes,1,Yes,No,Month-to-month,Electronic check,20.0,20.0,0,0.4321079364486601,0,MEDIUM RISK,2026-08-30 13:02:06
3009-JWMPU,Male,0,No,No,62,Yes,Fiber optic,One year,Electronic check,96.75,6125.4,1,0.5932941833822877,1,MEDIUM RISK,2026-08-30 13:02:06
5671-RQRLP,Female,1,Yes,No,70,Yes,Fiber optic,Two year,Credit card (automatic),75.65,5411.4,0,0.15934019782192538,0,LOW RISK,2026-08-30 13:02:06
1450-GALXR,Female,0,No,No,10,Yes,Fiber optic,Month-to-month,Electronic check,98.5,1058.25,1,0.9074476759483037,1,HIGH RISK,2026-08-30 13:02:06
8859-AXJZP,Male,0,Yes,Yes,39,Yes,No,Two year,Mailed check,23.8,903.8,0,0.041569454118941765,0,LOW RISK,2026-08-30 13:02:06
3174-AKMAS,Female,0,Yes,No,46,Yes,DSL,Two year,Credit card (automatic),64.2,3009.5,0,0.06581231086877776,0,LOW RISK,2026-08-30 13:02:06
3138-BKYAV,Male,0,No,No,6,Yes,Fiber optic,Month-to-month,Electronic check,85.35,489.45,1,0.8683517258514841,1,HIGH RISK,2026-08-30 13:02:06
9926-PJHDQ,Female,0,Yes,Yes,72,Yes,DSL,Two year,Bank transfer (automatic),76.8,5468.45,0,0.06709458613680369,0,LOW RISK,2026-08-30 13:02:06
7382-DFJTU,Male,0,No,No,18,Yes,DSL,Month-to-month,Credit card (automatic),55.2,1058.1,0,0.3019151101492646,0,LOW RISK,2026-08-30 13:02:06
2798-NYLMZ,Male,0,Yes,No,71,Yes,Fiber optic,Two year,Credit card (automatic),108.55,7616.0,0,0.15091156506913586,0,LOW RISK,2026-08-30 13:02:06
4289-DTDKW,Male,0,Yes,No,40,Yes,Fiber optic,Month-to-month,Electronic check,101.3,4113.1,1,0.7683035385840813,1,HIGH RISK,2026-08-30 13:02:06
1820-TQVEV,Male,0,No,No,1,Yes,Fiber optic,Month-to-month,Electronic check,69.55,69.55,1,0.8731190220346932,1,HIGH RISK,2026-08-30 13:02:06
2239-JALAW,Male,0,No,No,58,Yes,Fiber optic,One year,Bank transfer (automatic),103.25,6017.65,1,0.49367081525683454,0,MEDIUM RISK,2026-08-30 13:02:06
4853-RULSV,Male,0,No,No,70,Yes,Fiber optic,Two year,Credit card (automatic),104.0,7250.15,1,0.14704077289894574,0,LOW RISK,2026-08-30 13:02:06
8098-TDCBU,Female,0,Yes,No,42,Yes,No,Two year,Electronic check,25.25,1108.2,0,0.044006134325222546,0,LOW RISK,2026-08-30 13:02:06
3551-GAEGL,Male,0,Yes,Yes,34,No,DSL,One year,Bank transfer (automatic),30.4,938.65,0,0.12047414501192343,0,LOW RISK,2026-08-30 13:02:06
4785-NKHCX,Male,1,No,No,5,Yes,No,Month-to-month,Bank transfer (automatic),20.05,94.15,0,0.3852564810685433,0,LOW RISK,2026-08-30 13:02:06
3196-NVXLZ,Female,0,No,No,25,Yes,Fiber optic,Month-to-month,Mailed check,84.6,2088.05,0,0.7494374007557009,1,HIGH RISK,2026-08-30 13:02:06
6275-YDUVO,Female,0,No,No,2,Yes,Fiber optic,Month-to-month,Mailed check,86.2,178.7,1,0.8613526124252616,1,HIGH RISK,2026-08-30 13:02:06
0036-IHMOT,Female,0,Yes,Yes,55,Yes,Fiber optic,One year,Bank transfer (automatic),103.7,5656.75,0,0.325336463454793,0,LOW RISK,2026-08-30 13:02:06
0115-TFERT,Male,0,Yes,No,21,Yes,Fiber optic,Month-to-month,Electronic check,111.2,2317.1,1,0.7958509751204748,1,HIGH RISK,2026-08-30 13:02:06
4178-EGMON,Male,0,Yes,No,70,Yes,Fiber optic,Two year,Credit card (automatic),88.0,5986.45,0,0.07443680098562062,0,LOW RISK,2026-08-30 13:02:06
4220-TINQT,Female,0,Yes,No,61,Yes,Fiber optic,Month-to-month,Electronic check,106.35,6751.35,0,0.6989299943399422,1,MEDIUM RISK,2026-08-30 13:02:06
5318-YKDPV,Male,0,Yes,Yes,43,Yes,DSL,Two year,Credit card (automatic),79.15,3566.6,0,0.0513884707831897,0,LOW RISK,2026-08-30 13:02:06
7975-TZMLR,Male,0,No,No,47,Yes,Fiber optic,One year,Electronic check,103.1,4889.3,0,0.5616996404332864,1,MEDIUM RISK,2026-08-30 13:02:06
0295-QVKPB,Male,0,No,No,5,Yes,DSL,Month-to-month,Credit card (automatic),63.95,318.1,0,0.6656671112786369,1,MEDIUM RISK,2026-08-30 13:02:06
4335-BSMJS,Female,0,No,No,62,Yes,No,Two year,Credit card (automatic),25.8,1563.95,0,0.03163767858159837,0,LOW RISK,2026-08-30 13:02:06
2311-QYMUQ,Female,0,Yes,Yes,16,Yes,Fiber optic,Month-to-month,Credit card (automatic),89.45,1430.25,1,0.6483748790208529,1,MEDIUM RISK,2026-08-30 13:02:06
3643-AHCFP,Male,1,Yes,No,7,Yes,Fiber optic,Month-to-month,Bank transfer (automatic),95.6,644.35,1,0.9168196482887074,1,HIGH RISK,2026-08-30 13:02:06
9146-JRIOX,Female,0,Yes,Yes,14,Yes,No,Month-to-month,Mailed check,25.55,372.45,0,0.22381325374198777,0,LOW RISK,2026-08-30 13:02:06
3104-OWCGK,Male,0,Yes,Yes,60,Yes,Fiber optic,One year,Electronic check,90.95,5453.4,1,0.2820695032557107,0,LOW RISK,2026-08-30 13:02:06
5337-IIWKZ,Male,0,Yes,Yes,34,No,DSL,Month-to-month,Electronic check,44.85,1442.6,0,0.4815556071099859,0,MEDIUM RISK,2026-08-30 13:02:06
9101-BWFSS,Female,0,Yes,No,50,Yes,Fiber optic,One year,Electronic check,108.55,5610.7,1,0.41839531555463844,0,MEDIUM RISK,2026-08-30 13:02:06
9650-VBUOG,Male,0,Yes,Yes,38,Yes,No,Two year,Credit card (automatic),25.05,963.95,0,0.030025318479089052,0,LOW RISK,2026-08-30 13:02:06
3487-EARAT,Female,0,Yes,Yes,70,Yes,DSL,One year,Credit card (automatic),74.1,5222.3,0,0.03170962248043159,0,LOW RISK,2026-08-30 13:02:06
2672-TGEFF,Female,0,Yes,Yes,37,Yes,Fiber optic,Month-to-month,Electronic check,88.8,3340.55,0,0.6832768534950024,1,MEDIUM RISK,2026-08-30 13:02:06
9231-ZJYAM,Female,1,No,No,4,Yes,Fiber optic,Month-to-month,Electronic check,78.85,292.8,1,0.9039519665009917,1,HIGH RISK,2026-08-30 13:02:06
4250-WAROZ,Male,1,Yes,Yes,60,Yes,Fiber optic,Month-to-month,Electronic check,93.25,5774.55,0,0.5839099411557658,1,MEDIUM RISK,2026-08-30 13:02:06
8184-WMOFI,Male,0,Yes,Yes,62,Yes,DSL,One year,Credit card (automatic),71.4,4487.3,0,0.04644971744120566,0,LOW RISK,2026-08-30 13:02:06
6982-SSHFK,Male,0,No,No,1,Yes,DSL,Month-to-month,Mailed check,44.4,44.4,1,0.6175833697959726,1,MEDIUM RISK,2026-08-30 13:02:06
6092-QZVPP,Male,0,No,No,36,Yes,DSL,Month-to-month,Credit card (automatic),79.2,2854.95,0,0.27382571219833424,0,LOW RISK,2026-08-30 13:02:06
4625-LAMOB,Male,0,No,No,44,Yes,No,Two year,Credit card (automatic),20.4,905.55,0,0.0207640590873355,0,LOW RISK,2026-08-30 13:02:06
0727-BMPLR,Female,1,No,No,55,Yes,Fiber optic,One year,Electronic check,100.0,5509.3,1,0.6672323625199164,1,MEDIUM RISK,2026-08-30 13:02:06
0392-BZIUW,Female,0,Yes,No,72,Yes,Fiber optic,Two year,Credit card (automatic),105.0,7589.8,0,0.1780684590896955,0,LOW RISK,2026-08-30 13:02:06
1038-ZAGBI,Female,0,Yes,Yes,12,Yes,No,One year,Bank transfer (automatic),19.8,229.6,1,0.13662181902686904,0,LOW RISK,2026-08-30 13:02:06
6549-NNDYT,Female,0,No,No,13,No,DSL,Month-to-month,Bank transfer (automatic),30.85,394.1,0,0.462122672932976,0,MEDIUM RISK,2026-08-30 13:02:06
3027-ZTDHO,Male,0,No,No,1,Yes,Fiber optic,Month-to-month,Electronic check,89.9,89.9,1,0.9264416547668639,1,HIGH RISK,2026-08-30 13:02:06
0422-OHQHQ,Female,0,Yes,Yes,15,Yes,No,One year,Mailed check,20.55,295.95,0,0.08775081127050548,0,LOW RISK,2026-08-30 13:02:06
6916-HIJSE,Female,0,No,No,65,Yes,DSL,Two year,Bank transfer (automatic),84.85,5459.2,0,0.038111426303416004,0,LOW RISK,2026-08-30 13:02:06
2316-ESMLS,Female,0,Yes,Yes,12,No,DSL,One year,Credit card (automatic),33.15,444.75,0,0.23985905754097964,0,LOW RISK,2026-08-30 13:02:06
9778-OGKQZ,Male,0,Yes,No,72,Yes,DSL,Two year,Credit card (automatic),92.0,6782.15,0,0.044279955599075015,0,LOW RISK,2026-08-30 13:02:06
7408-OFWXJ,Female,0,Yes,Yes,72,Yes,DSL,Two year,Credit card (automatic),89.8,6510.45,0,0.02568784863185576,0,LOW RISK,2026-08-30 13:02:06
6007-TCTST,Female,0,Yes,Yes,72,Yes,Fiber optic,Two year,Bank transfer (automatic),115.8,8476.5,0,0.10455125518137824,0,LOW RISK,2026-08-30 13:02:06
2252-NKNSI,Male,0,No,Yes,52,Yes,DSL,Two year,Mailed check,85.15,4461.85,0,0.06873468164975687,0,LOW RISK,2026-08-30 13:02:06
8713-IGZSO,Male,0,No,No,2,Yes,No,Month-to-month,Mailed check,24.85,62.0,0,0.4672609116982943,0,MEDIUM RISK,2026-08-30 13:02:06
7905-TVXTA,Female,0,No,No,5,Yes,DSL,Month-to-month,Electronic check,64.35,352.65,0,0.6600127800278582,1,MEDIUM RISK,2026-08-30 13:02:06
7695-PKLCZ,Female,0,No,No,68,Yes,No,Two year,Credit card (automatic),20.5,1424.9,0,0.013245790013595172,0,LOW RISK,2026-08-30 13:02:06
2382-BCKQJ,Female,0,No,Yes,62,Yes,Fiber optic,One year,Electronic check,100.15,6413.65,1,0.5245470204058504,1,MEDIUM RISK,2026-08-30 13:02:06
8374-UULRV,Male,0,No,No,72,Yes,DSL,Two year,Credit card (automatic),86.05,6309.65,0,0.03005329402094886,0,LOW RISK,2026-08-30 13:02:06
2207-NHRJK,Male,0,No,No,1,Yes,DSL,Month-to-month,Electronic check,50.8,50.8,1,0.6626498588583255,1,MEDIUM RISK,2026-08-30 13:02:06
3224-DFQNQ,Female,0,Yes,No,66,Yes,Fiber optic,One year,Electronic check,89.0,5898.6,0,0.16966662131154953,0,LOW RISK,2026-08-30 13:02:06
5275-PMFUT,Male,0,Yes,Yes,72,No,DSL,Two year,Credit card (automatic),64.8,4719.75,0,0.03581664725439816,0,LOW RISK,2026-08-30 13:02:06
4795-UXVCJ,Male,0,No,No,26,Yes,No,One year,Credit card (automatic),19.8,457.3,0,0.08498543900911998,0,LOW RISK,2026-08-30 13:02:06
9777-IQHWP,Male,0,Yes,Yes,64,Yes,Fiber optic,Two year,Bank transfer (automatic),93.4,5822.3,0,0.10527394015229255,0,LOW RISK,2026-08-30 13:02:06
0947-MUGVO,Male,1,Yes,No,20,Yes,Fiber optic,Month-to-month,Electronic check,73.65,1463.5,1,0.7163292153962225,1,HIGH RISK,2026-08-30 13:02:06
9944-HKVVB,Female,0,No,No,3,Yes,Fiber optic,Month-to-month,Electronic check,95.1,307.4,1,0.9114648213154946,1,HIGH RISK,2026-08-30 13:02:06
4124-MMETB,Male,0,No,No,22,Yes,Fiber optic,Month-to-month,Credit card (automatic),94.65,2104.55,1,0.7937719555309064,1,HIGH RISK,2026-08-30 13:02:06
3671-SHRSP,Male,0,Yes,No,4,Yes,Fiber optic,Month-to-month,Mailed check,80.6,319.15,1,0.770059519889508,1,HIGH RISK,2026-08-30 13:02:06
0979-MOZQI,Male,0,Yes,No,62,No,DSL,Two year,Bank transfer (automatic),39.0,2337.45,0,0.08664116300968099,0,LOW RISK,2026-08-30 13:02:06
2732-ISEZX,Female,0,No,No,5,Yes,No,Month-to-month,Mailed check,20.5,104.3,0,0.434087090775395,0,MEDIUM RISK,2026-08-30 13:02:06
3313-QKNKB,Male,0,Yes,No,59,Yes,Fiber optic,One year,Electronic check,85.55,5084.65,1,0.43822430791051603,0,MEDIUM RISK,2026-08-30 13:02:06
0323-XWWTN,Male,0,No,Yes,3,Yes,No,Two year,Mailed check,26.4,121.25,0,0.17243017246368444,0,LOW RISK,2026-08-30 13:02:06
1937-OTUKY,Female,0,Yes,No,72,Yes,Fiber optic,Two year,Bank transfer (automatic),98.2,7015.9,0,0.10288087532232061,0,LOW RISK,2026-08-30 13:02:06
1573-LGXBA,Male,0,Yes,Yes,57,Yes,Fiber optic,One year,Credit card (automatic),97.55,5598.0,0,0.39082503392715956,0,LOW RISK,2026-08-30 13:02:06
1764-VUUMT,Male,0,No,Yes,66,Yes,No,Two year,Credit card (automatic),19.95,1269.1,0,0.011913738662865303,0,LOW RISK,2026-08-30 13:02:06
5073-WXOYN,Female,0,No,No,60,No,DSL,Month-to-month,Electronic check,50.8,3027.4,1,0.5243011283998177,1,MEDIUM RISK,2026-08-30 13:02:06
4713-ZBURT,Male,0,No,Yes,45,Yes,Fiber optic,Two year,Bank transfer (automatic),99.7,4634.35,0,0.2105788326172525,0,LOW RISK,2026-08-30 13:02:06
3050-GBUSH,Female,0,No,No,3,No,DSL,Month-to-month,Credit card (automatic),34.8,113.95,0,0.7983127297874061,1,HIGH RISK,2026-08-30 13:02:06
0207-MDKNV,Female,0,No,No,15,Yes,Fiber optic,Month-to-month,Electronic check,105.1,1582.75,1,0.6535149894095,1,MEDIUM RISK,2026-08-30 13:02:06
7876-AEHIG,Female,0,No,Yes,51,No,DSL,One year,Bank transfer (automatic),60.15,3077.0,0,0.14950894683606328,0,LOW RISK,2026-08-30 13:02:06
7945-HLKEA,Female,0,No,No,60,Yes,DSL,One year,Electronic check,64.75,4039.5,0,0.10878293824690158,0,LOW RISK,2026-08-30 13:02:06
9342-VNIMQ,Male,0,No,No,33,Yes,DSL,Month-to-month,Bank transfer (automatic),54.65,1665.2,0,0.3872552094428738,0,LOW RISK,2026-08-30 13:02:06
9851-KIELU,Male,0,No,No,10,Yes,Fiber optic,Month-to-month,Electronic check,110.1,1043.3,1,0.8084349984107707,1,HIGH RISK,2026-08-30 13:02:06
3523-BRGUW,Male,1,No,No,26,Yes,No,One year,Credit card (automatic),19.3,504.2,0,0.10021251792173776,0,LOW RISK,2026-08-30 13:02:06
3908-BLSYF,Female,0,No,No,6,Yes,Fiber optic,Month-to-month,Electronic check,83.9,497.55,1,0.8474116078022749,1,HIGH RISK,2026-08-30 13:02:06
3199-NPKCN,Female,0,Yes,No,67,Yes,Fiber optic,One year,Electronic check,111.25,7511.65,0,0.381448881813189,0,LOW RISK,2026-08-30 13:02:06
5170-PTRKA,Female,0,Yes,Yes,49,No,DSL,One year,Credit card (automatic),35.8,1782.0,0,0.12251105901376101,0,LOW RISK,2026-08-30 13:02:06
4661-NJEUX,Male,0,No,No,1,Yes,No,Month-to-month,Mailed check,20.05,20.05,0,0.48111701753748753,0,MEDIUM RISK,2026-08-30 13:02:06
2123-AGEEN,Female,1,No,No,7,Yes,Fiber optic,Month-to-month,Electronic check,84.35,609.65,0,0.897500386998371,1,HIGH RISK,2026-08-30 13:02:06
1258-YMZNM,Female,1,No,No,27,Yes,Fiber optic,One year,Bank transfer (automatic),110.5,2857.6,0,0.561504847096264,1,MEDIUM RISK,2026-08-30 13:02:06
0048-LUMLS,Male,0,Yes,Yes,37,Yes,Fiber optic,One year,Credit card (automatic),91.2,3247.55,0,0.3580206807200694,0,LOW RISK,2026-08-30 13:02:06
7549-MYGPK,Female,0,Yes,Yes,63,Yes,Fiber optic,Month-to-month,Electronic check,100.55,6215.35,1,0.4956702413316377,0,MEDIUM RISK,2026-08-30 13:02:06
5898-IGSLP,Male,0,Yes,Yes,31,Yes,Fiber optic,Month-to-month,Electronic check,89.3,2823.0,0,0.46091099047403844,0,MEDIUM RISK,2026-08-30 13:02:06
3804-RVTGV,Male,0,Yes,Yes,50,Yes,Fiber optic,Month-to-month,Bank transfer (automatic),103.85,5017.9,1,0.6865841422195459,1,MEDIUM RISK,2026-08-30 13:02:06
6259-WJQLC,Male,1,No,No,32,Yes,Fiber optic,Month-to-month,Credit card (automatic),81.1,2619.25,0,0.6707997161181132,1,MEDIUM RISK,2026-08-30 13:02:06
9227-LUNBG,Female,0,No,No,1,No,DSL,Month-to-month,Electronic check,24.6,24.6,1,0.7631839748797491,1,HIGH RISK,2026-08-30 13:02:06
7997-EASSD,Female,0,Yes,No,63,Yes,Fiber optic,One year,Credit card (automatic),81.2,4965.1,0,0.2521732745324701,0,LOW RISK,2026-08-30 13:02:06
0730-KOAVE,Male,0,No,No,30,Yes,Fiber optic,Month-to-month,Credit card (automatic),94.3,2679.7,0,0.6158166915590619,1,MEDIUM RISK,2026-08-30 13:02:06
8975-SKGRX,Male,0,Yes,No,71,Yes,Fiber optic,Two year,Bank transfer (automatic),116.1,8310.55,0,0.13148409090676272,0,LOW RISK,2026-08-30 13:02:06
0678-RLHVP,Female,0,No,No,53,Yes,Fiber optic,Two year,Electronic check,105.55,5682.25,0,0.34371773101222164,0,LOW RISK,2026-08-30 13:02:06
4315-MURBD,Female,0,No,No,12,Yes,Fiber optic,Month-to-month,Bank transfer (automatic),98.9,1120.95,1,0.7469489306454358,1,HIGH RISK,2026-08-30 13:02:06
2267-FPIMA,Male,0,Yes,No,50,Yes,Fiber optic,Month-to-month,Credit card (automatic),94.4,4914.9,0,0.5892833263491156,1,MEDIUM RISK,2026-08-30 13:02:06
1051-GEJLJ,Female,0,No,No,2,Yes,No,Month-to-month,Mailed check,19.5,27.55,0,0.3780738829999727,0,LOW RISK,2026-08-30 13:02:06
9734-YWGEX,Female,0,No,No,9,Yes,Fiber optic,Month-to-month,Credit card (automatic),98.3,923.5,1,0.8692536239523286,1,HIGH RISK,2026-08-30 13:02:06
2719-BDAQO,Male,0,No,No,17,Yes,Fiber optic,Month-to-month,Electronic check,93.85,1625.65,1,0.7079328188041923,1,HIGH RISK,2026-08-30 13:02:06
5285-MVEHD,Female,0,Yes,No,56,Yes,Fiber optic,One year,Credit card (automatic),105.6,6068.65,0,0.3515697149846031,0,LOW RISK,2026-08-30 13:02:06
0379-DJQHR,Male,0,Yes,Yes,67,Yes,DSL,Two year,Credit card (automatic),81.35,5398.6,0,0.028773872329864544,0,LOW RISK,2026-08-30 13:02:06
0781-LKXBR,Male,1,No,No,9,Yes,Fiber optic,Month-to-month,Electronic check,100.5,918.6,1,0.9395584369025873,1,HIGH RISK,2026-08-30 13:02:06
5543-QDCRY,Male,0,No,No,4,Yes,DSL,Month-to-month,Electronic check,56.4,234.85,0,0.7908348171479964,1,HIGH RISK,2026-08-30 13:02:06
0297-RBCSG,Male,0,No,No,19,Yes,DSL,One year,Bank transfer (automatic),65.35,1231.85,0,0.18817335765962162,0,LOW RISK,2026-08-30 13:02:06
4694-PHWFW,Female,0,No,Yes,8,Yes,No,Month-to-month,Mailed check,19.95,170.9,0,0.28371264974479204,0,LOW RISK,2026-08-30 13:02:06
0835-JKADZ,Female,0,No,No,71,Yes,Fiber optic,Two year,Electronic check,111.25,7984.15,0,0.23134332415267672,0,LOW RISK,2026-08-30 13:02:06
1907-UBQFC,Male,1,No,No,10,Yes,Fiber optic,Month-to-month,Electronic check,72.85,688.65,1,0.8411358545351706,1,HIGH RISK,2026-08-30 13:02:06
7508-SMHXL,Female,1,No,No,15,Yes,Fiber optic,Month-to-month,Credit card (automatic),89.0,1288.3,0,0.716368296869756,1,HIGH RISK,2026-08-30 13:02:06
3865-YIOTT,Male,0,Yes,Yes,72,Yes,Fiber optic,One year,Bank transfer (automatic),106.1,7848.5,0,0.27853464557647606,0,LOW RISK,2026-08-30 13:02:06
5993-BQHEA,Male,0,No,No,12,Yes,No,One year,Credit card (automatic),20.05,267.0,0,0.16761481075178114,0,LOW RISK,2026-08-30 13:02:06
6024-RUGGH,Male,0,Yes,Yes,72,Yes,No,Two year,Bank transfer (automatic),25.2,1798.9,0,0.018335018643314306,0,LOW RISK,2026-08-30 13:02:06
6513-EECDB,Male,1,Yes,No,1,Yes,Fiber optic,Month-to-month,Electronic check,73.55,73.55,1,0.9203328832247126,1,HIGH RISK,2026-08-30 13:02:06
3956-CJUST,Female,1,No,No,23,Yes,Fiber optic,Month-to-month,Bank transfer (automatic),75.4,1643.55,0,0.517951571000346,1,MEDIUM RISK,2026-08-30 13:02:06
4079-WWQQQ,Male,0,No,No,72,No,DSL,Two year,Bank transfer (automatic),65.55,4807.45,0,0.0409319516579824,0,LOW RISK,2026-08-30 13:02:06
6103-BOCOU,Female,0,No,No,26,Yes,Fiber optic,Month-to-month,Electronic check,80.7,2193.0,0,0.7550080598279764,1,HIGH RISK,2026-08-30 13:02:06
5149-TGWDZ,Female,0,No,No,21,Yes,Fiber optic,One year,Mailed check,104.55,2239.4,0,0.48478360391879366,0,MEDIUM RISK,2026-08-30 13:02:06
7471-WNSUF,Male,0,Yes,No,60,Yes,No,One year,Bank transfer (automatic),24.15,1505.9,0,0.05554392469501049,0,LOW RISK,2026-08-30 13:02:06
8942-DBMHZ,Male,0,No,No,12,Yes,No,Month-to-month,Mailed check,20.45,255.35,0,0.29808743686474737,0,LOW RISK,2026-08-30 13:02:06
4301-VVZKA,Male,0,Yes,No,16,Yes,Fiber optic,Month-to-month,Electronic check,75.4,1189.4,0,0.7873501947865869,1,HIGH RISK,2026-08-30 13:02:06
9199-PWQVC,Female,0,Yes,No,63,Yes,DSL,One year,Credit card (automatic),79.7,4786.15,0,0.14711622797232285,0,LOW RISK,2026-08-30 13:02:06
4824-GUCBY,Female,1,No,No,22,Yes,Fiber optic,Month-to-month,Electronic check,81.7,1820.9,0,0.5091997723036538,1,MEDIUM RISK,2026-08-30 13:02:06
5393-HJZSM,Female,0,Yes,Yes,32,Yes,DSL,Month-to-month,Bank transfer (automatic),76.3,2404.15,0,0.12968258935458996,0,LOW RISK,2026-08-30 13:02:06
7074-IEVOJ,Female,1,No,No,3,Yes,Fiber optic,Month-to-month,Electronic check,79.4,205.05,1,0.8936923234455002,1,HIGH RISK,2026-08-30 13:02:06
9625-QSTYE,Female,0,No,No,13,Yes,Fiber optic,Month-to-month,Electronic check,81.15,952.3,1,0.7103257847273841,1,HIGH RISK,2026-08-30 13:02:06
0862-PRCBS,Female,0,Yes,Yes,68,Yes,Fiber optic,Two year,Credit card (automatic),103.75,7039.45,0,0.16189703844348774,0,LOW RISK,2026-08-30 13:02:06
8812-ZRHFP,Female,0,Yes,Yes,30,Yes,Fiber optic,One year,Electronic check,86.45,2538.05,0,0.42486215911970215,0,MEDIUM RISK,2026-08-30 13:02:06
5146-CBVOE,Female,0,No,No,16,Yes,Fiber optic,Month-to-month,Bank transfer (automatic),75.1,1212.85,0,0.5216586910306976,1,MEDIUM RISK,2026-08-30 13:02:06
0454-OKRCT,Male,0,No,No,33,Yes,Fiber optic,Two year,Bank transfer (automatic),80.6,2651.1,0,0.10683033926158804,0,LOW RISK,2026-08-30 13:02:06
5787-KXGIY,Male,0,Yes,No,72,Yes,No,Two year,Credit card (automatic),19.3,1304.8,0,0.01210917353285414,0,LOW RISK,2026-08-30 13:02:06
4750-ZRXIU,Female,1,No,No,4,Yes,Fiber optic,Month-to-month,Electronic check,84.6,360.1,1,0.9306899826744466,1,HIGH RISK,2026-08-30 13:02:06
4198-VFOEA,Female,0,No,No,12,No,DSL,One year,Mailed check,33.6,435.45,0,0.34787237471094534,0,LOW RISK,2026-08-30 13:02:06
6630-UJZMY,Female,1,Yes,No,4,Yes,Fiber optic,Month-to-month,Electronic check,83.25,308.05,0,0.9301798829495497,1,HIGH RISK,2026-08-30 13:02:06
5709-LVOEQ,Female,0,Yes,Yes,0,Yes,DSL,Two year,Mailed check,80.85,0.0,0,0.14987159540762485,0,LOW RISK,2026-08-30 13:02:06
6400-BWQKW,Female,0,No,No,6,Yes,Fiber optic,Month-to-month,Electronic check,79.05,434.5,1,0.8373459483819267,1,HIGH RISK,2026-08-30 13:02:06
2692-AQCPF,Female,0,Yes,No,65,Yes,Fiber optic,One year,Credit card (automatic),108.05,7118.9,0,0.3805848266303448,0,LOW RISK,2026-08-30 13:02:06
0347-UBKUZ,Female,0,No,No,15,Yes,No,Month-to-month,Mailed check,19.9,320.45,0,0.197839788884082,0,LOW RISK,2026-08-30 13:02:06
0835-DUUIQ,Female,0,No,Yes,24,Yes,No,One year,Bank transfer (automatic),21.05,531.55,0,0.05872893588850097,0,LOW RISK,2026-08-30 13:02:06
0811-GSDTP,Female,0,No,Yes,13,No,DSL,Month-to-month,Electronic check,30.15,382.2,0,0.48516486716477697,0,MEDIUM RISK,2026-08-30 13:02:06
7567-ECMCM,Male,0,No,No,24,Yes,Fiber optic,Month-to-month,Credit card (automatic),79.85,2001.0,0,0.6615889635846757,1,MEDIUM RISK,2026-08-30 13:02:06
6115-ZTBFQ,Female,0,Yes,No,72,No,DSL,Two year,Bank transfer (automatic),65.5,4919.7,0,0.02992340556187281,0,LOW RISK,2026-08-30 13:02:06
6353-BRMMA,Female,0,Yes,Yes,54,Yes,Fiber optic,Month-to-month,Bank transfer (automatic),104.1,5645.8,0,0.564219828348393,1,MEDIUM RISK,2026-08-30 13:02:06
6680-WKXRZ,Female,0,No,No,3,Yes,Fiber optic,Month-to-month,Bank transfer (automatic),74.4,215.8,1,0.7998007244948212,1,HIGH RISK,2026-08-30 13:02:06
6231-WFGFH,Male,0,Yes,Yes,4,Yes,No,Month-to-month,Mailed check,20.5,77.6,0,0.40561835261809825,0,MEDIUM RISK,2026-08-30 13:02:06
9904-EHEVJ,Female,1,Yes,Yes,32,Yes,Fiber optic,Month-to-month,Mailed check,91.35,2896.55,0,0.6990900751437974,1,MEDIUM RISK,2026-08-30 13:02:06
7028-DVOIQ,Male,1,No,No,35,Yes,Fiber optic,Month-to-month,Electronic check,99.05,3395.8,1,0.8397881125892129,1,HIGH RISK,2026-08-30 13:02:06
6169-PPETC,Male,0,Yes,Yes,35,Yes,No,Two year,Bank transfer (automatic),20.5,759.35,0,0.024023615745670832,0,LOW RISK,2026-08-30 13:02:06
4208-UFFGW,Male,1,No,No,2,Yes,DSL,Month-to-month,Mailed check,44.95,85.15,1,0.6421218525182011,1,MEDIUM RISK,2026-08-30 13:02:06
8584-KMVXD,Female,0,No,No,8,Yes,Fiber optic,Month-to-month,Electronic check,75.6,535.55,0,0.7542179488454998,1,HIGH RISK,2026-08-30 13:02:06
8467-WYNSR,Male,0,No,No,22,Yes,DSL,Month-to-month,Mailed check,55.1,1253.15,0,0.2042487888890297,0,LOW RISK,2026-08-30 13:02:06
0851-DFJKB,Female,0,No,No,15,Yes,DSL,Month-to-month,Electronic check,58.95,955.15,0,0.3256263780970134,0,LOW RISK,2026-08-30 13:02:06
5382-SOYZL,Male,0,No,No,22,Yes,Fiber optic,Month-to-month,Electronic check,95.1,2162.6,0,0.8476232680928979,1,HIGH RISK,2026-08-30 13:02:06
9448-REEVD,Male,0,Yes,No,1,Yes,DSL,Month-to-month,Credit card (automatic),44.7,44.7,1,0.6208521012512526,1,MEDIUM RISK,2026-08-30 13:02:06
3261-CQXOL,Female,0,Yes,Yes,71,Yes,No,Two year,Bank transfer (automatic),25.45,1813.35,0,0.013190946475389187,0,LOW RISK,2026-08-30 13:02:06
8388-FYNPZ,Male,0,No,No,4,Yes,DSL,Month-to-month,Electronic check,56.75,245.15,0,0.5822825223278725,1,MEDIUM RISK,2026-08-30 13:02:06
4002-BQWPQ,Male,0,No,No,25,Yes,DSL,Month-to-month,Bank transfer (automatic),81.75,2028.8,0,0.24185830046930665,0,LOW RISK,2026-08-30 13:02:06
5651-YLPRD,Female,0,Yes,Yes,32,Yes,Fiber optic,Month-to-month,Electronic check,86.1,2723.75,0,0.6417064676920493,1,MEDIUM RISK,2026-08-30 13:02:06
2826-DXLQO,Male,1,Yes,No,7,No,DSL,Month-to-month,Bank transfer (automatic),29.8,220.45,0,0.597804393289932,1,MEDIUM RISK,2026-08-30 13:02:06
4378-BZYFP,Male,0,No,No,17,Yes,No,One year,Mailed check,20.5,365.8,0,0.13447131778835883,0,LOW RISK,2026-08-30 13:02:06
9489-UTFKA,Male,1,Yes,No,8,Yes,DSL,Month-to-month,Bank transfer (automatic),60.9,551.95,0,0.5740534269993297,1,MEDIUM RISK,2026-08-30 13:02:06
4849-PYRLQ,Female,1,No,No,56,Yes,DSL,Two year,Bank transfer (automatic),73.25,4054.2,0,0.04933052106816193,0,LOW RISK,2026-08-30 13:02:06
9117-SHLZX,Male,0,No,No,1,Yes,DSL,Month-to-month,Mailed check,45.7,45.7,1,0.6903327732011081,1,MEDIUM RISK,2026-08-30 13:02:06
9889-TMAHG,Male,1,No,No,8,Yes,Fiber optic,Month-to-month,Credit card (automatic),100.3,832.35,1,0.7516195004538484,1,HIGH RISK,2026-08-30 13:02:06
4541-RMRLG,Male,0,No,No,7,Yes,No,Month-to-month,Electronic check,19.25,112.3,1,0.42436835706669407,0,MEDIUM RISK,2026-08-30 13:02:06
7764-BDPEE,Male,0,No,Yes,3,Yes,No,Month-to-month,Mailed check,20.85,60.65,0,0.32558883328179244,0,LOW RISK,2026-08-30 13:02:06
3429-IFLEM,Female,0,No,No,71,Yes,DSL,Two year,Credit card (automatic),77.35,5550.1,0,0.015722754033257524,0,LOW RISK,2026-08-30 13:02:06
3158-MOERK,Female,0,No,No,2,Yes,Fiber optic,Month-to-month,Electronic check,96.0,174.8,1,0.9384417817479227,1,HIGH RISK,2026-08-30 13:02:06
7294-TMAOP,Female,0,No,No,1,Yes,Fiber optic,Month-to-month,Electronic check,90.55,90.55,1,0.8956056235760174,1,HIGH RISK,2026-08-30 13:02:06
5002-GCQFH,Male,0,Yes,No,49,Yes,Fiber optic,Month-to-month,Bank transfer (automatic),93.85,4733.1,0,0.5850272920472687,1,MEDIUM RISK,2026-08-30 13:02:06
0556-FJEGU,Male,0,No,No,58,Yes,DSL,Two year,Bank transfer (automatic),70.1,4048.95,0,0.03587908595675796,0,LOW RISK,2026-08-30 13:02:06
8919-FYFQZ,Male,1,Yes,No,44,No,DSL,Month-to-month,Electronic check,30.35,1359.7,1,0.4368615120764871,0,MEDIUM RISK,2026-08-30 13:02:06
0604-THJFP,Female,0,Yes,Yes,59,Yes,DSL,Two year,Credit card (automatic),75.95,4542.35,0,0.05542644235903572,0,LOW RISK,2026-08-30 13:02:06
2834-JRTUA,Male,0,No,No,71,Yes,Fiber optic,Two year,Electronic check,108.05,7532.15,1,0.19869773116458783,0,LOW RISK,2026-08-30 13:02:06
5875-YPQFJ,Male,0,No,No,1,Yes,Fiber optic,Month-to-month,Electronic check,69.9,69.9,1,0.8724116463015797,1,HIGH RISK,2026-08-30 13:02:06
5879-SESNB,Female,0,No,No,11,Yes,Fiber optic,Month-to-month,Electronic check,75.25,888.65,0,0.8213532466900622,1,HIGH RISK,2026-08-30 13:02:06
6646-QVXLR,Male,1,Yes,No,62,Yes,Fiber optic,One year,Electronic check,103.75,6383.35,1,0.6016859626966844,1,MEDIUM RISK,2026-08-30 13:02:06
6461-PPAXN,Female,0,Yes,Yes,35,Yes,DSL,One year,Bank transfer (automatic),54.95,1916.0,0,0.0915193544562084,0,LOW RISK,2026-08-30 13:02:06
3318-ISQFQ,Female,0,No,No,20,Yes,No,Month-to-month,Bank transfer (automatic),19.5,413.0,0,0.21583992317898765,0,LOW RISK,2026-08-30 13:02:06
1106-HRLKZ,Male,0,Yes,Yes,40,Yes,No,Two year,Mailed check,19.6,808.95,0,0.02098416527327182,0,LOW RISK,2026-08-30 13:02:06
2483-XSSMZ,Female,0,No,No,39,Yes,DSL,One year,Electronic check,47.85,1886.4,0,0.1739391049112338,0,LOW RISK,2026-08-30 13:02:06
8603-IJWDN,Male,0,No,No,1,Yes,Fiber optic,Month-to-month,Electronic check,86.6,86.6,1,0.924973761780954,1,HIGH RISK,2026-08-30 13:02:06
8165-ZJRNM,Female,0,Yes,Yes,72,Yes,No,Two year,Bank transfer (automatic),23.75,1679.25,0,0.01295301400076612,0,LOW RISK,2026-08-30 13:02:06
9369-XFEHK,Female,1,Yes,No,33,Yes,Fiber optic,Month-to-month,Bank transfer (automatic),80.6,2656.5,1,0.6313091829736139,1,MEDIUM RISK,2026-08-30 13:02:06
2604-XVDAM,Female,0,No,No,12,Yes,DSL,Month-to-month,Bank transfer (automatic),43.8,540.95,0,0.5016369326722657,1,MEDIUM RISK,2026-08-30 13:02:06
3717-OFRTN,Male,0,No,No,1,Yes,No,Month-to-month,Bank transfer (automatic),19.75,19.75,0,0.3864760931735884,0,LOW RISK,2026-08-30 13:02:06
9046-JBFWA,Male,0,No,Yes,27,Yes,No,Month-to-month,Mailed check,19.15,537.35,0,0.13676047957578985,0,LOW RISK,2026-08-30 13:02:06
3280-NMUVX,Male,0,Yes,Yes,34,Yes,No,One year,Credit card (automatic),19.6,678.8,0,0.05553616040160436,0,LOW RISK,2026-08-30 13:02:06
1206-EHBDD,Female,0,Yes,No,56,Yes,Fiber optic,Two year,Bank transfer (automatic),80.3,4513.65,0,0.08717711105351147,0,LOW RISK,2026-08-30 13:02:06
8361-LBRDI,Female,0,No,No,58,Yes,No,Two year,Credit card (automatic),24.35,1423.85,0,0.02699984629480463,0,LOW RISK,2026-08-30 13:02:06
4883-KCPZJ,Female,0,Yes,Yes,22,Yes,No,Two year,Credit card (automatic),25.25,555.4,0,0.04294203088657805,0,LOW RISK,2026-08-30 13:02:06
9108-EQPNQ,Female,0,Yes,Yes,10,Yes,No,Two year,Credit card (automatic),26.1,225.55,0,0.09499003530822288,0,LOW RISK,2026-08-30 13:02:06
7277-KAMWT,Male,0,No,No,13,Yes,No,Two year,Credit card (automatic),20.0,268.45,0,0.05465669874897565,0,LOW RISK,2026-08-30 13:02:06
3842-IYKUE,Female,0,No,No,35,Yes,Fiber optic,Month-to-month,Credit card (automatic),85.3,2917.5,1,0.4188146424585226,0,MEDIUM RISK,2026-08-30 13:02:06
6641-XRPSU,Female,0,No,No,34,Yes,Fiber optic,Month-to-month,Credit card (automatic),70.0,2416.1,1,0.5347863026567091,1,MEDIUM RISK,2026-08-30 13:02:06
1374-DMZUI,Female,1,No,No,4,Yes,Fiber optic,Month-to-month,Electronic check,94.3,424.45,1,0.9489290271109596,1,HIGH RISK,2026-08-30 13:02:06
2545-LXYVJ,Male,0,Yes,No,72,Yes,No,Two year,Bank transfer (automatic),20.7,1492.1,0,0.011620438083104721,0,LOW RISK,2026-08-30 13:02:06
3234-VKACU,Male,0,No,No,2,Yes,DSL,Month-to-month,Electronic check,70.3,132.4,0,0.6819258676981602,1,MEDIUM RISK,2026-08-30 13:02:06
8357-EQXFO,Female,0,No,No,7,Yes,Fiber optic,Month-to-month,Electronic check,95.35,660.9,1,0.9085484650413622,1,HIGH RISK,2026-08-30 13:02:06
1989-PRJHP,Male,1,Yes,No,27,Yes,Fiber optic,Month-to-month,Electronic check,75.5,1893.95,1,0.7777098068748051,1,HIGH RISK,2026-08-30 13:02:06
8120-JDCAM,Male,0,Yes,Yes,4,Yes,Fiber optic,Month-to-month,Mailed check,69.55,284.9,0,0.7856201046313104,1,HIGH RISK,2026-08-30 13:02:06
8917-FAEMR,Female,0,No,No,37,Yes,No,Two year,Mailed check,19.85,784.25,0,0.027261638228466258,0,LOW RISK,2026-08-30 13:02:06
7047-YXDMZ,Male,0,No,No,21,Yes,No,Month-to-month,Mailed check,20.0,417.7,0,0.1655318155299043,0,LOW RISK,2026-08-30 13:02:06
2858-EIMXH,Female,1,Yes,No,53,Yes,Fiber optic,One year,Credit card (automatic),95.85,5016.25,0,0.5955938211719262,1,MEDIUM RISK,2026-08-30 13:02:06
9524-EGPJC,Female,0,No,No,18,Yes,Fiber optic,Month-to-month,Electronic check,90.1,1612.75,1,0.7735518948903082,1,HIGH RISK,2026-08-30 13:02:06
6993-OHLXR,Female,0,No,No,2,Yes,Fiber optic,Month-to-month,Electronic check,68.95,119.75,1,0.8172901628951889,1,HIGH RISK,2026-08-30 13:02:06
8818-XYFCQ,Male,0,Yes,Yes,32,Yes,Fiber optic,Month-to-month,Credit card (automatic),99.55,3204.65,1,0.6639216095802704,1,MEDIUM RISK,2026-08-30 13:02:06
6419-ZTTLE,Male,1,Yes,No,23,Yes,No,One year,Electronic check,20.75,485.2,0,0.1740016337971611,0,LOW RISK,2026-08-30 13:02:06
0929-HYQEW,Male,0,No,No,3,Yes,DSL,Month-to-month,Mailed check,50.15,160.85,0,0.593437143411364,1,MEDIUM RISK,2026-08-30 13:02:06
6614-YOLAC,Female,0,Yes,Yes,71,No,DSL,Two year,Mailed check,58.65,4145.25,0,0.03521766249567155,0,LOW RISK,2026-08-30 13:02:06
7426-RHZGU,Male,0,No,No,9,Yes,Fiber optic,Month-to-month,Bank transfer (automatic),95.9,827.45,0,0.8254395444073714,1,HIGH RISK,2026-08-30 13:02:06
4065-JJAVA,Female,0,No,No,1,Yes,DSL,Month-to-month,Electronic check,49.5,49.5,0,0.6621076566988564,1,MEDIUM RISK,2026-08-30 13:02:06
4695-VADHF,Male,0,Yes,Yes,18,Yes,DSL,Month-to-month,Electronic check,57.45,990.85,1,0.49471654387270736,0,MEDIUM RISK,2026-08-30 13:02:06
3863-IUBJR,Male,0,Yes,Yes,12,Yes,DSL,One year,Credit card (automatic),53.65,696.35,1,0.37724829469268234,0,LOW RISK,2026-08-30 13:02:06
7649-SIJJF,Male,0,Yes,No,71,Yes,DSL,Two year,Mailed check,80.1,5585.4,0,0.03379033353301172,0,LOW RISK,2026-08-30 13:02:06
9361-YNQWJ,Female,0,No,No,64,Yes,No,One year,Bank transfer (automatic),24.4,1601.2,0,0.06239170291124201,0,LOW RISK,2026-08-30 13:02:06
3748-FVMZZ,Male,0,No,No,4,No,DSL,Month-to-month,Electronic check,40.05,162.45,0,0.8104492318546157,1,HIGH RISK,2026-08-30 13:02:06
9391-TTOYH,Female,0,No,No,23,Yes,No,Month-to-month,Mailed check,19.5,470.2,0,0.20382264537837358,0,LOW RISK,2026-08-30 13:02:06
1452-XRSJV,Female,0,Yes,Yes,39,Yes,DSL,Month-to-month,Credit card (automatic),51.05,2066.0,0,0.1485178374366425,0,LOW RISK,2026-08-30 13:02:06
3422-WJOYD,Male,0,Yes,No,28,Yes,DSL,One year,Mailed check,54.35,1426.45,0,0.10882402735793156,0,LOW RISK,2026-08-30 13:02:06
8242-SOQUO,Female,1,No,No,5,Yes,Fiber optic,Month-to-month,Electronic check,84.7,392.5,0,0.8869993643246202,1,HIGH RISK,2026-08-30 13:02:06
7460-ITWWP,Female,1,Yes,No,45,Yes,Fiber optic,Month-to-month,Electronic check,86.1,3861.45,0,0.6592796566203071,1,MEDIUM RISK,2026-08-30 13:02:06
7147-AYBAA,Male,0,No,No,37,Yes,Fiber optic,Month-to-month,Mailed check,70.35,2552.9,0,0.5131237525527389,1,MEDIUM RISK,2026-08-30 13:02:06
7868-TMWMZ,Female,1,Yes,No,60,Yes,Fiber optic,Two year,Bank transfer (automatic),110.0,6668.35,0,0.15693109148978007,0,LOW RISK,2026-08-30 13:02:06
4822-RVYBB,Male,1,No,No,8,Yes,Fiber optic,Month-to-month,Electronic check,100.6,819.4,1,0.9414580306515333,1,HIGH RISK,2026-08-30 13:02:06
6732-FZUGP,Female,0,No,No,47,Yes,Fiber optic,One year,Credit card (automatic),94.9,4615.25,0,0.25201255025927555,0,LOW RISK,2026-08-30 13:02:06
8436-BJUMM,Male,0,Yes,Yes,26,Yes,Fiber optic,Month-to-month,Electronic check,83.75,2070.6,1,0.778815184044732,1,HIGH RISK,2026-08-30 13:02:06
4184-TJFAN,Female,1,Yes,Yes,3,Yes,Fiber optic,Month-to-month,Mailed check,88.3,273.75,1,0.7571134726198655,1,HIGH RISK,2026-08-30 13:02:06
8329-GWVPJ,Female,0,Yes,Yes,50,Yes,Fiber optic,Month-to-month,Bank transfer (automatic),69.75,3557.7,0,0.47112542525027606,0,MEDIUM RISK,2026-08-30 13:02:06
1352-VHKAJ,Male,0,Yes,Yes,27,Yes,DSL,Month-to-month,Bank transfer (automatic),71.6,1957.1,0,0.37249858330580793,0,LOW RISK,2026-08-30 13:02:06
4145-UQXUQ,Female,1,No,No,8,Yes,Fiber optic,Month-to-month,Electronic check,92.1,729.95,1,0.9240027054237131,1,HIGH RISK,2026-08-30 13:02:06
2632-TACXW,Female,0,Yes,No,62,Yes,No,Two year,Bank transfer (automatic),23.65,1416.75,0,0.023365719635043487,0,LOW RISK,2026-08-30 13:02:06
8146-QQKZH,Female,0,Yes,No,71,Yes,DSL,Two year,Bank transfer (automatic),81.85,5924.4,0,0.025216385548584415,0,LOW RISK,2026-08-30 13:02:06
1767-CJKBA,Male,0,No,No,66,Yes,No,Two year,Mailed check,25.1,1697.7,0,0.020578509298047564,0,LOW RISK,2026-08-30 13:02:06
6445-TNRXS,Male,0,Yes,Yes,68,Yes,Fiber optic,Two year,Bank transfer (automatic),114.7,7849.85,0,0.12144595236235473,0,LOW RISK,2026-08-30 13:02:06
4581-LNWUM,Female,0,No,No,13,No,DSL,Month-to-month,Electronic check,49.15,649.4,0,0.7191412350304935,1,HIGH RISK,2026-08-30 13:02:06
4869-EPIUS,Male,0,Yes,No,56,Yes,Fiber optic,One year,Electronic check,80.9,4557.5,0,0.4699509843672537,0,MEDIUM RISK,2026-08-30 13:02:06
9948-YPTDG,Male,0,Yes,No,38,Yes,Fiber optic,Month-to-month,Electronic check,79.45,3013.05,1,0.49065232955667126,0,MEDIUM RISK,2026-08-30 13:02:06
1236-WFCDV,Male,1,No,No,14,Yes,Fiber optic,Month-to-month,Credit card (automatic),90.45,1266.1,1,0.7537459254875983,1,HIGH RISK,2026-08-30 13:02:06
1915-OAKWD,Female,0,No,Yes,16,Yes,No,One year,Bank transfer (automatic),19.3,360.35,0,0.11147314091870487,0,LOW RISK,2026-08-30 13:02:06
7296-PIXQY,Female,0,Yes,Yes,14,Yes,Fiber optic,Month-to-month,Electronic check,70.2,1046.5,0,0.6268278461180911,1,MEDIUM RISK,2026-08-30 13:02:06
4883-QICIH,Male,0,Yes,Yes,32,Yes,Fiber optic,Month-to-month,Bank transfer (automatic),69.75,2347.9,1,0.5121456756531658,1,MEDIUM RISK,2026-08-30 13:02:06
3354-OADJP,Female,0,No,No,8,Yes,DSL,One year,Bank transfer (automatic),54.25,447.75,0,0.22350348706991263,0,LOW RISK,2026-08-30 13:02:06
3524-WQDSG,Female,0,Yes,Yes,43,Yes,Fiber optic,Month-to-month,Bank transfer (automatic),99.3,4209.95,0,0.6492509385591432,1,MEDIUM RISK,2026-08-30 13:02:06
0810-DHDBD,Female,0,No,No,52,Yes,DSL,One year,Credit card (automatic),74.0,3877.65,0,0.10162265310902074,0,LOW RISK,2026-08-30 13:02:06
4026-SKKHW,Male,0,No,No,3,Yes,DSL,Month-to-month,Mailed check,50.25,152.3,0,0.6107952580862538,1,MEDIUM RISK,2026-08-30 13:02:06
2829-HYVZP,Male,0,No,No,29,Yes,No,One year,Mailed check,19.8,572.2,0,0.10696611626800206,0,LOW RISK,2026-08-30 13:02:06
8329-IBCTI,Female,0,No,No,1,Yes,No,Month-to-month,Mailed check,19.65,19.65,1,0.39164439979318566,0,LOW RISK,2026-08-30 13:02:06
1271-SJBGZ,Male,1,No,No,12,No,DSL,Month-to-month,Electronic check,43.65,526.95,1,0.7937442530111661,1,HIGH RISK,2026-08-30 13:02:06
3845-JHAMY,Female,0,Yes,Yes,16,No,DSL,Month-to-month,Credit card (automatic),35.5,552.7,0,0.570223394397002,1,MEDIUM RISK,2026-08-30 13:02:06
7013-PSXHK,Female,0,No,No,40,Yes,DSL,One year,Mailed check,80.75,3208.65,0,0.22663227630653357,0,LOW RISK,2026-08-30 13:02:06
5669-SRAIP,Female,0,No,No,5,No,DSL,Month-to-month,Electronic check,39.5,210.75,1,0.7953935934682215,1,HIGH RISK,2026-08-30 13:02:06
5981-ITEMU,Male,0,Yes,No,40,Yes,Fiber optic,Month-to-month,Bank transfer (automatic),97.1,3706.95,1,0.7055474419630703,1,HIGH RISK,2026-08-30 13:02:06
3486-NPGST,Female,0,No,No,36,Yes,No,One year,Mailed check,19.55,620.75,0,0.05857842074429755,0,LOW RISK,2026-08-30 13:02:06
6941-PMGEP,Female,0,No,No,5,Yes,Fiber optic,Month-to-month,Electronic check,80.0,412.5,1,0.8886869177794117,1,HIGH RISK,2026-08-30 13:02:06
1624-WOIWJ,Female,0,No,No,10,Yes,Fiber optic,Month-to-month,Mailed check,84.7,832.05,1,0.7617834462131768,1,HIGH RISK,2026-08-30 13:02:06
2074-GKOWZ,Male,0,Yes,Yes,2,Yes,Fiber optic,Month-to-month,Bank transfer (automatic),89.55,185.55,1,0.8746888612282505,1,HIGH RISK,2026-08-30 13:02:06
0376-YMCJC,Male,0,No,No,23,Yes,Fiber optic,Month-to-month,Electronic check,90.6,1943.2,1,0.7347791060890064,1,HIGH RISK,2026-08-30 13:02:06
6100-FJZDG,Male,0,Yes,Yes,26,Yes,No,One year,Bank transfer (automatic),20.05,505.9,0,0.09674352656649564,0,LOW RISK,2026-08-30 13:02:06
4829-ZLJTK,Female,1,Yes,No,72,Yes,Fiber optic,Two year,Electronic check,112.4,8046.85,0,0.23979664513259688,0,LOW RISK,2026-08-30 13:02:06
1730-VFMWO,Female,0,Yes,No,34,Yes,DSL,Month-to-month,Bank transfer (automatic),50.2,1815.3,0,0.21881255182796092,0,LOW RISK,2026-08-30 13:02:06
7143-BQIBA,Male,0,No,No,10,Yes,DSL,Month-to-month,Bank transfer (automatic),62.25,612.95,0,0.4435175027704697,0,MEDIUM RISK,2026-08-30 13:02:06
3800-LYTRK,Female,0,No,No,14,Yes,DSL,One year,Mailed check,55.7,795.15,0,0.1363474013943922,0,LOW RISK,2026-08-30 13:02:06
0634-SZPQA,Female,0,No,No,23,Yes,Fiber optic,Month-to-month,Bank transfer (automatic),90.05,2169.8,1,0.6389227576187019,1,MEDIUM RISK,2026-08-30 13:02:06
9646-NMHXE,Male,0,Yes,No,47,Yes,No,Two year,Mailed check,19.65,973.1,0,0.0197642345271861,0,LOW RISK,2026-08-30 13:02:06
7030-NJVDP,Male,0,Yes,No,24,Yes,Fiber optic,Month-to-month,Electronic check,89.25,2210.2,0,0.6065706065581582,1,MEDIUM RISK,2026-08-30 13:02:06
5536-RTPWK,Male,0,Yes,No,49,Yes,Fiber optic,Month-to-month,Bank transfer (automatic),99.05,4853.75,1,0.7358834368069523,1,HIGH RISK,2026-08-30 13:02:06
8883-GRDWQ,Male,1,No,No,20,Yes,DSL,One year,Mailed check,54.0,1055.9,0,0.1343857450876362,0,LOW RISK,2026-08-30 13:02:06
6166-ILMNY,Female,0,No,No,2,Yes,Fiber optic,Month-to-month,Bank transfer (automatic),69.75,144.55,1,0.7557557184762036,1,HIGH RISK,2026-08-30 13:02:06
3097-NNSPB,Female,0,No,No,2,Yes,DSL,Month-to-month,Credit card (automatic),49.05,91.1,1,0.6481685734389325,1,MEDIUM RISK,2026-08-30 13:02:06
7771-ZONAT,Male,0,No,No,22,No,DSL,Two year,Bank transfer (automatic),56.75,1304.85,0,0.16776114501532866,0,LOW RISK,2026-08-30 13:02:06
0655-RBDUG,Male,0,No,No,7,Yes,Fiber optic,Month-to-month,Bank transfer (automatic),98.05,713.0,1,0.9095138013214114,1,HIGH RISK,2026-08-30 13:02:06
2111-DWYHN,Male,0,No,No,1,Yes,No,Month-to-month,Mailed check,21.1,21.1,0,0.3915716048791864,0,LOW RISK,2026-08-30 13:02:06
4194-WHFCB,Female,0,Yes,Yes,59,Yes,Fiber optic,Month-to-month,Bank transfer (automatic),96.65,5580.8,0,0.44762552992664806,0,MEDIUM RISK,2026-08-30 13:02:06
4121-AGSIN,Female,0,Yes,Yes,58,Yes,No,One year,Credit card (automatic),24.5,1497.9,0,0.06791780849827155,0,LOW RISK,2026-08-30 13:02:06
4361-BKAXE,Female,0,No,No,41,Yes,Fiber optic,Month-to-month,Bank transfer (automatic),114.5,4527.45,1,0.5225879585457006,1,MEDIUM RISK,2026-08-30 13:02:06
9845-PEEKO,Female,1,No,No,59,Yes,Fiber optic,Two year,Credit card (automatic),79.2,4590.35,0,0.1957649785926271,0,LOW RISK,2026-08-30 13:02:06
0455-XFASS,Female,0,Yes,Yes,3,Yes,Fiber optic,Month-to-month,Electronic check,69.55,200.2,0,0.8378973225418396,1,HIGH RISK,2026-08-30 13:02:06
0301-KOBTQ,Male,0,No,No,32,Yes,No,Two year,Bank transfer (automatic),20.05,614.45,0,0.043737662261691,0,LOW RISK,2026-08-30 13:02:06
1751-NCDLI,Male,1,Yes,No,46,Yes,Fiber optic,Month-to-month,Electronic check,98.85,4564.9,0,0.7898869633149405,1,HIGH RISK,2026-08-30 13:02:06
4367-NUYAO,Male,0,Yes,Yes,0,Yes,No,Two year,Mailed check,25.75,0.0,0,0.13079157763909904,0,LOW RISK,2026-08-30 13:02:06
9878-TNQGW,Male,0,No,No,2,Yes,Fiber optic,Month-to-month,Electronic check,80.95,171.15,1,0.9003680215537008,1,HIGH RISK,2026-08-30 13:02:06
9170-ARBTB,Female,0,Yes,Yes,52,Yes,No,One year,Credit card (automatic),19.6,1012.4,0,0.04478679901679943,0,LOW RISK,2026-08-30 13:02:06
4441-NIHPT,Female,1,No,No,13,Yes,Fiber optic,Month-to-month,Electronic check,74.3,940.35,1,0.7759040254259523,1,HIGH RISK,2026-08-30 13:02:06
8999-BOHSE,Female,1,No,No,11,Yes,Fiber optic,Month-to-month,Bank transfer (automatic),89.7,1047.7,1,0.8343106579647613,1,HIGH RISK,2026-08-30 13:02:06
7241-AJHFS,Male,0,No,No,32,Yes,Fiber optic,Month-to-month,Bank transfer (automatic),87.65,2766.4,0,0.3770431892774292,0,LOW RISK,2026-08-30 13:02:06
7029-RPUAV,Male,1,Yes,No,17,Yes,Fiber optic,Month-to-month,Credit card (automatic),100.45,1622.45,1,0.8448048550090619,1,HIGH RISK,2026-08-30 13:02:06
4546-FOKWR,Female,0,No,No,16,Yes,Fiber optic,Month-to-month,Credit card (automatic),74.75,1129.35,0,0.7068835304723109,1,HIGH RISK,2026-08-30 13:02:06
9036-CSKBW,Female,0,No,No,51,Yes,Fiber optic,One year,Bank transfer (automatic),107.45,5680.9,0,0.38260866155332196,0,LOW RISK,2026-08-30 13:02:06
5832-TRLPB,Male,0,No,No,29,Yes,DSL,One year,Bank transfer (automatic),75.35,2243.9,0,0.23795142572735786,0,LOW RISK,2026-08-30 13:02:06
8590-YFFQO,Male,0,Yes,No,70,Yes,DSL,Two year,Credit card (automatic),64.95,4523.25,0,0.012799209950764683,0,LOW RISK,2026-08-30 13:02:06
8659-IOOPU,Female,0,Yes,Yes,71,Yes,Fiber optic,Two year,Electronic check,100.45,7159.7,0,0.09175209948034342,0,LOW RISK,2026-08-30 13:02:06
1338-CECEE,Male,0,Yes,Yes,41,Yes,DSL,One year,Bank transfer (automatic),68.5,2839.95,0,0.12517792376235032,0,LOW RISK,2026-08-30 13:02:06
7439-DKZTW,Male,0,No,No,1,Yes,Fiber optic,Month-to-month,Electronic check,80.55,80.55,0,0.9006454596643277,1,HIGH RISK,2026-08-30 13:02:06
4646-QZXTF,Female,0,Yes,No,7,Yes,DSL,Month-to-month,Bank transfer (automatic),81.25,580.1,0,0.4601662127460609,0,MEDIUM RISK,2026-08-30 13:02:06
4607-CHPCA,Male,0,Yes,Yes,25,Yes,Fiber optic,One year,Electronic check,90.4,2178.6,1,0.6335890085276666,1,MEDIUM RISK,2026-08-30 13:02:06
9742-XOKTS,Male,0,Yes,Yes,67,Yes,Fiber optic,One year,Electronic check,89.55,6038.55,0,0.14000574246187875,0,LOW RISK,2026-08-30 13:02:06
6921-OZMFH,Male,0,Yes,Yes,5,Yes,DSL,Month-to-month,Mailed check,55.7,259.4,0,0.6174725889848588,1,MEDIUM RISK,2026-08-30 13:02:06
9578-FOMUK,Male,0,No,Yes,15,Yes,No,Month-to-month,Electronic check,24.8,324.15,0,0.35430318772496017,0,LOW RISK,2026-08-30 13:02:06
4712-UYOOI,Female,0,Yes,Yes,20,Yes,No,Month-to-month,Electronic check,20.0,417.65,0,0.1936607425195541,0,LOW RISK,2026-08-30 13:02:06
8824-RWFXJ,Male,0,Yes,Yes,3,Yes,DSL,Month-to-month,Mailed check,56.15,168.15,1,0.6044969204964877,1,MEDIUM RISK,2026-08-30 13:02:06
7722-CVFXN,Male,0,Yes,Yes,54,Yes,Fiber optic,One year,Electronic check,105.2,5637.85,0,0.4993117141933234,0,MEDIUM RISK,2026-08-30 13:02:06
8717-VCTXJ,Male,0,No,No,42,Yes,No,One year,Mailed check,19.55,839.4,0,0.06862827521138791,0,LOW RISK,2026-08-30 13:02:06
7363-QTBIW,Female,0,Yes,No,9,Yes,Fiber optic,Month-to-month,Electronic check,79.75,769.1,0,0.8811546273035418,1,HIGH RISK,2026-08-30 13:02:06
4159-NAAIX,Female,0,No,No,63,Yes,Fiber optic,Two year,Bank transfer (automatic),97.45,6253.0,0,0.2028541795986589,0,LOW RISK,2026-08-30 13:02:06
0971-QIFJK,Female,0,Yes,No,69,Yes,No,Two year,Bank transfer (automatic),24.25,1641.8,0,0.017768919902835602,0,LOW RISK,2026-08-30 13:02:06
9397-TZSHA,Female,0,No,No,69,Yes,No,Two year,Credit card (automatic),24.6,1678.05,0,0.01763258253907632,0,LOW RISK,2026-08-30 13:02:06
3391-JSQEW,Male,0,Yes,No,40,Yes,DSL,Month-to-month,Mailed check,50.15,2058.5,0,0.28260639025542955,0,LOW RISK,2026-08-30 13:02:06
0343-QLUZP,Male,0,No,No,60,No,DSL,Two year,Bank transfer (automatic),39.6,2424.5,0,0.04105517599899703,0,LOW RISK,2026-08-30 13:02:06
9763-PDTKK,Female,0,No,No,4,Yes,Fiber optic,Month-to-month,Bank transfer (automatic),94.4,387.2,1,0.747221539492096,1,HIGH RISK,2026-08-30 13:02:06
2176-LVPNX,Female,1,No,No,71,Yes,DSL,Two year,Mailed check,89.85,6293.45,0,0.03693899442674164,0,LOW RISK,2026-08-30 13:02:06
7627-JKIAZ,Female,0,Yes,No,37,Yes,Fiber optic,Month-to-month,Credit card (automatic),78.95,2839.65,1,0.6030783344376167,1,MEDIUM RISK,2026-08-30 13:02:06
3312-UUMZW,Male,0,Yes,No,32,Yes,Fiber optic,Month-to-month,Credit card (automatic),98.85,3145.9,0,0.7576851334173562,1,HIGH RISK,2026-08-30 13:02:06
1271-UODNO,Male,0,No,No,39,Yes,DSL,Two year,Credit card (automatic),53.85,2200.7,0,0.09164282638260686,0,LOW RISK,2026-08-30 13:02:06
8461-EFQYM,Female,0,No,No,38,Yes,No,One year,Electronic check,24.25,914.4,0,0.14038354294476704,0,LOW RISK,2026-08-30 13:02:06
6900-RBKER,Male,0,No,No,52,Yes,Fiber optic,Two year,Credit card (automatic),89.45,4577.75,0,0.3067613225536513,0,LOW RISK,2026-08-30 13:02:06
6891-JPYFF,Female,0,Yes,Yes,48,Yes,Fiber optic,Month-to-month,Credit card (automatic),105.25,4997.5,0,0.49001812125391186,0,MEDIUM RISK,2026-08-30 13:02:06
1459-QNFQT,Male,0,Yes,Yes,70,No,DSL,Two year,Bank transfer (automatic),59.5,4144.8,0,0.04048412336197322,0,LOW RISK,2026-08-30 13:02:06
1047-NNCBF,Male,0,No,No,20,Yes,Fiber optic,Month-to-month,Credit card (automatic),70.55,1493.55,0,0.5326098653180559,1,MEDIUM RISK,2026-08-30 13:02:06
3696-XRIEN,Female,0,No,No,50,Yes,DSL,One year,Credit card (automatic),82.5,4179.1,0,0.19932816298452796,0,LOW RISK,2026-08-30 13:02:06
4081-DYXAV,Female,0,No,No,19,No,DSL,One year,Credit card (automatic),44.85,893.55,1,0.4867283620529641,0,MEDIUM RISK,2026-08-30 13:02:06
0074-HDKDG,Male,0,Yes,Yes,25,Yes,DSL,One year,Bank transfer (automatic),61.6,1611.0,0,0.15005334758467082,0,LOW RISK,2026-08-30 13:02:06
8791-GFXLZ,Male,0,No,No,12,Yes,DSL,Month-to-month,Bank transfer (automatic),49.05,593.05,0,0.5608401437851793,1,MEDIUM RISK,2026-08-30 13:02:06
8111-SLLHI,Male,1,Yes,No,39,Yes,Fiber optic,Month-to-month,Electronic check,105.65,4284.8,1,0.8088396305834246,1,HIGH RISK,2026-08-30 13:02:06
0927-LCSMG,Male,0,No,No,7,Yes,Fiber optic,Month-to-month,Mailed check,74.65,544.55,1,0.738260628746075,1,HIGH RISK,2026-08-30 13:02:06
9330-DHBFL,Female,0,Yes,Yes,23,Yes,DSL,One year,Mailed check,66.25,1533.8,0,0.07918593909792898,0,LOW RISK,2026-08-30 13:02:06
0098-BOWSO,Male,0,No,No,27,Yes,No,Month-to-month,Electronic check,19.4,529.8,0,0.2805607935395761,0,LOW RISK,2026-08-30 13:02:06
3452-ABWRL,Male,1,No,No,47,Yes,Fiber optic,Month-to-month,Credit card (automatic),86.05,3865.6,0,0.6137321510814806,1,MEDIUM RISK,2026-08-30 13:02:06
5859-HZYLF,Male,0,Yes,Yes,26,Yes,No,Two year,Credit card (automatic),19.15,515.75,0,0.04867834076162822,0,LOW RISK,2026-08-30 13:02:06
8257-RZAHR,Female,0,Yes,No,14,Yes,DSL,Month-to-month,Bank transfer (automatic),64.7,941.0,1,0.5365018677661966,1,MEDIUM RISK,2026-08-30 13:02:06
5293-WXJAK,Female,1,Yes,No,11,Yes,Fiber optic,Month-to-month,Bank transfer (automatic),104.05,1133.65,1,0.8827217149246984,1,HIGH RISK,2026-08-30 13:02:06
3156-QLHBO,Male,0,No,Yes,2,Yes,No,Month-to-month,Mailed check,19.25,48.35,0,0.34530062903695075,0,LOW RISK,2026-08-30 13:02:06
2208-NQBCT,Female,0,Yes,Yes,26,Yes,Fiber optic,Month-to-month,Electronic check,81.95,2070.05,0,0.43474598729449165,0,MEDIUM RISK,2026-08-30 13:02:06
1779-PWPMG,Female,1,Yes,No,72,Yes,Fiber optic,Two year,Bank transfer (automatic),114.65,8333.95,0,0.14626018957251616,0,LOW RISK,2026-08-30 13:02:06
6621-NRZAK,Female,0,Yes,Yes,63,Yes,No,Two year,Credit card (automatic),20.0,1209.25,0,0.01347905362603997,0,LOW RISK,2026-08-30 13:02:06
0831-JNISG,Male,0,Yes,Yes,71,Yes,No,Two year,Mailed check,19.8,1396.25,0,0.010376779226567982,0,LOW RISK,2026-08-30 13:02:06
0774-IFUVM,Male,0,Yes,Yes,11,Yes,DSL,Month-to-month,Bank transfer (automatic),65.15,723.35,0,0.5357785054623976,1,MEDIUM RISK,2026-08-30 13:02:06
3082-WQRVY,Male,1,Yes,No,14,Yes,No,One year,Mailed check,19.65,228.65,0,0.13034194815699662,0,LOW RISK,2026-08-30 13:02:06
9553-DLCLU,Female,0,No,Yes,13,Yes,DSL,Two year,Credit card (automatic),88.95,1161.75,0,0.0908786964827923,0,LOW RISK,2026-08-30 13:02:06
1641-BYBTK,Male,0,No,Yes,6,Yes,No,Month-to-month,Mailed check,20.2,98.35,0,0.377458385084017,0,LOW RISK,2026-08-30 13:02:06
2460-NGXBJ,Male,1,Yes,Yes,11,Yes,Fiber optic,Month-to-month,Credit card (automatic),75.2,775.3,0,0.8139208224398475,1,HIGH RISK,2026-08-30 13:02:06
2446-ZKVAF,Male,0,Yes,No,18,Yes,DSL,Month-to-month,Credit card (automatic),56.8,1074.65,0,0.40495274743509097,0,MEDIUM RISK,2026-08-30 13:02:06
0841-NULXI,Male,0,No,No,1,No,DSL,Month-to-month,Electronic check,35.55,35.55,1,0.863193065184114,1,HIGH RISK,2026-08-30 13:02:06
3522-CDKHF,Female,0,Yes,No,32,Yes,Fiber optic,Month-to-month,Bank transfer (automatic),75.5,2324.7,0,0.45627057039856855,0,MEDIUM RISK,2026-08-30 13:02:06
1430-SFQSA,Male,0,No,No,29,No,DSL,One year,Mailed check,35.6,1072.6,0,0.138048613196736,0,LOW RISK,2026-08-30 13:02:06
0411-EZJZE,Female,0,No,No,3,Yes,DSL,Month-to-month,Electronic check,60.25,170.5,0,0.8381542537659105,1,HIGH RISK,2026-08-30 13:02:06
7851-WZEKY,Female,0,No,No,2,Yes,Fiber optic,Month-to-month,Electronic check,95.15,196.9,1,0.9417469867564504,1,HIGH RISK,2026-08-30 13:02:06
8844-TONUD,Male,0,Yes,Yes,13,Yes,Fiber optic,Month-to-month,Mailed check,96.65,1162.85,1,0.7576657999123291,1,HIGH RISK,2026-08-30 13:02:06
8807-ARQET,Female,0,No,No,41,No,DSL,Month-to-month,Electronic check,40.35,1677.85,0,0.494609646407629,0,MEDIUM RISK,2026-08-30 13:02:06
8992-CEUEN,Female,0,No,No,1,Yes,No,Month-to-month,Electronic check,18.85,18.85,0,0.48109995565439195,0,MEDIUM RISK,2026-08-30 13:02:06
4320-QMLLA,Male,0,No,No,7,Yes,DSL,Month-to-month,Mailed check,54.85,370.4,0,0.6303111551368532,1,MEDIUM RISK,2026-08-30 13:02:06
8777-PVYGU,Female,0,Yes,No,52,Yes,DSL,One year,Mailed check,64.3,3410.6,0,0.18173242877434606,0,LOW RISK,2026-08-30 13:02:06
8292-ITGYJ,Female,0,Yes,Yes,45,Yes,No,Two year,Bank transfer (automatic),24.65,1138.8,0,0.030769996240867115,0,LOW RISK,2026-08-30 13:02:06
6870-ZWMNX,Male,0,Yes,No,70,Yes,DSL,Two year,Credit card (automatic),76.1,5264.25,0,0.03356771800367883,0,LOW RISK,2026-08-30 13:02:06
0621-CXBKL,Female,0,No,No,53,Yes,No,Two year,Mailed check,18.7,1005.7,0,0.024564985070572296,0,LOW RISK,2026-08-30 13:02:06
5268-DSMNQ,Female,1,Yes,No,62,Yes,Fiber optic,One year,Credit card (automatic),97.95,5936.55,0,0.4008881541846352,0,MEDIUM RISK,2026-08-30 13:02:06
5334-JLAXU,Female,0,Yes,No,60,Yes,Fiber optic,Month-to-month,Credit card (automatic),94.1,5475.9,0,0.48609213193333717,0,MEDIUM RISK,2026-08-30 13:02:06
4086-YQSNZ,Female,1,Yes,No,3,Yes,Fiber optic,Month-to-month,Electronic check,80.4,224.05,1,0.9075958753447335,1,HIGH RISK,2026-08-30 13:02:06
6242-MBHPK,Female,1,Yes,No,23,Yes,Fiber optic,Month-to-month,Electronic check,95.1,2326.05,0,0.7668365954914353,1,HIGH RISK,2026-08-30 13:02:06
5868-CZJDR,Male,0,No,Yes,1,No,DSL,Month-to-month,Mailed check,31.35,31.35,1,0.6942328293294657,1,MEDIUM RISK,2026-08-30 13:02:06
9359-UGBTK,Female,0,No,No,67,Yes,DSL,One year,Bank transfer (automatic),72.35,4991.5,0,0.06048836075851584,0,LOW RISK,2026-08-30 13:02:06
0135-NMXAP,Female,0,No,No,12,Yes,Fiber optic,Month-to-month,Bank transfer (automatic),89.75,1052.4,1,0.8306811923426158,1,HIGH RISK,2026-08-30 13:02:06
4782-OSFXZ,Female,1,Yes,No,71,Yes,DSL,Two year,Bank transfer (automatic),82.7,5831.2,0,0.03576097173291758,0,LOW RISK,2026-08-30 13:02:06
6479-OAUSD,Male,0,No,No,25,Yes,No,One year,Credit card (automatic),19.9,510.8,0,0.08904329750604723,0,LOW RISK,2026-08-30 13:02:06
7129-ACFOG,Female,0,No,No,5,Yes,DSL,Month-to-month,Electronic check,53.8,283.95,0,0.722026416492704,1,HIGH RISK,2026-08-30 13:02:06
4189-NAKJS,Male,0,No,No,26,Yes,DSL,One year,Credit card (automatic),51.55,1295.4,0,0.3085736673943786,0,LOW RISK,2026-08-30 13:02:06
5562-BETPV,Male,0,Yes,Yes,1,Yes,No,One year,Mailed check,19.65,19.65,0,0.2083963616910157,0,LOW RISK,2026-08-30 13:02:06
1282-IHQAC,Male,1,No,No,70,No,DSL,One year,Credit card (automatic),44.05,3011.65,0,0.18183035185462787,0,LOW RISK,2026-08-30 13:02:06
9127-FHJBZ,Male,0,Yes,Yes,72,Yes,Fiber optic,Two year,Electronic check,114.0,8093.15,0,0.15110946349156001,0,LOW RISK,2026-08-30 13:02:06
6270-OMFIW,Male,0,Yes,No,60,Yes,Fiber optic,One year,Electronic check,94.4,5610.25,1,0.4906813189614896,0,MEDIUM RISK,2026-08-30 13:02:06
1641-RQDAY,Female,1,Yes,Yes,32,Yes,Fiber optic,Month-to-month,Electronic check,100.4,3217.65,0,0.8034486566169062,1,HIGH RISK,2026-08-30 13:02:06
0107-WESLM,Male,0,No,No,1,Yes,No,Month-to-month,Electronic check,19.85,19.85,1,0.5691247352579739,1,MEDIUM RISK,2026-08-30 13:02:06
6994-ORCWG,Female,0,No,No,14,Yes,DSL,One year,Mailed check,54.25,773.2,0,0.34447879482627747,0,LOW RISK,2026-08-30 13:02:06
1346-UFHAX,Female,0,No,No,13,Yes,Fiber optic,Month-to-month,Credit card (automatic),80.0,1029.35,0,0.6528321738904007,1,MEDIUM RISK,2026-08-30 13:02:06
3992-YWPKO,Female,0,No,No,6,Yes,Fiber optic,Month-to-month,Credit card (automatic),109.9,669.45,1,0.8691447275248205,1,HIGH RISK,2026-08-30 13:02:06
2933-XEUJM,Female,0,No,No,46,Yes,DSL,Two year,Mailed check,79.2,3593.8,0,0.06637598555990354,0,LOW RISK,2026-08-30 13:02:06
0125-LZQXK,Male,0,No,No,15,Yes,Fiber optic,Month-to-month,Electronic check,101.35,1553.95,1,0.7957850233093802,1,HIGH RISK,2026-08-30 13:02:06
5461-QKNTN,Male,1,Yes,No,43,Yes,Fiber optic,Month-to-month,Electronic check,94.3,3953.15,0,0.6572037679923708,1,MEDIUM RISK,2026-08-30 13:02:06
4835-YSJMR,Male,0,No,No,39,Yes,DSL,Two year,Bank transfer (automatic),49.8,1971.15,0,0.06513794890847377,0,LOW RISK,2026-08-30 13:02:06
8399-YNDCH,Male,1,No,No,21,Yes,DSL,Month-to-month,Bank transfer (automatic),60.05,1236.15,1,0.5233010922992627,1,MEDIUM RISK,2026-08-30 13:02:06
3164-YAXFY,Male,0,No,No,57,No,DSL,Month-to-month,Electronic check,53.75,3196.0,0,0.5172323884250463,1,MEDIUM RISK,2026-08-30 13:02:06
0887-WBJVH,Female,0,Yes,No,53,Yes,Fiber optic,One year,Electronic check,93.45,4872.2,0,0.5090833503535837,1,MEDIUM RISK,2026-08-30 13:02:06
4660-IRIBM,Male,0,Yes,Yes,18,Yes,Fiber optic,Month-to-month,Mailed check,87.9,1500.5,0,0.5858469558901648,1,MEDIUM RISK,2026-08-30 13:02:06
5673-FSSMF,Female,0,No,No,1,Yes,DSL,Month-to-month,Electronic check,60.15,60.15,1,0.8527362760673387,1,HIGH RISK,2026-08-30 13:02:06
7670-ZBPOQ,Female,0,Yes,No,58,Yes,DSL,One year,Bank transfer (automatic),61.05,3478.75,0,0.10751894146920381,0,LOW RISK,2026-08-30 13:02:06
8089-UZWLX,Female,1,No,No,71,Yes,Fiber optic,Two year,Bank transfer (automatic),104.05,7413.55,0,0.1898344886104842,0,LOW RISK,2026-08-30 13:02:06
0080-OROZO,Female,0,No,No,35,Yes,Fiber optic,One year,Electronic check,99.25,3532.0,0,0.5380795230945636,1,MEDIUM RISK,2026-08-30 13:02:06
3916-NRPAP,Male,0,No,No,3,Yes,Fiber optic,Month-to-month,Credit card (automatic),85.7,256.75,0,0.8104335676220963,1,HIGH RISK,2026-08-30 13:02:06
6807-SIWJI,Male,0,No,No,38,Yes,Fiber optic,One year,Electronic check,104.85,3887.25,0,0.5322804002609782,1,MEDIUM RISK,2026-08-30 13:02:06
8221-HVAYI,Male,0,Yes,Yes,35,Yes,DSL,Two year,Credit card (automatic),69.15,2490.15,0,0.04251099054314457,0,LOW RISK,2026-08-30 13:02:06
1579-KLYDT,Male,0,No,No,7,Yes,Fiber optic,Month-to-month,Electronic check,90.45,593.45,1,0.9077559363880848,1,HIGH RISK,2026-08-30 13:02:06
5232-NXPAY,Female,0,No,No,47,Yes,DSL,Two year,Mailed check,74.45,3510.3,0,0.05183265413460497,0,LOW RISK,2026-08-30 13:02:06
8967-SZQAS,Female,0,No,No,14,Yes,DSL,Month-to-month,Electronic check,50.45,765.45,0,0.4477887391368639,0,MEDIUM RISK,2026-08-30 13:02:06
4468-KAZHE,Female,1,Yes,No,20,Yes,DSL,Month-to-month,Electronic check,60.0,1259.35,0,0.6078753574678858,1,MEDIUM RISK,2026-08-30 13:02:06
0455-ENTCR,Male,0,Yes,No,66,Yes,DSL,Two year,Electronic check,85.25,5538.35,0,0.05364971370533939,0,LOW RISK,2026-08-30 13:02:06
8944-AILEF,Male,0,Yes,No,15,Yes,No,Month-to-month,Credit card (automatic),19.45,340.85,0,0.27038054783639776,0,LOW RISK,2026-08-30 13:02:06
5542-NKVRU,Female,0,No,No,42,Yes,No,Two year,Bank transfer (automatic),20.75,844.45,0,0.02941829805534946,0,LOW RISK,2026-08-30 13:02:06
7126-RBHSD,Female,0,Yes,No,17,Yes,Fiber optic,Month-to-month,Electronic check,78.9,1348.95,0,0.6379811227736143,1,MEDIUM RISK,2026-08-30 13:02:06
5370-IIVVL,Male,0,No,No,37,Yes,Fiber optic,One year,Credit card (automatic),104.5,3778.0,0,0.4725680367988851,0,MEDIUM RISK,2026-08-30 13:02:06
6789-HJBWG,Female,0,No,No,12,Yes,DSL,Month-to-month,Electronic check,49.4,611.65,0,0.6487542670843319,1,MEDIUM RISK,2026-08-30 13:02:06
3927-NLNRY,Male,0,Yes,No,53,Yes,Fiber optic,One year,Bank transfer (automatic),94.25,4867.95,1,0.4514965020154309,0,MEDIUM RISK,2026-08-30 13:02:06
9087-EYCPR,Female,0,No,No,60,Yes,No,Two year,Mailed check,25.0,1505.05,0,0.025145475412119204,0,LOW RISK,2026-08-30 13:02:06
6791-YBNAK,Male,0,Yes,Yes,18,No,DSL,Month-to-month,Credit card (automatic),25.55,467.85,0,0.39295666459047,0,LOW RISK,2026-08-30 13:02:06
6358-LYNGM,Male,0,No,No,1,Yes,Fiber optic,Month-to-month,Electronic check,74.9,74.9,1,0.9025463519945286,1,HIGH RISK,2026-08-30 13:02:06
6077-BDPXA,Female,0,No,No,3,Yes,Fiber optic,Month-to-month,Electronic check,70.15,194.2,0,0.8580152168642519,1,HIGH RISK,2026-08-30 13:02:06
0013-MHZWF,Female,0,No,Yes,9,Yes,DSL,Month-to-month,Credit card (automatic),69.4,571.45,0,0.5640504294977592,1,MEDIUM RISK,2026-08-30 13:02:06
5494-HECPR,Female,0,No,No,1,Yes,Fiber optic,Month-to-month,Electronic check,80.25,80.25,1,0.8987845676625829,1,HIGH RISK,2026-08-30 13:02:06
8268-YDIXR,Male,0,Yes,No,56,Yes,Fiber optic,One year,Electronic check,93.15,5253.95,0,0.3484888879089995,0,LOW RISK,2026-08-30 13:02:06
9824-BEMCV,Male,0,Yes,Yes,17,Yes,Fiber optic,Month-to-month,Electronic check,69.0,1149.65,1,0.6849261054945898,1,MEDIUM RISK,2026-08-30 13:02:06
1373-ORVIZ,Female,0,Yes,Yes,11,Yes,DSL,Month-to-month,Electronic check,66.35,740.8,1,0.6461818444607074,1,MEDIUM RISK,2026-08-30 13:02:06
4291-SHSBH,Male,0,No,No,7,Yes,Fiber optic,Month-to-month,Electronic check,69.55,521.35,0,0.8493031123395828,1,HIGH RISK,2026-08-30 13:02:06
6980-IMXXE,Female,0,Yes,Yes,69,Yes,No,Two year,Bank transfer (automatic),20.2,1412.65,0,0.010413278036319638,0,LOW RISK,2026-08-30 13:02:06
9866-QEVEE,Male,0,No,No,19,Yes,Fiber optic,Month-to-month,Bank transfer (automatic),86.0,1532.45,1,0.7439159776833079,1,HIGH RISK,2026-08-30 13:02:06
9897-KXHCM,Female,0,Yes,Yes,3,Yes,Fiber optic,Month-to-month,Electronic check,80.3,250.05,1,0.8774904165894882,1,HIGH RISK,2026-08-30 13:02:06
0040-HALCW,Male,0,Yes,Yes,54,Yes,No,Two year,Credit card (automatic),20.4,1090.6,0,0.01953322374732599,0,LOW RISK,2026-08-30 13:02:06
0784-GTUUK,Male,0,Yes,No,62,Yes,No,One year,Credit card (automatic),23.75,1446.8,0,0.07322892401176012,0,LOW RISK,2026-08-30 13:02:06
7979-CORPM,Male,0,No,No,24,Yes,Fiber optic,Month-to-month,Credit card (automatic),90.55,2282.55,1,0.6958003555849814,1,MEDIUM RISK,2026-08-30 13:02:06
2294-DMMUS,Female,0,Yes,Yes,62,Yes,DSL,Month-to-month,Credit card (automatic),70.45,4300.45,0,0.32844461537759717,0,LOW RISK,2026-08-30 13:02:06
0872-JCPIB,Male,0,No,No,17,Yes,DSL,Month-to-month,Bank transfer (automatic),65.75,1111.2,0,0.3429762335389133,0,LOW RISK,2026-08-30 13:02:06
3055-MJDSB,Male,0,No,No,9,No,DSL,Month-to-month,Mailed check,24.6,190.1,0,0.7040165449193101,1,HIGH RISK,2026-08-30 13:02:06
9091-WTUUY,Male,0,Yes,Yes,64,Yes,DSL,Two year,Mailed check,69.25,4447.75,0,0.020500886793822497,0,LOW RISK,2026-08-30 13:02:06
1618-CFHME,Female,0,No,No,2,Yes,Fiber optic,Month-to-month,Electronic check,75.9,143.35,1,0.8937895372470882,1,HIGH RISK,2026-08-30 13:02:06
3165-HDOEW,Male,0,Yes,Yes,1,Yes,DSL,Month-to-month,Mailed check,45.85,45.85,1,0.6507314944910515,1,MEDIUM RISK,2026-08-30 13:02:06
6581-NQCBA,Female,0,Yes,No,16,No,DSL,Month-to-month,Electronic check,49.95,810.2,1,0.7137669591299394,1,HIGH RISK,2026-08-30 13:02:06
7115-IRDHS,Female,0,Yes,No,72,Yes,No,Two year,Bank transfer (automatic),24.65,1830.05,0,0.01589141242031751,0,LOW RISK,2026-08-30 13:02:06
8496-DMZUK,Male,0,No,No,30,Yes,Fiber optic,One year,Bank transfer (automatic),90.4,2820.65,0,0.28169739513124226,0,LOW RISK,2026-08-30 13:02:06
2040-VZIKE,Female,0,Yes,No,49,Yes,Fiber optic,Month-to-month,Mailed check,100.85,4847.35,0,0.6818552338185148,1,MEDIUM RISK,2026-08-30 13:02:06
9068-VPWQQ,Male,0,Yes,No,61,Yes,DSL,Two year,Credit card (automatic),75.35,4729.3,0,0.03837810782229633,0,LOW RISK,2026-08-30 13:02:06
0178-SZBHO,Male,0,Yes,Yes,47,Yes,Fiber optic,Month-to-month,Electronic check,87.2,4017.45,0,0.525198460358973,1,MEDIUM RISK,2026-08-30 13:02:06
0384-RVBPI,Male,0,No,No,20,Yes,DSL,Month-to-month,Credit card (automatic),64.4,1398.6,0,0.3435853249795868,0,LOW RISK,2026-08-30 13:02:06
1689-MRZQR,Male,0,Yes,Yes,34,Yes,Fiber optic,Month-to-month,Electronic check,78.3,2564.3,1,0.5809840364070196,1,MEDIUM RISK,2026-08-30 13:02:06
1299-AURJA,Female,0,Yes,Yes,70,Yes,No,Two year,Bank transfer (automatic),24.7,1685.9,0,0.013783205865336608,0,LOW RISK,2026-08-30 13:02:06
4525-VZCZG,Male,0,No,Yes,54,Yes,Fiber optic,One year,Electronic check,105.85,5826.65,0,0.33103704092894365,0,LOW RISK,2026-08-30 13:02:06
1543-LLLFT,Male,1,Yes,No,61,Yes,Fiber optic,One year,Mailed check,98.3,6066.55,0,0.37696113491778854,0,LOW RISK,2026-08-30 13:02:06
5835-BEQEU,Male,0,No,No,3,Yes,Fiber optic,Month-to-month,Electronic check,76.95,228.4,1,0.892193447382353,1,HIGH RISK,2026-08-30 13:02:06
2788-CJQAQ,Male,0,No,No,13,Yes,No,One year,Mailed check,19.45,270.2,0,0.11590834049155099,0,LOW RISK,2026-08-30 13:02:06
5565-FILXA,Female,1,No,No,16,Yes,Fiber optic,Month-to-month,Electronic check,96.15,1529.2,1,0.8835402560226049,1,HIGH RISK,2026-08-30 13:02:06
0319-QZTCO,Female,0,Yes,Yes,3,Yes,DSL,Month-to-month,Credit card (automatic),58.7,168.6,0,0.6685017673099876,1,MEDIUM RISK,2026-08-30 13:02:06
2120-SMPEX,Male,0,No,No,25,Yes,No,Month-to-month,Mailed check,20.15,536.35,0,0.22779572383917224,0,LOW RISK,2026-08-30 13:02:06
0096-FCPUF,Male,0,No,No,30,Yes,DSL,Month-to-month,Mailed check,64.5,1888.45,0,0.45178400898503795,0,MEDIUM RISK,2026-08-30 13:02:06
0668-OGMHD,Female,0,Yes,No,21,No,DSL,Month-to-month,Electronic check,28.5,629.35,0,0.41909504097075445,0,MEDIUM RISK,2026-08-30 13:02:06
5552-ZNFSJ,Male,0,No,No,1,Yes,DSL,Month-to-month,Electronic check,45.3,45.3,1,0.6927764822963766,1,MEDIUM RISK,2026-08-30 13:02:06
2223-KAGMX,Female,0,No,No,15,Yes,No,Month-to-month,Bank transfer (automatic),19.4,289.3,1,0.19092659015095798,0,LOW RISK,2026-08-30 13:02:06
6507-ZJSUR,Male,1,Yes,No,23,Yes,Fiber optic,Month-to-month,Electronic check,90.45,2117.25,0,0.8255802416370468,1,HIGH RISK,2026-08-30 13:02:06
9408-HRXRK,Female,0,Yes,Yes,45,Yes,Fiber optic,Month-to-month,Electronic check,105.15,4730.9,0,0.6077135796242281,1,MEDIUM RISK,2026-08-30 13:02:06
5593-SUAOO,Female,0,Yes,Yes,24,Yes,Fiber optic,One year,Bank transfer (automatic),83.15,2033.05,0,0.31898198015003576,0,LOW RISK,2026-08-30 13:02:06
7321-PKUYW,Female,0,No,No,11,Yes,Fiber optic,Month-to-month,Electronic check,90.15,987.95,1,0.8203986650169419,1,HIGH RISK,2026-08-30 13:02:06
2833-SLKDQ,Male,0,No,No,1,Yes,DSL,Month-to-month,Mailed check,45.05,45.05,1,0.6147855139185493,1,MEDIUM RISK,2026-08-30 13:02:06
6766-HFKLA,Female,0,Yes,No,56,Yes,Fiber optic,Two year,Bank transfer (automatic),103.2,5744.35,0,0.22303429843334152,0,LOW RISK,2026-08-30 13:02:06
7595-EUIVN,Female,0,No,No,1,Yes,Fiber optic,Month-to-month,Electronic check,75.8,75.8,1,0.8029837179666705,1,HIGH RISK,2026-08-30 13:02:06
7617-EYGLW,Male,0,No,No,1,Yes,No,Month-to-month,Electronic check,19.45,19.45,0,0.4848867448006748,0,MEDIUM RISK,2026-08-30 13:02:06
2026-TGDHM,Female,0,No,No,7,Yes,Fiber optic,Month-to-month,Electronic check,79.3,523.15,1,0.8798188130835547,1,HIGH RISK,2026-08-30 13:02:06
9220-ZNKJI,Female,1,Yes,No,55,Yes,Fiber optic,Two year,Credit card (automatic),88.8,4805.3,0,0.1544363910102093,0,LOW RISK,2026-08-30 13:02:06
4030-VPZBD,Female,0,No,No,2,No,DSL,Month-to-month,Electronic check,30.9,59.05,1,0.7618700270113511,1,HIGH RISK,2026-08-30 13:02:06
2226-ICFDO,Female,0,Yes,Yes,72,Yes,DSL,Two year,Credit card (automatic),85.9,6110.75,0,0.038854151878146385,0,LOW RISK,2026-08-30 13:02:06
0723-VSOBE,Female,1,No,No,45,No,DSL,One year,Electronic check,34.2,1596.6,0,0.2763911404688024,0,LOW RISK,2026-08-30 13:02:06
5529-GIBVH,Female,0,No,No,47,Yes,No,Two year,Mailed check,20.15,1046.2,0,0.018594904161959417,0,LOW RISK,2026-08-30 13:02:06
4187-CINZD,Female,1,No,No,46,Yes,Fiber optic,One year,Credit card (automatic),95.25,4424.2,1,0.33932368380663597,0,LOW RISK,2026-08-30 13:02:06
9992-UJOEL,Male,0,No,No,2,Yes,DSL,Month-to-month,Mailed check,50.3,92.75,0,0.6520874060129248,1,MEDIUM RISK,2026-08-30 13:02:06
4741-WWJQZ,Female,0,Yes,No,2,Yes,Fiber optic,Month-to-month,Electronic check,80.15,194.55,0,0.7851079492705508,1,HIGH RISK,2026-08-30 13:02:06
6625-UTXEW,Female,0,Yes,No,12,Yes,DSL,Month-to-month,Electronic check,51.25,612.1,0,0.6475122439816173,1,MEDIUM RISK,2026-08-30 13:02:06
6818-WOBHJ,Female,1,Yes,No,68,Yes,Fiber optic,Month-to-month,Bank transfer (automatic),89.6,6127.6,1,0.5406365688773731,1,MEDIUM RISK,2026-08-30 13:02:06
6244-BESBM,Male,0,Yes,Yes,69,Yes,Fiber optic,Two year,Credit card (automatic),95.2,6671.7,0,0.1332074045995919,0,LOW RISK,2026-08-30 13:02:06
1004-NOZNR,Male,1,No,Yes,56,Yes,Fiber optic,One year,Credit card (automatic),94.8,5264.3,0,0.28086718072853395,0,LOW RISK,2026-08-30 13:02:06
1251-STYSZ,Female,1,No,No,4,Yes,Fiber optic,Month-to-month,Electronic check,80.25,303.7,0,0.8653035903483517,1,HIGH RISK,2026-08-30 13:02:06
2612-PHGOX,Male,0,Yes,No,64,Yes,DSL,Two year,Bank transfer (automatic),76.1,4818.8,0,0.05588648626137048,0,LOW RISK,2026-08-30 13:02:06
2408-TZMJL,Male,0,Yes,No,59,Yes,Fiber optic,One year,Electronic check,110.15,6448.05,1,0.4944823449141215,0,MEDIUM RISK,2026-08-30 13:02:06
8480-PPONV,Male,0,Yes,Yes,62,Yes,Fiber optic,Two year,Bank transfer (automatic),115.55,7159.05,0,0.10533647554834911,0,LOW RISK,2026-08-30 13:02:06
8780-IHCRN,Male,0,Yes,Yes,63,Yes,No,Two year,Credit card (automatic),24.65,1574.5,0,0.019201255411907547,0,LOW RISK,2026-08-30 13:02:06
4598-ZADCK,Female,0,No,No,53,No,DSL,One year,Electronic check,53.6,2879.2,0,0.21556124433987706,0,LOW RISK,2026-08-30 13:02:06
1257-SXUXQ,Male,0,Yes,Yes,5,Yes,No,Month-to-month,Mailed check,19.45,86.05,0,0.3202038331960185,0,LOW RISK,2026-08-30 13:02:06
9681-KYGYB,Male,1,Yes,No,49,Yes,Fiber optic,Month-to-month,Electronic check,88.2,4159.45,0,0.6406405719836907,1,MEDIUM RISK,2026-08-30 13:02:06
7182-OVLBJ,Female,0,Yes,Yes,62,Yes,Fiber optic,Two year,Bank transfer (automatic),101.15,6638.35,0,0.19261857908682112,0,LOW RISK,2026-08-30 13:02:06
5095-ETBRJ,Female,0,Yes,No,55,Yes,DSL,Two year,Mailed check,56.8,3112.05,0,0.03052999856838587,0,LOW RISK,2026-08-30 13:02:06
7005-CYUIL,Female,1,Yes,No,71,Yes,Fiber optic,Two year,Electronic check,99.4,7168.25,0,0.11867869639282719,0,LOW RISK,2026-08-30 13:02:06
4821-WQOYN,Female,0,Yes,Yes,72,Yes,No,Two year,Credit card (automatic),20.1,1326.25,0,0.013278458224261633,0,LOW RISK,2026-08-30 13:02:06
4730-AWNAU,Male,0,Yes,Yes,36,No,DSL,One year,Credit card (automatic),60.7,2234.55,0,0.16474200719778662,0,LOW RISK,2026-08-30 13:02:06
3452-FLHYD,Male,0,Yes,No,25,Yes,No,One year,Bank transfer (automatic),20.95,495.15,0,0.11907484504628287,0,LOW RISK,2026-08-30 13:02:06
2388-LAESQ,Female,1,Yes,No,72,Yes,Fiber optic,Two year,Bank transfer (automatic),114.85,8317.95,0,0.14551043067789504,0,LOW RISK,2026-08-30 13:02:06
9531-NSBMR,Female,0,No,No,36,Yes,No,One year,Bank transfer (automatic),19.25,679.8,0,0.07985443039876074,0,LOW RISK,2026-08-30 13:02:06
6260-ONULR,Male,0,No,No,1,Yes,DSL,Month-to-month,Mailed check,62.8,62.8,0,0.8123383668909675,1,HIGH RISK,2026-08-30 13:02:06
4389-UEFCZ,Female,0,Yes,No,72,Yes,Fiber optic,Two year,Electronic check,105.5,7544.0,0,0.23513241350805528,0,LOW RISK,2026-08-30 13:02:06
8711-LOBKY,Male,0,Yes,Yes,59,Yes,No,Two year,Mailed check,19.85,1188.25,0,0.01654601123075818,0,LOW RISK,2026-08-30 13:02:06
9134-CEQMF,Male,1,Yes,No,7,Yes,Fiber optic,Month-to-month,Electronic check,89.5,676.7,1,0.9288918150814753,1,HIGH RISK,2026-08-30 13:02:06
8985-OOPOS,Female,0,No,No,1,Yes,DSL,One year,Credit card (automatic),74.1,74.1,0,0.4284287077331628,0,MEDIUM RISK,2026-08-30 13:02:06
8800-ZKRFW,Female,0,Yes,Yes,30,Yes,Fiber optic,Month-to-month,Electronic check,107.5,3242.5,0,0.751617237484346,1,HIGH RISK,2026-08-30 13:02:06
2616-FLVQC,Male,0,No,No,64,Yes,No,Two year,Mailed check,19.55,1240.15,0,0.01625342140553989,0,LOW RISK,2026-08-30 13:02:06
9968-FFVVH,Male,0,No,No,63,Yes,DSL,One year,Bank transfer (automatic),68.8,4111.35,0,0.04531756181293166,0,LOW RISK,2026-08-30 13:02:06
3108-PCCGG,Male,1,Yes,No,72,Yes,DSL,Two year,Credit card (automatic),84.45,5899.85,0,0.04795728804461759,0,LOW RISK,2026-08-30 13:02:06
7993-PYKOF,Male,0,Yes,No,8,Yes,Fiber optic,Month-to-month,Electronic check,75.0,632.95,1,0.7312736541101035,1,HIGH RISK,2026-08-30 13:02:06
8390-FESFV,Female,0,No,No,62,Yes,DSL,Two year,Bank transfer (automatic),84.5,5193.2,0,0.05804783133249756,0,LOW RISK,2026-08-30 13:02:06
3022-BEXHZ,Male,0,Yes,Yes,67,Yes,Fiber optic,Two year,Bank transfer (automatic),111.2,7530.8,0,0.16654816455446755,0,LOW RISK,2026-08-30 13:02:06
5027-XWQHA,Male,0,No,No,6,Yes,DSL,Month-to-month,Electronic check,44.75,270.95,1,0.6537266799777334,1,MEDIUM RISK,2026-08-30 13:02:06
6248-TKCQV,Female,0,Yes,Yes,70,Yes,DSL,Two year,Bank transfer (automatic),80.6,5460.2,0,0.03897999528460442,0,LOW RISK,2026-08-30 13:02:06
6729-GDNGC,Female,1,No,No,20,Yes,Fiber optic,Month-to-month,Bank transfer (automatic),80.7,1614.2,0,0.6267430132585549,1,MEDIUM RISK,2026-08-30 13:02:06
6198-ZFIOJ,Female,0,No,No,5,Yes,Fiber optic,Month-to-month,Electronic check,75.6,402.5,0,0.8474798200940552,1,HIGH RISK,2026-08-30 13:02:06
5989-OMNJE,Female,0,Yes,Yes,24,No,DSL,One year,Electronic check,57.6,1367.75,0,0.30063524968380945,0,LOW RISK,2026-08-30 13:02:06
4566-QVRRW,Female,0,Yes,No,11,Yes,DSL,Month-to-month,Electronic check,44.05,483.7,1,0.6923886453048841,1,MEDIUM RISK,2026-08-30 13:02:06
1291-CUOCY,Male,0,Yes,No,72,Yes,Fiber optic,Two year,Credit card (automatic),110.6,7962.2,0,0.176611681416649,0,LOW RISK,2026-08-30 13:02:06
9795-SHUHB,Female,0,Yes,Yes,66,Yes,DSL,Two year,Credit card (automatic),58.2,3810.8,0,0.022527711789725416,0,LOW RISK,2026-08-30 13:02:06
3230-IUALN,Female,0,Yes,Yes,45,Yes,DSL,Two year,Mailed check,81.0,3533.6,0,0.04459121629757443,0,LOW RISK,2026-08-30 13:02:06
0042-RLHYP,Female,0,Yes,Yes,69,Yes,No,Two year,Bank transfer (automatic),19.7,1396.9,0,0.010508749527150219,0,LOW RISK,2026-08-30 13:02:06
8519-IMDHU,Male,1,Yes,No,15,Yes,Fiber optic,Month-to-month,Bank transfer (automatic),85.6,1345.55,1,0.810688114840401,1,HIGH RISK,2026-08-30 13:02:06
4945-RVMTE,Female,0,No,No,28,Yes,DSL,Month-to-month,Bank transfer (automatic),59.55,1646.45,0,0.4649851892511004,0,MEDIUM RISK,2026-08-30 13:02:06
0201-OAMXR,Female,0,No,No,70,Yes,Fiber optic,One year,Credit card (automatic),115.55,8127.6,1,0.19242261853837073,0,LOW RISK,2026-08-30 13:02:06
1866-NXPSP,Female,0,No,No,36,Yes,DSL,One year,Mailed check,75.55,2680.15,0,0.10060458482271385,0,LOW RISK,2026-08-30 13:02:06
3372-KWFBM,Male,1,No,No,16,Yes,Fiber optic,Month-to-month,Electronic check,86.6,1281.0,1,0.8446380455039189,1,HIGH RISK,2026-08-30 13:02:06
7831-QGOXH,Female,0,No,No,18,Yes,Fiber optic,Month-to-month,Electronic check,85.2,1553.9,1,0.8164141280448772,1,HIGH RISK,2026-08-30 13:02:06
6393-WRYZE,Female,0,Yes,No,34,Yes,Fiber optic,Month-to-month,Electronic check,97.65,3207.55,1,0.8103579388709883,1,HIGH RISK,2026-08-30 13:02:06
3941-XTSKM,Male,0,Yes,Yes,42,No,DSL,One year,Credit card (automatic),45.1,2049.05,0,0.21842413132167143,0,LOW RISK,2026-08-30 13:02:06
1661-CZBAU,Male,0,No,No,48,Yes,DSL,One year,Bank transfer (automatic),70.95,3629.2,0,0.09906422721515395,0,LOW RISK,2026-08-30 13:02:06
6599-RCLCJ,Male,0,Yes,No,47,Yes,Fiber optic,Month-to-month,Electronic check,109.55,5124.55,1,0.6729156568327024,1,MEDIUM RISK,2026-08-30 13:02:06
9831-BPFRI,Female,0,Yes,Yes,39,Yes,Fiber optic,One year,Electronic check,89.55,3474.45,1,0.3458783387682987,0,LOW RISK,2026-08-30 13:02:06
5158-RIVOP,Female,0,Yes,Yes,11,Yes,No,Two year,Credit card (automatic),20.9,202.3,0,0.0696833529539436,0,LOW RISK,2026-08-30 13:02:06
9788-YTFGE,Male,0,No,No,7,Yes,No,Month-to-month,Mailed check,19.95,147.5,0,0.4244276147212229,0,MEDIUM RISK,2026-08-30 13:02:06
9277-JOOMO,Female,0,No,No,3,Yes,No,Month-to-month,Mailed check,24.6,86.35,0,0.4505196259854194,0,MEDIUM RISK,2026-08-30 13:02:06
1907-YLNYW,Male,0,No,No,8,Yes,DSL,Month-to-month,Electronic check,66.7,579.0,0,0.630119889473803,1,MEDIUM RISK,2026-08-30 13:02:06
1725-MIMXW,Male,0,No,Yes,1,Yes,No,Month-to-month,Mailed check,19.45,19.45,1,0.43142696045857987,0,MEDIUM RISK,2026-08-30 13:02:06
8947-YRTDV,Male,0,Yes,Yes,32,Yes,Fiber optic,One year,Mailed check,94.8,3131.55,0,0.2482492334529836,0,LOW RISK,2026-08-30 13:02:06
3161-ONRWK,Male,0,Yes,Yes,60,Yes,DSL,One year,Bank transfer (automatic),65.85,3928.3,0,0.0432374649362939,0,LOW RISK,2026-08-30 13:02:06
0114-RSRRW,Female,0,Yes,No,10,Yes,No,Month-to-month,Bank transfer (automatic),19.95,187.75,0,0.3848936733549932,0,LOW RISK,2026-08-30 13:02:06
4565-NLZBV,Female,0,Yes,No,71,Yes,No,Two year,Bank transfer (automatic),24.65,1710.15,0,0.022957486285275375,0,LOW RISK,2026-08-30 13:02:06
0031-PVLZI,Female,0,Yes,Yes,4,Yes,No,Month-to-month,Mailed check,20.35,76.35,1,0.3203573812682243,0,LOW RISK,2026-08-30 13:02:06
7206-GZCDC,Female,1,No,No,1,Yes,Fiber optic,Month-to-month,Electronic check,69.25,69.25,1,0.8879497566919117,1,HIGH RISK,2026-08-30 13:02:06
6682-VCIXC,Female,0,Yes,Yes,43,No,DSL,One year,Bank transfer (automatic),51.25,2151.6,0,0.10944448082204143,0,LOW RISK,2026-08-30 13:02:06
4791-QRGMF,Male,0,Yes,No,59,Yes,Fiber optic,One year,Bank transfer (automatic),99.5,5961.1,1,0.5189856028222075,1,MEDIUM RISK,2026-08-30 13:02:06
6475-VHUIZ,Female,0,Yes,No,23,Yes,DSL,Month-to-month,Electronic check,54.25,1221.55,0,0.3416655457779365,0,LOW RISK,2026-08-30 13:02:06
3910-MRQOY,Female,0,Yes,No,72,Yes,No,Two year,Bank transfer (automatic),19.4,1496.45,0,0.011651302709286496,0,LOW RISK,2026-08-30 13:02:06
0661-WCQNQ,Male,0,Yes,No,22,Yes,DSL,One year,Credit card (automatic),56.25,1292.2,0,0.14743650191058813,0,LOW RISK,2026-08-30 13:02:06
7537-RBWEA,Female,0,No,No,1,No,DSL,Month-to-month,Mailed check,25.15,25.15,0,0.7606104399763507,1,HIGH RISK,2026-08-30 13:02:06
4656-CAURT,Male,0,No,No,69,Yes,No,Two year,Bank transfer (automatic),23.95,1713.1,0,0.017864773349862004,0,LOW RISK,2026-08-30 13:02:06
0121-SNYRK,Male,0,No,No,50,No,DSL,One year,Mailed check,35.4,1748.9,0,0.1431925925084987,0,LOW RISK,2026-08-30 13:02:06
1768-ZAIFU,Female,1,No,No,1,No,DSL,Month-to-month,Electronic check,25.2,25.2,1,0.8411885471263283,1,HIGH RISK,2026-08-30 13:02:06
4671-LXRDQ,Male,0,No,No,2,Yes,DSL,Month-to-month,Mailed check,45.0,96.45,1,0.6874677945665008,1,MEDIUM RISK,2026-08-30 13:02:06
3733-LSYCE,Female,0,Yes,No,15,Yes,Fiber optic,Month-to-month,Bank transfer (automatic),75.35,1114.55,0,0.5363269122179948,1,MEDIUM RISK,2026-08-30 13:02:06
6265-FRMTQ,Male,0,No,No,31,Yes,No,Two year,Bank transfer (automatic),20.4,609.1,0,0.03239271704825645,0,LOW RISK,2026-08-30 13:02:06
1934-SJVJK,Male,0,No,No,1,Yes,No,Month-to-month,Mailed check,20.15,20.15,1,0.3956985485919376,0,LOW RISK,2026-08-30 13:02:06
3838-OZURD,Male,0,Yes,No,66,Yes,Fiber optic,Month-to-month,Credit card (automatic),105.0,7133.25,1,0.6223362407881656,1,MEDIUM RISK,2026-08-30 13:02:06
1371-DWPAZ,Female,0,Yes,Yes,0,No,DSL,Two year,Credit card (automatic),56.05,0.0,0,0.17158135348237855,0,LOW RISK,2026-08-30 13:02:06
9269-CQOOL,Male,0,No,Yes,3,Yes,DSL,Month-to-month,Credit card (automatic),54.7,169.45,1,0.6940001349164875,1,MEDIUM RISK,2026-08-30 13:02:06
2017-CCBLH,Female,0,No,No,8,Yes,No,Two year,Mailed check,20.0,141.6,0,0.09408460340154143,0,LOW RISK,2026-08-30 13:02:06
7690-KPNCU,Male,0,Yes,Yes,64,Yes,DSL,One year,Credit card (automatic),73.05,4688.65,0,0.10838261880139093,0,LOW RISK,2026-08-30 13:02:06
0536-BGFMZ,Female,0,Yes,No,28,Yes,No,Month-to-month,Mailed check,20.5,563.05,0,0.15577074667115137,0,LOW RISK,2026-08-30 13:02:06
2293-IJWPS,Female,0,Yes,No,57,Yes,Fiber optic,One year,Credit card (automatic),100.75,5985.0,0,0.53723198085492,1,MEDIUM RISK,2026-08-30 13:02:06
2845-HSJCY,Female,0,Yes,Yes,14,Yes,Fiber optic,Month-to-month,Electronic check,87.25,1258.6,1,0.8254805079107516,1,HIGH RISK,2026-08-30 13:02:06
5469-NUJUR,Male,0,No,No,19,Yes,No,Two year,Mailed check,19.95,373.5,0,0.061367294178671566,0,LOW RISK,2026-08-30 13:02:06
1184-PJVDB,Male,0,Yes,No,10,Yes,Fiber optic,Month-to-month,Electronic check,79.95,857.2,1,0.8773278886260051,1,HIGH RISK,2026-08-30 13:02:06
2625-TRCZQ,Female,0,Yes,No,51,No,DSL,Month-to-month,Electronic check,49.65,2553.35,0,0.6158862166380733,1,MEDIUM RISK,2026-08-30 13:02:06
4102-HLENU,Female,0,Yes,No,67,Yes,DSL,Two year,Mailed check,65.65,4322.85,0,0.024784026353137527,0,LOW RISK,2026-08-30 13:02:06
7266-GSSJX,Male,0,Yes,Yes,11,Yes,No,Month-to-month,Electronic check,20.45,250.8,0,0.42764861985709457,0,MEDIUM RISK,2026-08-30 13:02:06
7722-VJRQD,Male,0,Yes,Yes,72,No,DSL,Two year,Bank transfer (automatic),60.95,4549.05,0,0.03763158050140791,0,LOW RISK,2026-08-30 13:02:06
7073-QETQY,Male,0,Yes,Yes,66,Yes,No,One year,Electronic check,20.35,1359.5,0,0.053155916044303156,0,LOW RISK,2026-08-30 13:02:06
9415-DPEWS,Female,0,No,No,18,Yes,Fiber optic,Month-to-month,Electronic check,88.35,1639.3,1,0.7773040580794681,1,HIGH RISK,2026-08-30 13:02:06
5624-RYAMH,Female,0,No,No,9,Yes,No,Month-to-month,Electronic check,19.5,178.85,0,0.48654907226207983,0,MEDIUM RISK,2026-08-30 13:02:06
0196-JTUQI,Female,0,No,No,9,Yes,Fiber optic,Month-to-month,Credit card (automatic),75.2,633.85,0,0.8205490518143609,1,HIGH RISK,2026-08-30 13:02:06
7130-YXBRO,Male,0,Yes,No,48,Yes,Fiber optic,Month-to-month,Bank transfer (automatic),111.45,5315.1,0,0.5435800762374818,1,MEDIUM RISK,2026-08-30 13:02:06
9272-LSVYH,Male,0,No,No,10,Yes,Fiber optic,Month-to-month,Mailed check,70.15,735.5,0,0.7159586376958935,1,HIGH RISK,2026-08-30 13:02:06
7943-RQCHR,Female,0,No,No,9,Yes,Fiber optic,Month-to-month,Electronic check,94.75,889.9,1,0.9286499588039958,1,HIGH RISK,2026-08-30 13:02:06
3793-MMFUH,Female,1,No,No,13,Yes,Fiber optic,Month-to-month,Electronic check,95.05,1290.0,1,0.8976194026153297,1,HIGH RISK,2026-08-30 13:02:06
3249-ZPQRG,Male,0,No,No,4,Yes,Fiber optic,Month-to-month,Electronic check,78.45,330.05,1,0.843499794682845,1,HIGH RISK,2026-08-30 13:02:06
2568-BRGYX,Male,0,No,No,4,Yes,Fiber optic,Month-to-month,Electronic check,70.2,237.95,1,0.8541450055041079,1,HIGH RISK,2026-08-30 13:02:06
3084-DOWLE,Female,0,Yes,No,72,Yes,DSL,Two year,Bank transfer (automatic),92.0,6474.4,0,0.029124158022899235,0,LOW RISK,2026-08-30 13:02:06
1084-MNSMJ,Female,0,Yes,Yes,51,Yes,DSL,Two year,Credit card (automatic),85.5,4421.95,0,0.038507368481044524,0,LOW RISK,2026-08-30 13:02:06
7721-JXEAW,Male,0,Yes,No,59,No,DSL,Month-to-month,Bank transfer (automatic),41.05,2452.7,1,0.3671679100447531,0,LOW RISK,2026-08-30 13:02:06
7249-WBIYX,Male,0,Yes,No,10,Yes,Fiber optic,Month-to-month,Electronic check,85.6,813.85,1,0.9021213499953297,1,HIGH RISK,2026-08-30 13:02:06
4238-HFHSN,Male,1,Yes,No,61,Yes,Fiber optic,Month-to-month,Electronic check,82.15,4904.85,0,0.6057168532789412,1,MEDIUM RISK,2026-08-30 13:02:06
6250-CGGUN,Male,0,No,No,54,Yes,Fiber optic,One year,Electronic check,84.4,4484.05,0,0.20311443422342082,0,LOW RISK,2026-08-30 13:02:06
5478-JJVZK,Female,0,No,No,33,Yes,DSL,Month-to-month,Mailed check,60.9,2033.85,0,0.31095629041024686,0,LOW RISK,2026-08-30 13:02:06
7596-IIWYC,Female,0,No,No,27,Yes,No,Two year,Bank transfer (automatic),20.25,538.2,0,0.05140025334970078,0,LOW RISK,2026-08-30 13:02:06
6567-HOOPW,Female,1,No,No,1,Yes,Fiber optic,Month-to-month,Electronic check,79.2,79.2,1,0.9140934532224819,1,HIGH RISK,2026-08-30 13:02:06
9793-WECQC,Male,0,No,No,23,Yes,Fiber optic,Month-to-month,Mailed check,95.3,2192.9,0,0.6304420161996233,1,MEDIUM RISK,2026-08-30 13:02:06
4291-HPAXL,Male,0,No,Yes,1,Yes,No,Month-to-month,Mailed check,19.85,19.85,0,0.3476592351884968,0,LOW RISK,2026-08-30 13:02:06
8999-YPYBV,Male,0,Yes,Yes,45,Yes,DSL,Two year,Mailed check,84.35,3858.05,0,0.042853040569165744,0,LOW RISK,2026-08-30 13:02:06
1839-FBNFR,Female,0,Yes,Yes,39,Yes,No,Two year,Bank transfer (automatic),19.85,854.8,0,0.028595480214297697,0,LOW RISK,2026-08-30 13:02:06
3164-AALRN,Male,0,No,No,5,Yes,DSL,One year,Mailed check,70.0,347.4,1,0.555029896071805,1,MEDIUM RISK,2026-08-30 13:02:06
3071-MVJCD,Male,0,Yes,Yes,72,Yes,DSL,Two year,Bank transfer (automatic),82.3,5815.15,0,0.017156144909286714,0,LOW RISK,2026-08-30 13:02:06
1697-BCSHV,Female,0,Yes,Yes,58,Yes,DSL,Month-to-month,Bank transfer (automatic),66.8,3970.4,0,0.2566668911998024,0,LOW RISK,2026-08-30 13:02:06
0562-KBDVM,Female,0,No,No,70,No,DSL,Two year,Bank transfer (automatic),44.6,3058.15,0,0.030138115263543323,0,LOW RISK,2026-08-30 13:02:06
1131-SUEKT,Male,0,Yes,Yes,61,Yes,Fiber optic,One year,Bank transfer (automatic),98.45,6145.2,0,0.28626878392873906,0,LOW RISK,2026-08-30 13:02:06
3717-OEAUQ,Male,0,No,No,2,Yes,Fiber optic,Month-to-month,Mailed check,70.7,129.2,0,0.7600650659843519,1,HIGH RISK,2026-08-30 13:02:06
4538-WNTMJ,Female,0,Yes,Yes,46,Yes,No,One year,Mailed check,24.95,1165.9,0,0.04722711477087471,0,LOW RISK,2026-08-30 13:02:06
3334-CTHOL,Female,0,No,No,1,Yes,DSL,Month-to-month,Bank transfer (automatic),49.95,49.95,1,0.7401258571655998,1,HIGH RISK,2026-08-30 13:02:06
4704-ERYFC,Female,0,Yes,No,22,Yes,Fiber optic,Month-to-month,Electronic check,69.25,1554.0,1,0.6873191388206318,1,MEDIUM RISK,2026-08-30 13:02:06
9432-RUVSL,Female,0,No,No,48,Yes,Fiber optic,Two year,Credit card (automatic),102.5,4904.25,0,0.1419681583862169,0,LOW RISK,2026-08-30 13:02:06
8060-HIWJJ,Male,0,No,No,64,Yes,DSL,Two year,Credit card (automatic),86.55,5632.55,0,0.056456793596248,0,LOW RISK,2026-08-30 13:02:06
7684-XSZIY,Male,0,Yes,Yes,72,Yes,No,Two year,Bank transfer (automatic),24.3,1643.25,0,0.013086243330712784,0,LOW RISK,2026-08-30 13:02:06
9089-UOWJG,Female,0,Yes,Yes,12,Yes,DSL,Month-to-month,Credit card (automatic),58.35,740.55,0,0.6351307063295956,1,MEDIUM RISK,2026-08-30 13:02:06
8621-MNIHH,Female,1,Yes,No,34,Yes,Fiber optic,Month-to-month,Electronic check,94.25,3217.55,1,0.7821471209850175,1,HIGH RISK,2026-08-30 13:02:06
8039-ACLPL,Female,0,Yes,Yes,72,Yes,DSL,Two year,Credit card (automatic),68.75,4888.2,0,0.01762339768941195,0,LOW RISK,2026-08-30 13:02:06
9885-AIBVB,Male,0,Yes,No,29,Yes,Fiber optic,Month-to-month,Electronic check,85.8,2440.25,0,0.7169175516373709,1,HIGH RISK,2026-08-30 13:02:06
1934-MKPXS,Male,0,Yes,Yes,33,Yes,No,One year,Credit card (automatic),20.1,620.55,0,0.055799530925503354,0,LOW RISK,2026-08-30 13:02:06
2592-YKDIF,Female,0,No,No,1,Yes,No,Month-to-month,Mailed check,20.35,20.35,0,0.3886131436582075,0,LOW RISK,2026-08-30 13:02:06
2272-JKMSI,Female,0,Yes,Yes,62,Yes,Fiber optic,One year,Electronic check,110.8,6840.95,0,0.42942083423966393,0,MEDIUM RISK,2026-08-30 13:02:06
0471-LVHGK,Male,0,Yes,No,41,Yes,DSL,One year,Electronic check,73.0,3001.2,1,0.37074345218919513,0,LOW RISK,2026-08-30 13:02:06
9518-RWHZL,Female,0,No,No,64,Yes,Fiber optic,One year,Credit card (automatic),100.05,6254.2,1,0.4592686578146502,0,MEDIUM RISK,2026-08-30 13:02:06
8714-CTZJW,Female,0,No,No,4,Yes,Fiber optic,Month-to-month,Credit card (automatic),82.85,319.6,0,0.855443712020254,1,HIGH RISK,2026-08-30 13:02:06
3569-EDBPQ,Female,0,No,No,24,Yes,Fiber optic,Month-to-month,Electronic check,84.35,1938.05,0,0.5791597872430053,1,MEDIUM RISK,2026-08-30 13:02:06
3131-NWVFJ,Female,0,Yes,Yes,14,Yes,No,One year,Mailed check,19.55,294.5,0,0.09323165006815985,0,LOW RISK,2026-08-30 13:02:06
7521-YXVZY,Male,0,No,Yes,3,Yes,No,Month-to-month,Mailed check,19.95,58.3,0,0.32926919404524113,0,LOW RISK,2026-08-30 13:02:06
5419-CONWX,Female,1,No,No,4,Yes,Fiber optic,Month-to-month,Credit card (automatic),99.8,442.85,1,0.8931990658681576,1,HIGH RISK,2026-08-30 13:02:06
6240-EURKS,Female,0,No,Yes,18,No,DSL,Month-to-month,Electronic check,35.0,553.0,1,0.6295924723714907,1,MEDIUM RISK,2026-08-30 13:02:06
2373-NTKOD,Male,0,No,No,8,Yes,DSL,Month-to-month,Electronic check,66.25,546.45,0,0.7649842833045433,1,HIGH RISK,2026-08-30 13:02:06
1970-KKFWL,Female,0,No,No,35,Yes,No,Two year,Bank transfer (automatic),23.3,797.1,0,0.038622887359056064,0,LOW RISK,2026-08-30 13:02:06
6960-HVYXR,Female,0,No,No,1,Yes,Fiber optic,Month-to-month,Electronic check,76.0,76.0,1,0.8622025317438042,1,HIGH RISK,2026-08-30 13:02:06
9337-SRRNI,Male,0,No,Yes,66,Yes,No,Two year,Credit card (automatic),25.3,1673.8,0,0.02296881645580358,0,LOW RISK,2026-08-30 13:02:06
0895-UADGO,Male,0,No,Yes,8,No,DSL,Two year,Mailed check,44.55,343.45,0,0.23787249419188533,0,LOW RISK,2026-08-30 13:02:06
5678-VFNEQ,Female,0,Yes,No,71,Yes,Fiber optic,One year,Credit card (automatic),104.1,7412.25,0,0.3335655492586307,0,LOW RISK,2026-08-30 13:02:06
5977-CKHON,Female,0,Yes,Yes,43,Yes,Fiber optic,Month-to-month,Bank transfer (automatic),92.55,4039.0,0,0.5655185260702871,1,MEDIUM RISK,2026-08-30 13:02:06
7024-OHCCK,Female,1,No,No,2,Yes,Fiber optic,Month-to-month,Electronic check,93.85,170.85,1,0.9491002848170575,1,HIGH RISK,2026-08-30 13:02:06
2692-BUCFV,Male,1,No,No,29,Yes,Fiber optic,Month-to-month,Bank transfer (automatic),101.45,2948.6,0,0.7329390714597113,1,HIGH RISK,2026-08-30 13:02:06
7861-UVUFT,Female,0,Yes,No,15,Yes,Fiber optic,Month-to-month,Electronic check,84.3,1308.4,1,0.7965621652523945,1,HIGH RISK,2026-08-30 13:02:06
1830-GGFNM,Male,0,Yes,Yes,65,Yes,Fiber optic,Two year,Credit card (automatic),94.55,6078.75,0,0.05297115271679943,0,LOW RISK,2026-08-30 13:02:06
5302-BDJNT,Male,0,No,No,35,Yes,Fiber optic,Month-to-month,Electronic check,95.5,3418.2,0,0.6307925694101205,1,MEDIUM RISK,2026-08-30 13:02:06
5223-UZAVK,Male,0,No,No,64,Yes,Fiber optic,One year,Credit card (automatic),100.3,6603.8,0,0.2851884605537934,0,LOW RISK,2026-08-30 13:02:06
4859-ZSRDZ,Female,0,Yes,Yes,58,No,DSL,Two year,Credit card (automatic),55.5,3166.9,0,0.11569608631317227,0,LOW RISK,2026-08-30 13:02:06
5651-WYIPH,Female,1,No,No,18,Yes,DSL,Month-to-month,Credit card (automatic),49.85,865.75,0,0.44195376352212135,0,MEDIUM RISK,2026-08-30 13:02:06
9350-VLHMB,Male,0,Yes,Yes,67,Yes,Fiber optic,Month-to-month,Bank transfer (automatic),89.55,6373.1,0,0.47211700187522715,0,MEDIUM RISK,2026-08-30 13:02:06
3498-LZGQZ,Male,0,Yes,Yes,63,Yes,No,Two year,Mailed check,19.15,1177.05,0,0.020023713421114208,0,LOW RISK,2026-08-30 13:02:06
8785-CJSHH,Female,0,Yes,No,60,Yes,Fiber optic,Month-to-month,Electronic check,99.8,5985.75,0,0.7309929618045041,1,HIGH RISK,2026-08-30 13:02:06
5357-TZHPP,Male,1,No,No,9,Yes,Fiber optic,Month-to-month,Credit card (automatic),84.4,732.5,1,0.8877283268059798,1,HIGH RISK,2026-08-30 13:02:06
3870-SPZSI,Female,0,Yes,Yes,70,Yes,Fiber optic,Two year,Credit card (automatic),113.05,7869.05,0,0.11623923835634686,0,LOW RISK,2026-08-30 13:02:06
0680-DFNNY,Male,0,Yes,No,15,Yes,Fiber optic,Month-to-month,Electronic check,101.1,1504.05,1,0.8781723283157422,1,HIGH RISK,2026-08-30 13:02:06
7560-QRBXH,Female,0,No,Yes,48,Yes,No,One year,Mailed check,19.95,936.7,0,0.031119118280232658,0,LOW RISK,2026-08-30 13:02:06
7077-XJMET,Male,0,Yes,No,12,Yes,DSL,Month-to-month,Electronic check,74.15,741.4,0,0.6885932930543472,1,MEDIUM RISK,2026-08-30 13:02:06
8752-GHJFU,Male,1,Yes,No,71,Yes,Fiber optic,One year,Electronic check,92.0,6585.2,0,0.23698890473340894,0,LOW RISK,2026-08-30 13:02:06
6896-SRVYQ,Male,1,No,No,44,Yes,Fiber optic,Month-to-month,Electronic check,73.85,3122.4,0,0.5051708162790667,1,MEDIUM RISK,2026-08-30 13:02:06
7767-UXAGJ,Male,0,No,No,1,Yes,DSL,Month-to-month,Electronic check,50.45,50.45,1,0.8115059502897777,1,HIGH RISK,2026-08-30 13:02:06
4652-ODEVH,Male,0,Yes,Yes,45,Yes,No,Two year,Mailed check,24.45,1088.25,0,0.0235160132116599,0,LOW RISK,2026-08-30 13:02:06
6510-UPNKS,Female,0,No,No,23,Yes,No,One year,Credit card (automatic),24.8,615.35,0,0.10354662213908476,0,LOW RISK,2026-08-30 13:02:06
6718-BDGHG,Female,0,Yes,No,43,Yes,DSL,One year,Bank transfer (automatic),64.85,2908.2,0,0.15771056432102493,0,LOW RISK,2026-08-30 13:02:06
9046-DQMTP,Male,0,No,No,35,Yes,No,Month-to-month,Bank transfer (automatic),20.75,739.9,0,0.1190160266666191,0,LOW RISK,2026-08-30 13:02:06
6439-LAJXL,Male,0,Yes,No,9,Yes,DSL,Month-to-month,Mailed check,68.95,593.85,0,0.4372941244492318,0,MEDIUM RISK,2026-08-30 13:02:06
1571-SAVHK,Male,0,No,No,12,Yes,Fiber optic,Month-to-month,Mailed check,99.95,1132.75,1,0.8593998745653695,1,HIGH RISK,2026-08-30 13:02:06
9052-VKDUW,Female,1,Yes,No,65,Yes,Fiber optic,Month-to-month,Credit card (automatic),109.4,7227.45,0,0.5782473702728709,1,MEDIUM RISK,2026-08-30 13:02:06
9546-CQJSU,Female,0,No,No,2,Yes,Fiber optic,Month-to-month,Electronic check,91.4,193.6,1,0.9214177590780535,1,HIGH RISK,2026-08-30 13:02:06
1666-JZPZT,Male,0,No,No,27,Yes,DSL,Month-to-month,Mailed check,49.0,1291.35,0,0.40471283921389356,0,MEDIUM RISK,2026-08-30 13:02:06
5777-KJIRB,Female,0,No,No,40,Yes,DSL,One year,Mailed check,50.25,2023.55,0,0.1675547178907287,0,LOW RISK,2026-08-30 13:02:06
0506-LVNGN,Female,1,No,No,5,Yes,Fiber optic,Month-to-month,Credit card (automatic),75.55,349.65,1,0.8214028557823547,1,HIGH RISK,2026-08-30 13:02:06
7677-SJJJK,Male,0,Yes,Yes,8,Yes,No,One year,Credit card (automatic),19.9,153.95,0,0.1636066532474369,0,LOW RISK,2026-08-30 13:02:06
2480-EJWYP,Female,1,Yes,No,58,Yes,Fiber optic,One year,Bank transfer (automatic),97.8,5458.8,0,0.5242286392691382,1,MEDIUM RISK,2026-08-30 13:02:06
3253-HKOKL,Female,0,Yes,Yes,52,Yes,Fiber optic,One year,Electronic check,100.3,5244.45,0,0.36329538475804674,0,LOW RISK,2026-08-30 13:02:06
7055-HNEOJ,Male,0,Yes,No,3,Yes,DSL,Month-to-month,Mailed check,55.8,154.55,0,0.6152414617150671,1,MEDIUM RISK,2026-08-30 13:02:06
5514-YQENT,Male,0,No,Yes,41,Yes,Fiber optic,Two year,Electronic check,111.15,4507.15,0,0.17402718195036157,0,LOW RISK,2026-08-30 13:02:06
3211-AAPKX,Male,0,No,No,20,Yes,Fiber optic,Month-to-month,Mailed check,98.55,2031.95,0,0.7650889049821642,1,HIGH RISK,2026-08-30 13:02:06
8445-DNBAE,Male,0,No,Yes,1,Yes,DSL,Month-to-month,Electronic check,50.05,50.05,0,0.7782887122573673,1,HIGH RISK,2026-08-30 13:02:06
2951-QOQTK,Male,0,No,Yes,4,Yes,Fiber optic,Month-to-month,Credit card (automatic),80.8,332.45,1,0.7112548459222797,1,HIGH RISK,2026-08-30 13:02:06
2958-NHPPS,Male,0,No,No,23,Yes,No,Month-to-month,Electronic check,20.85,473.9,0,0.20408648015870418,0,LOW RISK,2026-08-30 13:02:06
6806-YDEUL,Female,1,No,No,6,Yes,No,Month-to-month,Bank transfer (automatic),19.5,106.8,0,0.3717669690215478,0,LOW RISK,2026-08-30 13:02:06
1735-XMJVH,Male,0,Yes,Yes,8,Yes,No,Month-to-month,Mailed check,19.35,152.6,0,0.3739496799320622,0,LOW RISK,2026-08-30 13:02:06
6890-PFRQX,Male,0,No,No,18,Yes,DSL,Month-to-month,Mailed check,69.5,1199.4,0,0.3457468535959919,0,LOW RISK,2026-08-30 13:02:06
0222-CNVPT,Male,1,No,No,52,No,DSL,Month-to-month,Credit card (automatic),48.8,2555.05,0,0.49811340627946593,0,MEDIUM RISK,2026-08-30 13:02:06
5899-OUVKV,Male,0,No,No,31,Yes,Fiber optic,Month-to-month,Electronic check,94.5,2979.2,0,0.7675739526324243,1,HIGH RISK,2026-08-30 13:02:06
8681-ICONS,Male,0,Yes,Yes,29,Yes,No,Month-to-month,Mailed check,20.65,654.85,0,0.17377221851996258,0,LOW RISK,2026-08-30 13:02:06
1621-YNCJH,Female,0,Yes,No,36,Yes,Fiber optic,Two year,Credit card (automatic),106.05,3834.4,0,0.17936372606706455,0,LOW RISK,2026-08-30 13:02:06
3473-XIIIT,Female,0,Yes,No,16,Yes,Fiber optic,Month-to-month,Electronic check,100.0,1534.75,1,0.8555827414473687,1,HIGH RISK,2026-08-30 13:02:06
6362-QHAFM,Male,0,Yes,No,42,Yes,Fiber optic,One year,Electronic check,108.3,4586.15,0,0.5536687781733354,1,MEDIUM RISK,2026-08-30 13:02:06
7893-IXHRQ,Male,0,No,No,1,Yes,No,Month-to-month,Electronic check,20.55,20.55,1,0.4798878961722695,0,MEDIUM RISK,2026-08-30 13:02:06
3070-BDOQC,Female,0,No,No,60,Yes,Fiber optic,Two year,Electronic check,99.65,5941.05,0,0.2966166868258422,0,LOW RISK,2026-08-30 13:02:06
2952-QAYZF,Male,0,No,No,5,Yes,Fiber optic,Month-to-month,Electronic check,85.3,424.15,1,0.8761563664746811,1,HIGH RISK,2026-08-30 13:02:06
6234-PFPXL,Male,0,Yes,No,22,Yes,Fiber optic,Month-to-month,Credit card (automatic),95.9,2234.95,0,0.5157643924518638,1,MEDIUM RISK,2026-08-30 13:02:06
9824-QCJPK,Male,0,Yes,No,36,Yes,No,One year,Mailed check,20.0,666.75,0,0.06286125372993902,0,LOW RISK,2026-08-30 13:02:06
4763-PGDPO,Female,0,No,No,4,Yes,Fiber optic,Month-to-month,Electronic check,70.4,281.0,1,0.8071094279955453,1,HIGH RISK,2026-08-30 13:02:06
4283-IVYCI,Male,0,No,No,9,Yes,DSL,Month-to-month,Mailed check,64.95,547.8,0,0.3763228027938281,0,LOW RISK,2026-08-30 13:02:06
1866-OBPNR,Male,0,Yes,Yes,1,Yes,Fiber optic,Month-to-month,Credit card (automatic),74.6,74.6,0,0.7131442098334094,1,HIGH RISK,2026-08-30 13:02:06
8205-MQUGY,Male,0,Yes,Yes,12,Yes,DSL,Month-to-month,Electronic check,49.2,571.15,0,0.5525357649211673,1,MEDIUM RISK,2026-08-30 13:02:06
8970-ANWXO,Female,0,No,No,23,Yes,DSL,One year,Mailed check,73.75,1756.6,0,0.30818283515217154,0,LOW RISK,2026-08-30 13:02:06
9480-BQJEI,Male,0,No,No,62,Yes,Fiber optic,One year,Bank transfer (automatic),92.3,5731.45,0,0.2969755796410932,0,LOW RISK,2026-08-30 13:02:06
5394-SVGJV,Male,0,No,No,37,Yes,Fiber optic,Month-to-month,Bank transfer (automatic),98.8,3475.55,1,0.5923665063491668,1,MEDIUM RISK,2026-08-30 13:02:06
6979-TNDEU,Female,0,No,No,8,Yes,No,Month-to-month,Mailed check,19.2,156.85,0,0.33062413029706916,0,LOW RISK,2026-08-30 13:02:06
9777-WJJPR,Male,0,Yes,No,31,Yes,Fiber optic,Month-to-month,Credit card (automatic),88.65,2683.2,0,0.6526506460353093,1,MEDIUM RISK,2026-08-30 13:02:06
9283-LZQOH,Male,0,Yes,Yes,13,Yes,Fiber optic,Month-to-month,Credit card (automatic),74.4,896.75,1,0.6984278347895437,1,MEDIUM RISK,2026-08-30 13:02:06
7079-QRCBC,Female,0,No,No,24,Yes,Fiber optic,Month-to-month,Electronic check,98.75,2407.3,1,0.8392332060220983,1,HIGH RISK,2026-08-30 13:02:06
9495-SKLKD,Male,0,Yes,Yes,45,Yes,Fiber optic,Month-to-month,Bank transfer (automatic),95.95,4456.65,0,0.534446142891869,1,MEDIUM RISK,2026-08-30 13:02:06
6048-UWKAL,Female,1,Yes,No,69,Yes,Fiber optic,Two year,Credit card (automatic),105.4,6998.95,0,0.1540887723193607,0,LOW RISK,2026-08-30 13:02:06
5067-DGXLL,Male,0,No,No,2,Yes,No,Month-to-month,Mailed check,20.25,36.8,0,0.38434108807683826,0,LOW RISK,2026-08-30 13:02:06
5469-CTCWN,Male,0,Yes,Yes,61,Yes,Fiber optic,One year,Electronic check,106.0,6547.7,1,0.4189091150080105,0,MEDIUM RISK,2026-08-30 13:02:06
9851-QXEEQ,Male,0,No,No,41,Yes,Fiber optic,Month-to-month,Electronic check,104.7,4346.4,1,0.7642063136600941,1,HIGH RISK,2026-08-30 13:02:06
6281-FKEWS,Female,0,No,No,44,No,DSL,One year,Electronic check,49.05,2265.0,0,0.4036428153452147,0,MEDIUM RISK,2026-08-30 13:02:06
8898-KASCD,Male,0,No,No,39,No,DSL,One year,Mailed check,35.55,1309.15,0,0.13583973328561216,0,LOW RISK,2026-08-30 13:02:06
9242-TKFSV,Male,0,Yes,Yes,72,No,DSL,Two year,Credit card (automatic),65.1,4754.3,0,0.035714957515280296,0,LOW RISK,2026-08-30 13:02:06
9290-SHCMB,Female,1,No,No,13,Yes,Fiber optic,Month-to-month,Electronic check,96.85,1235.55,0,0.8607893590605774,1,HIGH RISK,2026-08-30 13:02:06
0743-HNPFG,Female,0,Yes,Yes,51,Yes,DSL,One year,Credit card (automatic),69.75,3562.5,0,0.08149159880362612,0,LOW RISK,2026-08-30 13:02:06
2277-BKJKN,Female,1,Yes,No,71,Yes,Fiber optic,Two year,Electronic check,99.2,7213.75,0,0.2647024100689702,0,LOW RISK,2026-08-30 13:02:06
9809-IMGCQ,Male,1,No,No,22,Yes,Fiber optic,Month-to-month,Electronic check,96.7,2082.95,1,0.8612681465840826,1,HIGH RISK,2026-08-30 13:02:06
5208-HFSBT,Female,0,No,No,2,Yes,DSL,Month-to-month,Credit card (automatic),55.05,102.75,1,0.5760241992936186,1,MEDIUM RISK,2026-08-30 13:02:06
5035-PGZXH,Female,0,No,No,56,Yes,Fiber optic,One year,Electronic check,106.8,5914.4,0,0.5863756102720802,1,MEDIUM RISK,2026-08-30 13:02:06
8695-WDYEA,Male,0,No,No,1,Yes,DSL,Month-to-month,Mailed check,51.25,51.25,0,0.5186044390557599,1,MEDIUM RISK,2026-08-30 13:02:06
6543-JXSOO,Female,0,Yes,Yes,23,Yes,DSL,One year,Mailed check,57.75,1282.85,0,0.10921508597011918,0,LOW RISK,2026-08-30 13:02:06
8016-ZMGMO,Female,1,Yes,No,66,Yes,DSL,One year,Bank transfer (automatic),70.85,4738.85,0,0.15598878968239183,0,LOW RISK,2026-08-30 13:02:06
8605-ITULD,Female,0,No,No,1,Yes,No,Month-to-month,Mailed check,19.55,19.55,0,0.39207812545460274,0,LOW RISK,2026-08-30 13:02:06
3254-YRILK,Male,1,No,No,19,Yes,Fiber optic,Month-to-month,Electronic check,88.2,1775.8,1,0.8283344031350244,1,HIGH RISK,2026-08-30 13:02:06
6416-YJTTB,Male,0,No,No,11,Yes,Fiber optic,Month-to-month,Bank transfer (automatic),79.5,795.65,0,0.6903057284682638,1,MEDIUM RISK,2026-08-30 13:02:06
2667-WYLWJ,Female,0,Yes,Yes,8,Yes,No,One year,Mailed check,19.75,145.0,1,0.21458870723594597,0,LOW RISK,2026-08-30 13:02:06
4472-VESGY,Female,0,Yes,Yes,52,Yes,Fiber optic,Month-to-month,Bank transfer (automatic),98.15,4993.4,0,0.42141586632034717,0,MEDIUM RISK,2026-08-30 13:02:06
3195-TQDZX,Male,0,No,No,3,Yes,No,Month-to-month,Electronic check,20.25,61.45,0,0.5482183364096188,1,MEDIUM RISK,2026-08-30 13:02:06
3128-YOVTD,Female,0,Yes,Yes,51,Yes,Fiber optic,Month-to-month,Bank transfer (automatic),79.15,4018.55,0,0.34829081076959617,0,LOW RISK,2026-08-30 13:02:06
0529-ONKER,Male,1,No,No,15,Yes,Fiber optic,Month-to-month,Electronic check,75.65,1146.65,1,0.7558412288402907,1,HIGH RISK,2026-08-30 13:02:06
1728-CXQBE,Male,1,Yes,No,64,Yes,Fiber optic,Month-to-month,Electronic check,94.25,6081.4,0,0.681808132515283,1,MEDIUM RISK,2026-08-30 13:02:06
7041-TXQJH,Female,0,No,No,37,No,DSL,Month-to-month,Credit card (automatic),40.2,1478.85,0,0.4758049448379758,0,MEDIUM RISK,2026-08-30 13:02:06
5014-GSOUQ,Male,0,No,No,13,Yes,No,Two year,Mailed check,19.95,243.65,0,0.055090905293871006,0,LOW RISK,2026-08-30 13:02:06
5724-BIDBU,Male,0,Yes,No,49,Yes,DSL,One year,Electronic check,55.35,2633.95,0,0.24961689501041406,0,LOW RISK,2026-08-30 13:02:06
0481-SUMCB,Female,1,No,No,45,Yes,Fiber optic,One year,Bank transfer (automatic),102.15,4735.35,0,0.530596620810354,1,MEDIUM RISK,2026-08-30 13:02:06
1769-GRUIK,Female,0,No,No,18,Yes,Fiber optic,Month-to-month,Electronic check,71.1,1247.75,0,0.7010722644472192,1,HIGH RISK,2026-08-30 13:02:06
5240-IJOQT,Male,1,No,No,1,Yes,Fiber optic,Month-to-month,Electronic check,74.7,74.7,1,0.9161579042797369,1,HIGH RISK,2026-08-30 13:02:06
8819-WFGGJ,Male,0,Yes,No,68,No,DSL,Two year,Bank transfer (automatic),54.1,3794.5,0,0.09568814435283837,0,LOW RISK,2026-08-30 13:02:06
7427-AUFPY,Male,0,No,No,54,Yes,No,Two year,Credit card (automatic),19.65,1008.7,0,0.02336842061002122,0,LOW RISK,2026-08-30 13:02:06
2811-POVEX,Female,1,Yes,Yes,23,Yes,Fiber optic,Month-to-month,Bank transfer (automatic),88.45,2130.55,0,0.6354657524502579,1,MEDIUM RISK,2026-08-30 13:02:06
1092-GANHU,Male,0,No,No,17,Yes,Fiber optic,Month-to-month,Electronic check,76.65,1313.55,1,0.7174238842690892,1,HIGH RISK,2026-08-30 13:02:06
7898-PDWQE,Male,0,Yes,No,71,Yes,DSL,Two year,Credit card (automatic),80.4,5727.15,0,0.02397833258468885,0,LOW RISK,2026-08-30 13:02:06
9972-EWRJS,Female,0,Yes,Yes,67,Yes,No,Two year,Bank transfer (automatic),19.25,1372.9,0,0.016158986274204024,0,LOW RISK,2026-08-30 13:02:06
9314-IJWSQ,Female,0,Yes,Yes,14,Yes,Fiber optic,Month-to-month,Electronic check,84.8,1203.9,0,0.8123137188406563,1,HIGH RISK,2026-08-30 13:02:06
0661-XEYAN,Female,1,No,No,1,No,DSL,Month-to-month,Mailed check,25.8,25.8,1,0.7868378679478083,1,HIGH RISK,2026-08-30 13:02:06
5799-JRCZO,Female,0,No,Yes,63,Yes,No,Two year,Credit card (automatic),19.5,1215.1,0,0.013174594008348342,0,LOW RISK,2026-08-30 13:02:06
1921-KYSAY,Female,0,No,No,41,Yes,DSL,One year,Electronic check,68.6,2877.05,0,0.2346453405709847,0,LOW RISK,2026-08-30 13:02:06
6198-RTPMF,Female,0,Yes,No,17,Yes,Fiber optic,Month-to-month,Electronic check,92.6,1579.7,0,0.8297310237404524,1,HIGH RISK,2026-08-30 13:02:06
2924-KHUVI,Male,0,Yes,No,56,Yes,Fiber optic,One year,Electronic check,100.55,5514.95,0,0.5385295737092153,1,MEDIUM RISK,2026-08-30 13:02:06
1925-GMVBW,Female,0,No,No,5,Yes,No,Month-to-month,Credit card (automatic),20.55,96.1,0,0.3466217054742758,0,LOW RISK,2026-08-30 13:02:06
7881-EVUAD,Female,0,No,No,2,No,DSL,Month-to-month,Electronic check,42.6,72.4,1,0.7872354860086584,1,HIGH RISK,2026-08-30 13:02:06
6184-DYUOB,Female,0,Yes,No,3,Yes,No,Month-to-month,Mailed check,19.6,55.25,0,0.4646601337417592,0,MEDIUM RISK,2026-08-30 13:02:06
9207-ZPANB,Male,0,No,No,37,Yes,DSL,One year,Electronic check,67.45,2443.3,0,0.1004984874282055,0,LOW RISK,2026-08-30 13:02:06
5766-XQXMQ,Female,0,No,No,29,Yes,DSL,Month-to-month,Bank transfer (automatic),68.85,1970.5,1,0.2784954601690601,0,LOW RISK,2026-08-30 13:02:06
9327-QSDED,Male,0,No,No,8,Yes,DSL,Month-to-month,Mailed check,43.55,335.4,0,0.5554981341815299,1,MEDIUM RISK,2026-08-30 13:02:06
1656-DRSMG,Female,0,No,No,63,Yes,Fiber optic,Month-to-month,Credit card (automatic),109.85,7002.95,0,0.5652911560140502,1,MEDIUM RISK,2026-08-30 13:02:06
3012-VFFMN,Female,0,Yes,Yes,7,Yes,No,Month-to-month,Mailed check,20.65,158.95,0,0.29686300704832086,0,LOW RISK,2026-08-30 13:02:06
2984-AFWNC,Female,0,No,No,3,Yes,Fiber optic,Month-to-month,Electronic check,95.4,293.15,0,0.8767005887426849,1,HIGH RISK,2026-08-30 13:02:06
0640-YJTPY,Male,0,Yes,Yes,72,Yes,No,Two year,Bank transfer (automatic),21.0,1493.75,0,0.00936795131883134,0,LOW RISK,2026-08-30 13:02:06
8096-LOIST,Female,0,No,No,19,Yes,DSL,Month-to-month,Electronic check,56.2,1093.4,0,0.5925926443277184,1,MEDIUM RISK,2026-08-30 13:02:06
9764-REAFF,Female,0,Yes,No,59,Yes,No,Two year,Bank transfer (automatic),18.4,1057.85,0,0.01928425950249368,0,LOW RISK,2026-08-30 13:02:06
3703-VAVCL,Male,0,Yes,Yes,2,Yes,Fiber optic,Month-to-month,Credit card (automatic),90.0,190.05,1,0.74219574087422,1,HIGH RISK,2026-08-30 13:02:06
7107-UBYKY,Female,0,Yes,Yes,35,Yes,No,Month-to-month,Electronic check,25.75,882.55,0,0.23964421506259595,0,LOW RISK,2026-08-30 13:02:06
4881-GQJTW,Male,0,No,No,14,Yes,No,Month-to-month,Credit card (automatic),19.6,300.4,0,0.20700619029676992,0,LOW RISK,2026-08-30 13:02:06
8519-QJGJD,Female,0,No,No,14,Yes,Fiber optic,Month-to-month,Electronic check,75.35,1025.95,1,0.6635176500538779,1,MEDIUM RISK,2026-08-30 13:02:06
7876-DNYAP,Female,0,Yes,Yes,69,Yes,No,Two year,Credit card (automatic),19.8,1436.95,0,0.010854290770106653,0,LOW RISK,2026-08-30 13:02:06
7905-NJMXS,Male,1,Yes,No,7,Yes,DSL,Month-to-month,Electronic check,64.2,475.0,0,0.5843108392588999,1,MEDIUM RISK,2026-08-30 13:02:06
2882-WDTBA,Male,0,Yes,Yes,69,Yes,DSL,Two year,Bank transfer (automatic),75.75,5388.15,0,0.02051821003554518,0,LOW RISK,2026-08-30 13:02:06
2091-GPPIQ,Female,0,Yes,Yes,72,Yes,DSL,Two year,Electronic check,78.95,5730.15,0,0.06973647368843951,0,LOW RISK,2026-08-30 13:02:06
6326-MTTXK,Male,0,No,No,8,Yes,Fiber optic,Month-to-month,Electronic check,100.85,819.55,1,0.89325555988483,1,HIGH RISK,2026-08-30 13:02:06
5071-FBJFS,Female,0,Yes,Yes,4,Yes,DSL,Month-to-month,Electronic check,50.3,217.1,0,0.5352983140808458,1,MEDIUM RISK,2026-08-30 13:02:06
2796-UUZZO,Male,0,Yes,Yes,63,Yes,Fiber optic,Month-to-month,Credit card (automatic),80.3,4896.35,0,0.3425689869623559,0,LOW RISK,2026-08-30 13:02:06
2429-AYKKO,Male,0,No,No,72,Yes,No,Two year,Bank transfer (automatic),19.85,1434.1,0,0.011368212885329222,0,LOW RISK,2026-08-30 13:02:06
9798-OPFEM,Female,0,No,No,46,Yes,No,Two year,Electronic check,21.1,937.1,0,0.03686666061261095,0,LOW RISK,2026-08-30 13:02:06
0330-IVZHA,Female,0,Yes,No,5,Yes,Fiber optic,Month-to-month,Electronic check,69.95,330.15,1,0.8058611050294203,1,HIGH RISK,2026-08-30 13:02:06
3794-NFNCH,Male,0,Yes,No,30,Yes,DSL,Month-to-month,Mailed check,50.0,1474.9,0,0.3952533155624716,0,LOW RISK,2026-08-30 13:02:06
5193-QLVZB,Male,0,No,No,63,Yes,Fiber optic,Two year,Bank transfer (automatic),104.75,6536.5,0,0.26466463378727306,0,LOW RISK,2026-08-30 13:02:06
7114-AEOZE,Female,0,No,No,60,Yes,No,Two year,Bank transfer (automatic),19.85,1128.1,0,0.017487091784755444,0,LOW RISK,2026-08-30 13:02:06
2886-KEFUM,Female,0,Yes,No,63,Yes,Fiber optic,One year,Electronic check,107.5,6873.75,1,0.5377330772552263,1,MEDIUM RISK,2026-08-30 13:02:06
5522-NYKPB,Male,0,Yes,Yes,25,Yes,Fiber optic,Month-to-month,Electronic check,85.9,2199.05,0,0.5873945432553148,1,MEDIUM RISK,2026-08-30 13:02:06
4237-RLAQD,Male,0,No,No,1,Yes,DSL,Month-to-month,Mailed check,45.85,45.85,1,0.6897488568958241,1,MEDIUM RISK,2026-08-30 13:02:06
9957-YODKZ,Male,1,Yes,No,6,Yes,Fiber optic,Month-to-month,Electronic check,80.8,457.1,0,0.9020239402615222,1,HIGH RISK,2026-08-30 13:02:06
6518-KZXCB,Male,0,No,No,22,Yes,No,Two year,Mailed check,25.25,566.5,0,0.05297631398267913,0,LOW RISK,2026-08-30 13:02:06
2245-ADZFJ,Female,0,Yes,Yes,31,Yes,DSL,Two year,Bank transfer (automatic),80.55,2471.6,0,0.0814861077527414,0,LOW RISK,2026-08-30 13:02:06
7776-QGYJC,Female,0,Yes,Yes,39,Yes,Fiber optic,Month-to-month,Bank transfer (automatic),81.5,3107.3,0,0.371851664608443,0,LOW RISK,2026-08-30 13:02:06
9313-QOLTZ,Male,0,No,No,26,Yes,No,Month-to-month,Mailed check,20.9,518.3,0,0.16385482086174694,0,LOW RISK,2026-08-30 13:02:06
9651-GTSAQ,Female,0,Yes,No,53,Yes,Fiber optic,One year,Bank transfer (automatic),106.1,5769.75,1,0.36646759972040654,0,LOW RISK,2026-08-30 13:02:06
3186-BAXNB,Female,0,No,No,1,Yes,Fiber optic,Month-to-month,Electronic check,91.7,91.7,1,0.8016192142326333,1,HIGH RISK,2026-08-30 13:02:06
4672-FOTSD,Male,0,No,No,12,Yes,DSL,Month-to-month,Electronic check,67.25,832.3,0,0.48504623429940796,0,MEDIUM RISK,2026-08-30 13:02:06
0637-YLETY,Female,0,No,No,16,Yes,Fiber optic,Month-to-month,Credit card (automatic),95.6,1555.65,1,0.7515266042816932,1,HIGH RISK,2026-08-30 13:02:06
9818-XQCUV,Female,0,No,No,2,Yes,No,Month-to-month,Mailed check,20.35,45.3,0,0.3813153622096207,0,LOW RISK,2026-08-30 13:02:06
7338-ERIVA,Male,0,No,Yes,39,No,DSL,One year,Bank transfer (automatic),45.05,1790.6,0,0.10421616598415137,0,LOW RISK,2026-08-30 13:02:06
1157-BQCUW,Male,0,No,No,1,Yes,Fiber optic,Month-to-month,Electronic check,74.95,74.95,1,0.9024662806976218,1,HIGH RISK,2026-08-30 13:02:06
8259-NFJTV,Female,0,Yes,Yes,7,No,DSL,Month-to-month,Mailed check,34.65,246.6,0,0.43955810092599107,0,MEDIUM RISK,2026-08-30 13:02:06
3223-DWFIO,Male,1,No,No,4,Yes,Fiber optic,Month-to-month,Electronic check,69.35,261.65,0,0.8353376716917917,1,HIGH RISK,2026-08-30 13:02:06
2660-EMUBI,Male,1,No,No,10,Yes,Fiber optic,Month-to-month,Electronic check,95.35,898.35,1,0.9351834817006295,1,HIGH RISK,2026-08-30 13:02:06
6968-GMKPR,Female,0,No,No,55,Yes,Fiber optic,Month-to-month,Electronic check,81.55,4509.5,0,0.5382707816130812,1,MEDIUM RISK,2026-08-30 13:02:06
4751-ERMAN,Male,0,Yes,Yes,72,Yes,DSL,Two year,Bank transfer (automatic),75.4,5480.25,0,0.047124446512453025,0,LOW RISK,2026-08-30 13:02:06
1436-ZMJAN,Female,0,Yes,No,10,Yes,DSL,Month-to-month,Credit card (automatic),67.8,653.15,0,0.691327056964402,1,MEDIUM RISK,2026-08-30 13:02:06
3292-PBZEJ,Male,1,No,No,11,Yes,Fiber optic,Month-to-month,Electronic check,111.4,1183.05,0,0.9026138436070739,1,HIGH RISK,2026-08-30 13:02:06
0799-DDIHE,Female,0,Yes,Yes,15,Yes,DSL,Month-to-month,Electronic check,46.3,639.45,0,0.40979573209172,0,MEDIUM RISK,2026-08-30 13:02:06
3070-FNFZQ,Female,0,Yes,Yes,23,Yes,No,Two year,Bank transfer (automatic),20.4,478.75,0,0.02978452680833555,0,LOW RISK,2026-08-30 13:02:06
2812-SFXMJ,Male,0,No,Yes,1,Yes,No,Month-to-month,Mailed check,20.05,20.05,0,0.34683415303659837,0,LOW RISK,2026-08-30 13:02:06
7675-OZCZG,Female,1,No,No,3,Yes,DSL,Month-to-month,Electronic check,45.0,127.1,1,0.7045127501169496,1,HIGH RISK,2026-08-30 13:02:06
5014-WUQMG,Male,0,Yes,Yes,47,Yes,Fiber optic,One year,Electronic check,96.1,4391.45,0,0.27068177791452963,0,LOW RISK,2026-08-30 13:02:06
5312-TSZVC,Female,0,No,Yes,15,Yes,No,One year,Mailed check,19.65,270.6,0,0.08597095352202232,0,LOW RISK,2026-08-30 13:02:06
2003-CKLOR,Male,0,No,No,66,Yes,Fiber optic,Month-to-month,Electronic check,99.5,6710.5,1,0.5409030451720941,1,MEDIUM RISK,2026-08-30 13:02:06
0993-OSGPT,Female,1,Yes,No,68,Yes,DSL,One year,Bank transfer (automatic),60.65,3975.9,0,0.08495000863193294,0,LOW RISK,2026-08-30 13:02:06
9254-RBFON,Female,0,Yes,Yes,17,Yes,Fiber optic,One year,Bank transfer (automatic),98.6,1704.95,1,0.41275991155486824,0,MEDIUM RISK,2026-08-30 13:02:06
1205-WNWPJ,Female,0,No,No,7,Yes,DSL,Month-to-month,Mailed check,59.5,415.95,1,0.6416756762140453,1,MEDIUM RISK,2026-08-30 13:02:06
9391-EOYLI,Male,1,Yes,No,12,Yes,Fiber optic,Month-to-month,Electronic check,80.45,950.2,1,0.8852289662811007,1,HIGH RISK,2026-08-30 13:02:06
7108-DGVUU,Female,1,Yes,No,21,Yes,DSL,One year,Bank transfer (automatic),71.7,1497.05,0,0.24460006240265111,0,LOW RISK,2026-08-30 13:02:06
2782-JEEBU,Male,0,No,No,21,No,DSL,Month-to-month,Mailed check,36.0,780.15,0,0.4001899817500338,0,MEDIUM RISK,2026-08-30 13:02:06
5127-BZENZ,Female,0,Yes,Yes,56,Yes,DSL,One year,Bank transfer (automatic),65.2,3512.15,0,0.08905922593718063,0,LOW RISK,2026-08-30 13:02:06
2720-FVBQP,Female,0,Yes,Yes,6,Yes,DSL,Month-to-month,Credit card (automatic),48.95,273.25,0,0.6720614328770231,1,MEDIUM RISK,2026-08-30 13:02:06
9906-NHHVC,Female,1,No,No,65,No,DSL,Two year,Bank transfer (automatic),53.5,3517.9,0,0.14308266896855212,0,LOW RISK,2026-08-30 13:02:06
4522-XRWWI,Male,0,Yes,No,42,Yes,DSL,One year,Credit card (automatic),80.45,3375.9,0,0.1218811976712255,0,LOW RISK,2026-08-30 13:02:06
3766-EJLFL,Female,0,Yes,Yes,68,Yes,Fiber optic,Two year,Bank transfer (automatic),109.05,7508.55,0,0.132351451842068,0,LOW RISK,2026-08-30 13:02:06
5939-SXWHM,Male,0,Yes,Yes,48,Yes,No,Two year,Bank transfer (automatic),26.3,1245.05,0,0.01947971471202708,0,LOW RISK,2026-08-30 13:02:06
8152-UOBNY,Female,1,No,No,50,Yes,Fiber optic,One year,Electronic check,106.8,5347.95,0,0.6056602824098222,1,MEDIUM RISK,2026-08-30 13:02:06
7351-KYHQH,Female,1,No,No,7,Yes,DSL,Month-to-month,Electronic check,64.95,493.65,0,0.7220530039049444,1,HIGH RISK,2026-08-30 13:02:06
7643-RCHXS,Female,0,Yes,Yes,63,Yes,No,Two year,Electronic check,19.35,1263.85,0,0.019699621195839533,0,LOW RISK,2026-08-30 13:02:06
8246-SHFGA,Male,0,No,No,17,Yes,No,Month-to-month,Credit card (automatic),21.1,385.55,0,0.18427119640316011,0,LOW RISK,2026-08-30 13:02:06
8387-MOJJT,Female,0,Yes,Yes,42,Yes,Fiber optic,Month-to-month,Credit card (automatic),77.95,3384.0,1,0.5124333598328059,1,MEDIUM RISK,2026-08-30 13:02:06
0620-XEFWH,Male,0,Yes,Yes,4,Yes,No,Month-to-month,Mailed check,18.85,84.2,0,0.33491935170179027,0,LOW RISK,2026-08-30 13:02:06
6485-QXWWE,Female,0,No,Yes,62,Yes,No,Two year,Bank transfer (automatic),26.0,1638.7,0,0.017892505625229,0,LOW RISK,2026-08-30 13:02:06
2761-OCIAX,Male,1,No,No,2,Yes,Fiber optic,Month-to-month,Electronic check,74.7,165.4,1,0.8756473605685537,1,HIGH RISK,2026-08-30 13:02:06
7321-VGNKU,Female,0,Yes,No,2,Yes,Fiber optic,Month-to-month,Electronic check,70.35,120.25,0,0.8640373482359825,1,HIGH RISK,2026-08-30 13:02:06
5327-CNLUQ,Male,0,Yes,No,48,Yes,Fiber optic,Two year,Bank transfer (automatic),96.9,4473.45,0,0.1611486650927227,0,LOW RISK,2026-08-30 13:02:06
7552-KEYGT,Male,0,Yes,No,27,Yes,No,Two year,Bank transfer (automatic),19.55,520.55,0,0.039596141728100574,0,LOW RISK,2026-08-30 13:02:06
5816-JMLGY,Female,0,Yes,Yes,70,Yes,DSL,Two year,Bank transfer (automatic),80.4,5717.85,0,0.038293343724544064,0,LOW RISK,2026-08-30 13:02:06
3068-OMWZA,Male,1,No,No,1,Yes,Fiber optic,Month-to-month,Electronic check,88.8,88.8,1,0.9377660060234907,1,HIGH RISK,2026-08-30 13:02:06
2927-QRRQV,Male,0,Yes,No,46,Yes,Fiber optic,One year,Electronic check,94.65,4312.5,0,0.48506230403473666,0,MEDIUM RISK,2026-08-30 13:02:06
6032-KRXXO,Male,0,No,No,30,Yes,Fiber optic,Month-to-month,Electronic check,90.25,2755.35,1,0.7921869604690795,1,HIGH RISK,2026-08-30 13:02:06
7459-RRWQZ,Female,0,No,No,15,Yes,DSL,Month-to-month,Bank transfer (automatic),64.65,994.55,1,0.5238094951652257,1,MEDIUM RISK,2026-08-30 13:02:06
6265-SXWBU,Male,0,Yes,Yes,69,Yes,Fiber optic,One year,Credit card (automatic),95.75,6511.25,0,0.21375117764482457,0,LOW RISK,2026-08-30 13:02:06
7941-RCJOW,Male,0,No,No,65,Yes,No,Two year,Credit card (automatic),19.55,1218.65,0,0.02153925087827972,0,LOW RISK,2026-08-30 13:02:06
6374-NTQLP,Male,1,Yes,Yes,72,Yes,Fiber optic,Two year,Credit card (automatic),104.1,7447.7,0,0.10549841227590843,0,LOW RISK,2026-08-30 13:02:06
4154-AQUGT,Male,1,Yes,No,13,Yes,Fiber optic,Month-to-month,Bank transfer (automatic),89.05,1169.35,1,0.6950521556400285,1,MEDIUM RISK,2026-08-30 13:02:06
2387-KDZQY,Male,0,No,No,17,Yes,No,One year,Mailed check,20.1,279.5,0,0.13285907611714254,0,LOW RISK,2026-08-30 13:02:06
3584-WKTTW,Male,0,Yes,No,51,Yes,Fiber optic,One year,Electronic check,111.55,5720.35,0,0.5207407443228563,1,MEDIUM RISK,2026-08-30 13:02:06
3399-BMLVW,Male,0,Yes,Yes,51,Yes,DSL,Two year,Credit card (automatic),60.5,3121.45,0,0.027618245158745447,0,LOW RISK,2026-08-30 13:02:06
1971-DTCZB,Female,0,Yes,No,72,Yes,DSL,Two year,Bank transfer (automatic),90.95,6468.6,0,0.041553643658026586,0,LOW RISK,2026-08-30 13:02:06
3092-IGHWF,Male,0,Yes,Yes,67,Yes,Fiber optic,One year,Electronic check,87.4,5918.8,1,0.2307802666692408,0,LOW RISK,2026-08-30 13:02:06
3374-PZLXD,Male,0,No,No,34,Yes,No,Month-to-month,Mailed check,19.7,675.6,0,0.13004073322463428,0,LOW RISK,2026-08-30 13:02:06
3813-DHBBB,Male,0,Yes,No,67,No,DSL,Two year,Bank transfer (automatic),50.95,3521.7,0,0.048594654161952036,0,LOW RISK,2026-08-30 13:02:06
2812-REYAT,Female,0,Yes,No,49,Yes,No,One year,Bank transfer (automatic),20.05,923.1,0,0.08096916170065573,0,LOW RISK,2026-08-30 13:02:06
6518-PPLMZ,Male,0,Yes,Yes,53,Yes,No,Two year,Mailed check,19.4,1110.35,0,0.029636011410695346,0,LOW RISK,2026-08-30 13:02:06
4939-KYYPY,Male,0,No,No,27,Yes,DSL,Month-to-month,Electronic check,59.45,1611.65,0,0.42635708809040795,0,MEDIUM RISK,2026-08-30 13:02:06
8017-LXHFA,Female,1,No,No,23,Yes,Fiber optic,Month-to-month,Electronic check,94.75,2293.6,1,0.8020224267182563,1,HIGH RISK,2026-08-30 13:02:06
5930-GBIWP,Male,0,No,No,69,Yes,DSL,Two year,Credit card (automatic),81.5,5553.25,0,0.03394357331431383,0,LOW RISK,2026-08-30 13:02:06
6022-KOUQO,Female,0,Yes,Yes,2,No,DSL,Month-to-month,Bank transfer (automatic),29.05,44.75,0,0.5642216087471672,1,MEDIUM RISK,2026-08-30 13:02:06
6352-TWCAU,Female,0,No,No,35,Yes,Fiber optic,Month-to-month,Electronic check,86.45,3029.1,1,0.7474396521360452,1,HIGH RISK,2026-08-30 13:02:06
2361-UPSND,Female,0,Yes,No,46,Yes,DSL,One year,Mailed check,70.6,3231.05,0,0.05295516325943994,0,LOW RISK,2026-08-30 13:02:06
6035-RIIOM,Female,0,No,No,54,Yes,Fiber optic,Two year,Bank transfer (automatic),97.2,5129.45,0,0.32498522167574107,0,LOW RISK,2026-08-30 13:02:06
2929-QNSRW,Female,0,Yes,No,56,Yes,Fiber optic,One year,Electronic check,98.25,5508.35,1,0.6034679511339062,1,MEDIUM RISK,2026-08-30 13:02:06
1262-OPMFY,Female,0,Yes,No,9,Yes,Fiber optic,Month-to-month,Bank transfer (automatic),75.75,655.9,1,0.7737797532386738,1,HIGH RISK,2026-08-30 13:02:06
9504-DSHWM,Male,0,No,No,20,Yes,DSL,Month-to-month,Bank transfer (automatic),59.2,1191.2,0,0.2661013214031849,0,LOW RISK,2026-08-30 13:02:06
5035-BVCXS,Male,0,No,No,11,Yes,Fiber optic,Month-to-month,Mailed check,75.9,866.4,0,0.7488788236252382,1,HIGH RISK,2026-08-30 13:02:06
6267-DCFFZ,Female,1,Yes,No,30,Yes,Fiber optic,Month-to-month,Electronic check,90.05,2627.2,0,0.7905076401390826,1,HIGH RISK,2026-08-30 13:02:06
3533-UVMOM,Male,0,Yes,No,68,Yes,DSL,Two year,Bank transfer (automatic),70.95,4741.45,0,0.024075490085463943,0,LOW RISK,2026-08-30 13:02:06
2439-LYPMQ,Male,1,Yes,No,38,Yes,Fiber optic,Month-to-month,Electronic check,102.6,4009.2,0,0.8203529123995081,1,HIGH RISK,2026-08-30 13:02:06
4248-QPAVC,Female,1,Yes,No,17,Yes,Fiber optic,Month-to-month,Bank transfer (automatic),85.35,1463.45,1,0.661481894532856,1,MEDIUM RISK,2026-08-30 13:02:06
1899-VXWXM,Male,0,No,No,48,Yes,Fiber optic,One year,Credit card (automatic),106.1,5082.8,1,0.44868406444206993,0,MEDIUM RISK,2026-08-30 13:02:06
1478-VPOAD,Female,0,No,No,1,Yes,DSL,Month-to-month,Electronic check,43.8,43.8,0,0.6930351374130331,1,MEDIUM RISK,2026-08-30 13:02:06
9995-HOTOH,Male,0,Yes,Yes,63,No,DSL,Two year,Electronic check,59.0,3707.6,0,0.08751144528524334,0,LOW RISK,2026-08-30 13:02:06
2988-PLAHS,Female,0,No,No,3,Yes,DSL,One year,Electronic check,69.95,220.45,0,0.6533956297478276,1,MEDIUM RISK,2026-08-30 13:02:06
1371-OJCEK,Female,0,No,No,48,Yes,No,One year,Bank transfer (automatic),24.35,1133.7,0,0.04977804337828047,0,LOW RISK,2026-08-30 13:02:06
4999-IEZLT,Male,0,No,No,66,No,DSL,One year,Credit card (automatic),29.45,1983.15,0,0.08393441187574442,0,LOW RISK,2026-08-30 13:02:06
8883-ANODQ,Female,0,Yes,Yes,68,Yes,Fiber optic,Two year,Credit card (automatic),84.4,5746.75,0,0.11524728223209522,0,LOW RISK,2026-08-30 13:02:06
4690-LLKUA,Male,1,No,No,17,Yes,DSL,Month-to-month,Electronic check,45.05,770.6,1,0.5808381857093479,1,MEDIUM RISK,2026-08-30 13:02:06
2351-RRBUE,Female,0,Yes,Yes,7,Yes,No,One year,Mailed check,20.65,134.05,0,0.16523215914104641,0,LOW RISK,2026-08-30 13:02:06
5980-BDHPY,Male,0,Yes,No,72,Yes,DSL,Two year,Bank transfer (automatic),87.1,6230.1,0,0.04508229507574233,0,LOW RISK,2026-08-30 13:02:06
1498-DQNRX,Female,0,Yes,No,29,Yes,No,Month-to-month,Mailed check,19.85,573.05,0,0.1522753835695761,0,LOW RISK,2026-08-30 13:02:06
9469-WEJBT,Male,0,Yes,No,37,Yes,Fiber optic,Month-to-month,Electronic check,90.35,3419.3,0,0.6360590207832635,1,MEDIUM RISK,2026-08-30 13:02:06
3331-HQDTW,Female,0,No,No,34,Yes,Fiber optic,Month-to-month,Mailed check,109.8,3587.25,1,0.6563490866919834,1,MEDIUM RISK,2026-08-30 13:02:06
9490-DFPMD,Female,1,No,No,42,Yes,Fiber optic,Month-to-month,Electronic check,84.65,3541.35,1,0.7357649213775109,1,HIGH RISK,2026-08-30 13:02:06
2581-VKIRT,Female,0,Yes,Yes,59,Yes,DSL,One year,Mailed check,65.5,3801.3,0,0.04337837283373497,0,LOW RISK,2026-08-30 13:02:06
5442-XSDCW,Male,0,Yes,Yes,11,Yes,Fiber optic,Month-to-month,Bank transfer (automatic),79.5,868.5,1,0.786846054367827,1,HIGH RISK,2026-08-30 13:02:06
7426-WEIJX,Male,1,Yes,Yes,60,Yes,Fiber optic,Month-to-month,Electronic check,80.95,4859.1,0,0.5104129913773277,1,MEDIUM RISK,2026-08-30 13:02:06
2851-MMUTZ,Female,0,No,No,27,Yes,DSL,Month-to-month,Mailed check,56.15,1439.35,0,0.30543891034731796,0,LOW RISK,2026-08-30 13:02:06
3049-NDXFL,Female,0,No,No,1,Yes,Fiber optic,Month-to-month,Mailed check,85.8,85.8,1,0.8586547464735409,1,HIGH RISK,2026-08-30 13:02:06
8580-AECUZ,Male,1,No,No,1,Yes,Fiber optic,Month-to-month,Electronic check,79.1,79.1,1,0.9162595700687095,1,HIGH RISK,2026-08-30 13:02:06
3307-TLCUD,Male,0,Yes,No,17,No,DSL,Month-to-month,Mailed check,34.4,592.75,0,0.3774301332082152,0,LOW RISK,2026-08-30 13:02:06
6625-FLENO,Male,0,Yes,No,58,Yes,No,Two year,Mailed check,20.75,1185.95,0,0.020797948324388388,0,LOW RISK,2026-08-30 13:02:06
2967-MXRAV,Male,0,Yes,Yes,1,Yes,No,One year,Mailed check,18.8,18.8,0,0.21095997141993786,0,LOW RISK,2026-08-30 13:02:06
7963-GQRMY,Female,0,Yes,Yes,3,Yes,DSL,Month-to-month,Mailed check,44.3,134.5,1,0.5509640083862077,1,MEDIUM RISK,2026-08-30 13:02:06
8189-HBVRW,Female,0,No,No,53,Yes,Fiber optic,Month-to-month,Electronic check,90.8,4921.2,0,0.46544506424448184,0,MEDIUM RISK,2026-08-30 13:02:06
4163-KIUHY,Male,0,No,No,35,Yes,No,Month-to-month,Electronic check,25.6,901.25,0,0.27975444671032657,0,LOW RISK,2026-08-30 13:02:06
1228-FZFRV,Male,0,Yes,Yes,50,Yes,Fiber optic,Month-to-month,Credit card (automatic),105.95,5341.8,1,0.5551215703340604,1,MEDIUM RISK,2026-08-30 13:02:06
3500-NSDOA,Male,0,Yes,Yes,68,Yes,DSL,Two year,Credit card (automatic),70.8,4859.95,0,0.029608303276387683,0,LOW RISK,2026-08-30 13:02:06
1171-TYKUR,Male,0,Yes,No,47,Yes,No,Month-to-month,Electronic check,25.4,1139.2,0,0.15076721497534964,0,LOW RISK,2026-08-30 13:02:06
3761-FLYZI,Female,1,Yes,No,65,Yes,Fiber optic,Month-to-month,Bank transfer (automatic),108.8,7082.45,0,0.6370026781942302,1,MEDIUM RISK,2026-08-30 13:02:06
2058-DCJBE,Male,0,No,No,5,Yes,Fiber optic,Month-to-month,Electronic check,69.75,324.6,1,0.8533220344353797,1,HIGH RISK,2026-08-30 13:02:06
5364-XYIRR,Male,0,Yes,No,51,Yes,Fiber optic,Month-to-month,Electronic check,94.65,4812.75,1,0.8108057852168598,1,HIGH RISK,2026-08-30 13:02:06
4829-AUOAX,Female,0,No,No,46,Yes,Fiber optic,Month-to-month,Bank transfer (automatic),96.05,4399.5,1,0.5735904901515427,1,MEDIUM RISK,2026-08-30 13:02:06
1219-NNDDO,Female,0,No,No,9,Yes,Fiber optic,Month-to-month,Electronic check,76.85,663.55,0,0.8676221995618354,1,HIGH RISK,2026-08-30 13:02:06
8388-DMKAE,Female,0,No,No,8,Yes,No,Two year,Mailed check,20.25,174.65,0,0.09502102090652116,0,LOW RISK,2026-08-30 13:02:06
4403-BWPAY,Male,0,No,No,14,Yes,No,One year,Credit card (automatic),24.8,321.7,0,0.1895424606926603,0,LOW RISK,2026-08-30 13:02:06
9659-QEQSY,Female,0,No,No,45,Yes,Fiber optic,Month-to-month,Electronic check,115.65,5125.5,0,0.5855009558662823,1,MEDIUM RISK,2026-08-30 13:02:06
5405-ZMYXQ,Female,0,No,No,8,Yes,Fiber optic,Month-to-month,Credit card (automatic),74.6,548.9,0,0.8266954988085817,1,HIGH RISK,2026-08-30 13:02:06
5047-LHVLY,Male,1,No,Yes,1,Yes,DSL,Month-to-month,Mailed check,50.15,50.15,1,0.6842218552835101,1,MEDIUM RISK,2026-08-30 13:02:06
1442-OKRJE,Male,0,Yes,Yes,66,Yes,Fiber optic,One year,Bank transfer (automatic),103.15,7031.3,0,0.24389098662961914,0,LOW RISK,2026-08-30 13:02:06
4737-AQCPU,Male,0,Yes,Yes,72,Yes,DSL,Two year,Credit card (automatic),72.1,5016.65,0,0.012692719587930647,0,LOW RISK,2026-08-30 13:02:06
9158-VCTQB,Female,0,Yes,No,41,Yes,Fiber optic,Month-to-month,Bank transfer (automatic),113.6,4594.95,1,0.538478423680441,1,MEDIUM RISK,2026-08-30 13:02:06
2808-CHTDM,Female,0,Yes,Yes,23,Yes,No,Two year,Mailed check,25.1,611.45,0,0.04237564660775314,0,LOW RISK,2026-08-30 13:02:06
6311-UEUME,Female,0,No,No,29,Yes,Fiber optic,Month-to-month,Electronic check,78.9,2384.15,1,0.7361363073627584,1,HIGH RISK,2026-08-30 13:02:06
0793-TWELN,Female,0,No,No,4,Yes,Fiber optic,Month-to-month,Electronic check,80.15,319.85,0,0.8475601453437384,1,HIGH RISK,2026-08-30 13:02:06
3283-WCWXT,Male,0,Yes,Yes,6,Yes,No,Two year,Mailed check,25.4,153.3,0,0.11612477074122332,0,LOW RISK,2026-08-30 13:02:06
1060-ENTOF,Female,1,Yes,No,67,Yes,Fiber optic,One year,Credit card (automatic),105.4,7035.6,0,0.24515165737682032,0,LOW RISK,2026-08-30 13:02:06
0999-QXNSA,Male,1,No,Yes,7,Yes,DSL,Month-to-month,Mailed check,45.75,344.2,0,0.6312899864811926,1,MEDIUM RISK,2026-08-30 13:02:06
5451-MHQOF,Male,0,Yes,Yes,56,Yes,No,One year,Mailed check,24.45,1431.65,0,0.07582171169325658,0,LOW RISK,2026-08-30 13:02:06
4836-WNFNO,Female,0,Yes,No,72,Yes,No,Two year,Credit card (automatic),25.0,1849.2,0,0.016287174243757654,0,LOW RISK,2026-08-30 13:02:06
9225-BZLNZ,Male,0,Yes,No,72,Yes,DSL,Two year,Electronic check,85.25,6083.1,0,0.08040459666581695,0,LOW RISK,2026-08-30 13:02:06
0354-VXMJC,Male,0,Yes,Yes,23,Yes,No,Two year,Credit card (automatic),19.6,426.65,0,0.03166929554915644,0,LOW RISK,2026-08-30 13:02:06
4422-QVIJA,Female,0,No,Yes,35,Yes,DSL,Month-to-month,Mailed check,50.15,1655.35,0,0.27833371411794855,0,LOW RISK,2026-08-30 13:02:06
9365-SRSZE,Male,1,Yes,No,27,Yes,Fiber optic,Month-to-month,Electronic check,70.55,1943.9,0,0.7261275940583599,1,HIGH RISK,2026-08-30 13:02:06
6839-ITVZJ,Female,0,Yes,Yes,26,Yes,DSL,Month-to-month,Electronic check,60.05,1616.15,1,0.43601304591213386,0,MEDIUM RISK,2026-08-30 13:02:06
8332-OSJDW,Male,0,Yes,Yes,12,Yes,No,One year,Mailed check,26.4,314.95,0,0.18374941244774412,0,LOW RISK,2026-08-30 13:02:06
4735-BJKOU,Female,0,No,No,40,Yes,No,Two year,Mailed check,20.15,804.85,0,0.0240156232305801,0,LOW RISK,2026-08-30 13:02:06
0274-JKUJR,Male,0,Yes,Yes,7,No,DSL,Month-to-month,Mailed check,58.85,465.7,0,0.6485145199379119,1,MEDIUM RISK,2026-08-30 13:02:06
5740-YHGTW,Male,0,Yes,Yes,70,Yes,Fiber optic,Month-to-month,Credit card (automatic),97.55,6669.05,0,0.3401025303253775,0,LOW RISK,2026-08-30 13:02:06
8917-SZTTJ,Male,0,Yes,Yes,60,Yes,No,Two year,Credit card (automatic),19.65,1161.75,0,0.015666525944574274,0,LOW RISK,2026-08-30 13:02:06
1696-MZVAU,Male,0,Yes,Yes,39,No,DSL,One year,Credit card (automatic),25.25,947.75,0,0.1928495354293663,0,LOW RISK,2026-08-30 13:02:06
7359-WWYJV,Male,0,Yes,No,72,Yes,Fiber optic,Two year,Credit card (automatic),114.45,8375.05,0,0.09915068903597023,0,LOW RISK,2026-08-30 13:02:06
0375-HVGXO,Female,0,No,No,1,No,DSL,Month-to-month,Electronic check,34.7,34.7,1,0.8591469771248931,1,HIGH RISK,2026-08-30 13:02:06
4906-ZHGPK,Male,0,Yes,Yes,54,Yes,DSL,One year,Electronic check,70.7,3770.0,0,0.18099638723838296,0,LOW RISK,2026-08-30 13:02:06
8593-WHYHV,Male,0,No,No,3,Yes,Fiber optic,Month-to-month,Electronic check,85.3,264.8,1,0.9223907541376147,1,HIGH RISK,2026-08-30 13:02:06
3795-GWTRD,Female,0,Yes,Yes,63,Yes,DSL,Two year,Credit card (automatic),75.55,4707.85,0,0.017807771979602215,0,LOW RISK,2026-08-30 13:02:06
1298-PHBTI,Male,0,Yes,Yes,71,Yes,Fiber optic,Two year,Electronic check,84.8,6152.4,0,0.11470206910795322,0,LOW RISK,2026-08-30 13:02:06
6223-DHJGV,Female,0,No,No,42,Yes,No,One year,Mailed check,20.65,958.1,0,0.06651325269578959,0,LOW RISK,2026-08-30 13:02:06
6961-MJKBO,Male,0,No,No,47,Yes,No,Two year,Bank transfer (automatic),20.45,943.0,0,0.017881291409180326,0,LOW RISK,2026-08-30 13:02:06
6097-EQISJ,Female,0,Yes,Yes,66,Yes,Fiber optic,One year,Credit card (automatic),102.45,6615.15,1,0.38174700676898116,0,LOW RISK,2026-08-30 13:02:06
4423-YLHDV,Female,0,Yes,No,21,Yes,Fiber optic,Month-to-month,Bank transfer (automatic),104.4,2200.25,1,0.7336245271328746,1,HIGH RISK,2026-08-30 13:02:06
8158-WPEZG,Male,0,No,No,11,No,DSL,Month-to-month,Electronic check,35.65,425.1,0,0.6763772063193674,1,MEDIUM RISK,2026-08-30 13:02:06
0107-YHINA,Male,0,No,Yes,1,Yes,Fiber optic,Month-to-month,Electronic check,99.75,99.75,1,0.933340933528883,1,HIGH RISK,2026-08-30 13:02:06
4918-FYJNT,Female,1,Yes,No,55,Yes,Fiber optic,Month-to-month,Electronic check,90.45,5044.8,0,0.5182406479071582,1,MEDIUM RISK,2026-08-30 13:02:06
0727-BNRLG,Male,0,No,No,69,Yes,Fiber optic,Two year,Credit card (automatic),97.65,6743.55,0,0.14401593515819122,0,LOW RISK,2026-08-30 13:02:06
4854-CIDCF,Female,1,No,No,3,Yes,Fiber optic,Month-to-month,Electronic check,73.85,196.4,0,0.8373884351126641,1,HIGH RISK,2026-08-30 13:02:06
8640-SDGKB,Male,0,No,No,4,Yes,DSL,Month-to-month,Electronic check,74.4,299.7,1,0.7466586423701963,1,HIGH RISK,2026-08-30 13:02:06
3280-MRDOF,Male,1,No,No,30,Yes,DSL,Two year,Credit card (automatic),69.1,2093.9,0,0.1411122697172457,0,LOW RISK,2026-08-30 13:02:06
6435-SRWBJ,Female,0,No,No,5,Yes,Fiber optic,Month-to-month,Electronic check,82.75,417.75,0,0.8610464181057367,1,HIGH RISK,2026-08-30 13:02:06
9964-WBQDJ,Female,0,Yes,No,71,Yes,No,Two year,Credit card (automatic),24.4,1725.4,0,0.023817951356751882,0,LOW RISK,2026-08-30 13:02:06
6303-KFWSL,Female,0,No,No,29,Yes,DSL,One year,Electronic check,55.25,1620.2,0,0.33903770817868245,0,LOW RISK,2026-08-30 13:02:06
1702-CCFNJ,Male,0,Yes,No,52,Yes,DSL,Month-to-month,Bank transfer (automatic),61.35,3169.55,0,0.22642244542315249,0,LOW RISK,2026-08-30 13:02:06
8932-CZHRQ,Male,0,No,No,68,Yes,DSL,One year,Credit card (automatic),76.75,5233.25,0,0.06946492457861554,0,LOW RISK,2026-08-30 13:02:06
0386-CWRGM,Female,0,Yes,Yes,46,Yes,No,Two year,Mailed check,19.4,967.85,0,0.016387043207072946,0,LOW RISK,2026-08-30 13:02:06
5515-RUGKN,Male,0,No,No,8,Yes,DSL,Month-to-month,Credit card (automatic),54.75,438.05,0,0.7025608626492794,1,HIGH RISK,2026-08-30 13:02:06
0404-AHASP,Male,0,Yes,No,72,Yes,No,Two year,Credit card (automatic),19.7,1421.9,0,0.012150408899699533,0,LOW RISK,2026-08-30 13:02:06
7279-NMVJC,Female,0,No,No,17,Yes,No,One year,Bank transfer (automatic),19.9,323.15,0,0.0929417805148644,0,LOW RISK,2026-08-30 13:02:06
2081-VEYEH,Male,0,No,No,3,Yes,Fiber optic,Month-to-month,Electronic check,107.95,318.6,0,0.8806680756424832,1,HIGH RISK,2026-08-30 13:02:06
6407-UTSLV,Female,1,No,No,2,Yes,Fiber optic,Month-to-month,Bank transfer (automatic),83.8,163.7,0,0.8586382867857297,1,HIGH RISK,2026-08-30 13:02:06
4116-TZAQJ,Female,0,No,No,9,Yes,Fiber optic,Month-to-month,Credit card (automatic),74.25,639.65,1,0.7044927588400379,1,HIGH RISK,2026-08-30 13:02:06
9060-HJJRW,Female,0,No,No,51,No,DSL,One year,Credit card (automatic),56.4,2928.5,0,0.34302593521398494,0,LOW RISK,2026-08-30 13:02:06
2587-YNLES,Female,0,Yes,Yes,6,Yes,No,Two year,Mailed check,20.1,100.35,0,0.08558991327052444,0,LOW RISK,2026-08-30 13:02:06
7398-SKNQZ,Female,0,Yes,No,3,Yes,Fiber optic,Month-to-month,Electronic check,94.9,273.2,0,0.9179551762469179,1,HIGH RISK,2026-08-30 13:02:06
5935-FCCNB,Female,1,No,No,17,Yes,Fiber optic,Month-to-month,Electronic check,94.2,1608.15,0,0.8838536714498701,1,HIGH RISK,2026-08-30 13:02:06
1958-RNRKS,Male,0,Yes,No,30,Yes,DSL,Month-to-month,Electronic check,49.9,1441.95,0,0.4669513386479157,0,MEDIUM RISK,2026-08-30 13:02:06
5136-RGMZO,Male,0,No,No,31,Yes,DSL,Month-to-month,Electronic check,71.05,2168.15,0,0.42894653706184394,0,MEDIUM RISK,2026-08-30 13:02:06
8345-MVDYC,Female,0,No,No,45,Yes,DSL,Two year,Bank transfer (automatic),81.65,3618.7,0,0.036166724776188854,0,LOW RISK,2026-08-30 13:02:06
8226-BXGES,Male,0,Yes,No,64,Yes,Fiber optic,One year,Bank transfer (automatic),89.45,5692.65,0,0.16757419145408237,0,LOW RISK,2026-08-30 13:02:06
3877-JRJIP,Male,0,No,No,1,Yes,DSL,Month-to-month,Electronic check,59.85,59.85,1,0.8537774098302362,1,HIGH RISK,2026-08-30 13:02:06
8375-DKEBR,Female,1,No,No,1,Yes,Fiber optic,Month-to-month,Electronic check,69.6,69.6,1,0.8873143928218309,1,HIGH RISK,2026-08-30 13:02:06
9705-IOVQQ,Male,1,Yes,Yes,61,Yes,Fiber optic,One year,Electronic check,99.0,5969.3,0,0.4640612398040036,0,MEDIUM RISK,2026-08-30 13:02:06
1015-OWJKI,Male,0,No,No,1,Yes,No,Month-to-month,Mailed check,19.05,19.05,0,0.40049570874500795,0,MEDIUM RISK,2026-08-30 13:02:06
7511-YMXVQ,Male,0,No,No,9,No,DSL,Month-to-month,Electronic check,45.4,418.8,1,0.863022628438906,1,HIGH RISK,2026-08-30 13:02:06
2040-XBAVJ,Male,0,Yes,Yes,72,Yes,Fiber optic,Two year,Bank transfer (automatic),114.45,8100.55,0,0.07747136384494206,0,LOW RISK,2026-08-30 13:02:06
7551-JOHTI,Female,0,No,No,1,Yes,No,Month-to-month,Mailed check,19.5,19.5,1,0.39229505223135813,0,LOW RISK,2026-08-30 13:02:06
8887-IPQNC,Female,0,Yes,No,7,Yes,DSL,Month-to-month,Mailed check,44.25,313.45,0,0.6482764144888488,1,MEDIUM RISK,2026-08-30 13:02:06
8646-JCOMS,Female,0,Yes,No,66,Yes,Fiber optic,One year,Bank transfer (automatic),90.55,6130.95,0,0.22021092711302812,0,LOW RISK,2026-08-30 13:02:06
9804-ICWBG,Male,0,No,No,1,Yes,Fiber optic,Month-to-month,Electronic check,69.9,69.9,1,0.8724116463015797,1,HIGH RISK,2026-08-30 13:02:06
1222-KJNZD,Male,0,Yes,Yes,40,Yes,No,Month-to-month,Bank transfer (automatic),20.4,745.3,0,0.11558901904199878,0,LOW RISK,2026-08-30 13:02:06
0106-GHRQR,Male,0,No,No,16,Yes,DSL,Month-to-month,Bank transfer (automatic),71.4,1212.1,0,0.4999591096810427,0,MEDIUM RISK,2026-08-30 13:02:06
5318-IXUZF,Female,0,No,No,2,Yes,Fiber optic,Month-to-month,Bank transfer (automatic),87.15,183.75,1,0.8328197289669859,1,HIGH RISK,2026-08-30 13:02:06
3768-VHXQO,Male,0,Yes,No,67,Yes,No,Two year,Credit card (automatic),24.85,1583.5,0,0.019998937637190337,0,LOW RISK,2026-08-30 13:02:06
8952-WCVCD,Female,0,Yes,No,41,Yes,Fiber optic,One year,Bank transfer (automatic),104.45,4162.05,0,0.34289360095488514,0,LOW RISK,2026-08-30 13:02:06
2418-TPEUN,Female,0,Yes,Yes,56,Yes,No,Two year,Credit card (automatic),19.8,1119.9,0,0.025023572663631245,0,LOW RISK,2026-08-30 13:02:06
3963-RYFNS,Female,0,No,No,72,Yes,Fiber optic,Two year,Bank transfer (automatic),116.45,8013.55,0,0.11576421870128656,0,LOW RISK,2026-08-30 13:02:06
3198-VELRD,Female,0,Yes,Yes,3,Yes,Fiber optic,Month-to-month,Bank transfer (automatic),84.75,264.85,1,0.868565263542665,1,HIGH RISK,2026-08-30 13:02:06
8540-ZQGEA,Female,0,Yes,No,54,Yes,No,Two year,Credit card (automatic),20.05,1102.4,0,0.023624297668876155,0,LOW RISK,2026-08-30 13:02:06
1320-REHCS,Male,1,No,No,52,Yes,Fiber optic,Month-to-month,Electronic check,110.75,5832.0,0,0.7647996548561059,1,HIGH RISK,2026-08-30 13:02:06
4137-JOPHL,Female,0,No,No,50,Yes,Fiber optic,Two year,Bank transfer (automatic),89.7,4304.5,0,0.1965332061912758,0,LOW RISK,2026-08-30 13:02:06
9436-ZBZCT,Male,0,No,No,14,Yes,Fiber optic,Month-to-month,Electronic check,89.95,1178.4,1,0.7945986684449656,1,HIGH RISK,2026-08-30 13:02:06
7801-CEDNV,Male,0,Yes,No,27,Yes,DSL,One year,Credit card (automatic),48.7,1421.75,0,0.14754252097480863,0,LOW RISK,2026-08-30 13:02:06
2057-BOYKM,Female,1,Yes,No,72,Yes,Fiber optic,Two year,Bank transfer (automatic),96.6,6827.5,0,0.07570042175397713,0,LOW RISK,2026-08-30 13:02:06
3658-QQJYD,Male,0,No,No,62,Yes,DSL,One year,Credit card (automatic),74.3,4698.05,0,0.11836638941216249,0,LOW RISK,2026-08-30 13:02:06
1803-BGNBD,Female,0,No,No,12,Yes,DSL,Month-to-month,Electronic check,54.3,654.5,0,0.5809713112151874,1,MEDIUM RISK,2026-08-30 13:02:06
0134-XWXCE,Female,1,No,No,44,Yes,DSL,One year,Bank transfer (automatic),74.85,3268.05,0,0.12982659479622868,0,LOW RISK,2026-08-30 13:02:06
6950-TWMYB,Male,0,Yes,Yes,54,Yes,Fiber optic,Two year,Bank transfer (automatic),79.95,4362.05,0,0.10319392675497334,0,LOW RISK,2026-08-30 13:02:06
5848-FHRFC,Female,0,No,No,68,Yes,No,Two year,Bank transfer (automatic),20.05,1386.9,0,0.01292439154392166,0,LOW RISK,2026-08-30 13:02:06
2243-FNMMI,Male,0,No,No,20,Yes,No,Month-to-month,Mailed check,19.4,415.4,0,0.17346279606054477,0,LOW RISK,2026-08-30 13:02:06
2511-MORQY,Male,0,Yes,Yes,50,Yes,DSL,One year,Bank transfer (automatic),54.9,2614.1,0,0.15332959433361393,0,LOW RISK,2026-08-30 13:02:06
5356-KZCKT,Male,0,No,No,58,Yes,No,Two year,Credit card (automatic),24.45,1513.6,0,0.03900659091193768,0,LOW RISK,2026-08-30 13:02:06
9470-XCCEM,Male,0,Yes,Yes,35,Yes,Fiber optic,Month-to-month,Bank transfer (automatic),89.65,3161.6,0,0.6109215904662185,1,MEDIUM RISK,2026-08-30 13:02:06
6519-CFDBX,Female,0,No,No,2,Yes,DSL,Month-to-month,Electronic check,45.4,80.95,0,0.745647511800945,1,HIGH RISK,2026-08-30 13:02:06
3902-MIVLE,Male,0,Yes,Yes,63,Yes,DSL,Two year,Mailed check,75.7,4676.7,0,0.028751648365724903,0,LOW RISK,2026-08-30 13:02:06
0409-WTMPL,Female,0,Yes,No,58,Yes,Fiber optic,One year,Credit card (automatic),110.65,6526.65,0,0.408881745489834,0,MEDIUM RISK,2026-08-30 13:02:06
8763-KIAFH,Female,0,Yes,Yes,27,Yes,No,One year,Mailed check,20.55,583.3,0,0.09505636762028746,0,LOW RISK,2026-08-30 13:02:06
3669-WHAFY,Female,0,Yes,No,71,Yes,Fiber optic,Two year,Credit card (automatic),115.15,8078.1,0,0.131593603878997,0,LOW RISK,2026-08-30 13:02:06
3055-VTCGS,Female,0,No,No,63,Yes,DSL,One year,Credit card (automatic),58.55,3503.5,0,0.12504092889616386,0,LOW RISK,2026-08-30 13:02:06
3144-KMTWZ,Male,0,Yes,No,71,Yes,Fiber optic,Month-to-month,Bank transfer (automatic),93.25,6669.45,0,0.49304035890213277,0,MEDIUM RISK,2026-08-30 13:02:06
7279-BUYWN,Female,1,No,No,41,Yes,Fiber optic,Month-to-month,Electronic check,113.2,4689.5,1,0.7098295758761453,1,HIGH RISK,2026-08-30 13:02:06
7156-MHUGY,Male,1,No,No,13,Yes,Fiber optic,Month-to-month,Electronic check,90.5,1201.15,1,0.8667905141938861,1,HIGH RISK,2026-08-30 13:02:06
7198-GLXTC,Male,0,No,No,2,Yes,Fiber optic,Month-to-month,Electronic check,79.0,143.65,1,0.8611083001814099,1,HIGH RISK,2026-08-30 13:02:06
2007-QVGAW,Female,0,Yes,Yes,68,Yes,No,Two year,Bank transfer (automatic),19.35,1292.65,0,0.015351168460150496,0,LOW RISK,2026-08-30 13:02:06
5207-PLSTK,Male,0,Yes,Yes,1,Yes,DSL,Month-to-month,Mailed check,48.75,48.75,0,0.5718238468638575,1,MEDIUM RISK,2026-08-30 13:02:06
2307-FYNNL,Male,1,No,No,65,Yes,Fiber optic,Two year,Electronic check,109.05,7108.2,0,0.2641823850056735,0,LOW RISK,2026-08-30 13:02:06
5605-XNWEN,Male,1,Yes,No,72,Yes,No,Two year,Bank transfer (automatic),25.0,1802.55,0,0.02653111254921194,0,LOW RISK,2026-08-30 13:02:06
2155-AMQRX,Female,0,No,No,28,Yes,DSL,Month-to-month,Credit card (automatic),54.9,1505.15,0,0.3983127445921975,0,LOW RISK,2026-08-30 13:02:06
6181-AXXYF,Male,0,Yes,Yes,72,Yes,No,Two year,Credit card (automatic),24.75,1859.1,0,0.0136565980410459,0,LOW RISK,2026-08-30 13:02:06
5091-HFAZW,Female,0,No,No,2,Yes,Fiber optic,Month-to-month,Electronic check,91.15,168.5,0,0.8329835636129996,1,HIGH RISK,2026-08-30 13:02:06
0516-VRYBW,Female,0,No,Yes,18,Yes,No,One year,Bank transfer (automatic),20.15,390.85,1,0.07432233133056948,0,LOW RISK,2026-08-30 13:02:06
2519-LBNQL,Male,1,Yes,No,60,Yes,Fiber optic,One year,Electronic check,104.35,6339.45,0,0.6194351429853313,1,MEDIUM RISK,2026-08-30 13:02:06
8623-ULFNQ,Female,1,No,No,26,Yes,DSL,Month-to-month,Electronic check,66.05,1652.4,0,0.5424743020924057,1,MEDIUM RISK,2026-08-30 13:02:06
8380-PEFPE,Male,0,No,Yes,1,Yes,Fiber optic,Month-to-month,Electronic check,71.65,71.65,1,0.8428009193559144,1,HIGH RISK,2026-08-30 13:02:06
5687-DKDTV,Female,0,No,No,4,Yes,No,Month-to-month,Mailed check,20.35,77.5,1,0.36023059176067085,0,LOW RISK,2026-08-30 13:02:06
1568-LJSZU,Male,0,Yes,Yes,68,Yes,DSL,Two year,Credit card (automatic),92.2,6392.85,0,0.04115267360387369,0,LOW RISK,2026-08-30 13:02:06
7530-HDYDS,Female,0,No,No,38,Yes,Fiber optic,Month-to-month,Credit card (automatic),84.25,3264.5,1,0.4148734934028423,0,MEDIUM RISK,2026-08-30 13:02:06
7789-HKSBS,Female,1,Yes,No,42,Yes,Fiber optic,One year,Bank transfer (automatic),105.2,4599.15,0,0.4847896098107397,0,MEDIUM RISK,2026-08-30 13:02:06
7416-CKTEP,Female,0,Yes,No,57,Yes,No,Two year,Bank transfer (automatic),19.6,1134.25,0,0.02882233481912906,0,LOW RISK,2026-08-30 13:02:06
2586-CWXVV,Male,0,Yes,No,54,No,DSL,Month-to-month,Electronic check,30.4,1621.35,0,0.3438879840139192,0,LOW RISK,2026-08-30 13:02:06
3096-IZETN,Female,0,No,No,12,Yes,Fiber optic,Month-to-month,Bank transfer (automatic),78.1,947.3,1,0.7555221980982797,1,HIGH RISK,2026-08-30 13:02:06
2348-KCJLT,Female,0,Yes,No,44,Yes,DSL,One year,Mailed check,61.5,2722.2,0,0.10025781154504648,0,LOW RISK,2026-08-30 13:02:06
8401-EMUWF,Male,0,Yes,Yes,42,Yes,DSL,Month-to-month,Bank transfer (automatic),69.4,3058.3,0,0.21884423787626145,0,LOW RISK,2026-08-30 13:02:06
4193-IBKSW,Male,0,Yes,Yes,72,Yes,No,Two year,Bank transfer (automatic),24.75,1769.6,0,0.013129089748768752,0,LOW RISK,2026-08-30 13:02:06
5377-NDTOU,Female,0,Yes,Yes,71,Yes,DSL,Two year,Mailed check,91.05,6293.75,0,0.02594683494196733,0,LOW RISK,2026-08-30 13:02:06
5922-ABDVO,Female,0,Yes,No,19,Yes,Fiber optic,Month-to-month,Mailed check,89.65,1761.05,1,0.7011210175498901,1,HIGH RISK,2026-08-30 13:02:06
2474-LCNUE,Female,0,Yes,No,23,Yes,DSL,Month-to-month,Credit card (automatic),73.65,1642.75,0,0.4832019961885678,0,MEDIUM RISK,2026-08-30 13:02:06
0839-QNXME,Female,0,No,No,30,Yes,No,Two year,Credit card (automatic),19.4,578.5,0,0.03444900843264198,0,LOW RISK,2026-08-30 13:02:06
3506-OVLKD,Male,0,No,No,35,Yes,No,One year,Bank transfer (automatic),26.2,954.9,0,0.08044900823771249,0,LOW RISK,2026-08-30 13:02:06
9172-ANCRX,Female,0,No,No,10,Yes,Fiber optic,Month-to-month,Electronic check,98.7,973.25,1,0.896479091708698,1,HIGH RISK,2026-08-30 13:02:06
6650-VJONK,Male,0,No,No,1,Yes,DSL,Month-to-month,Bank transfer (automatic),43.85,43.85,0,0.6876890182669821,1,MEDIUM RISK,2026-08-30 13:02:06
2178-PMGCJ,Male,0,No,No,22,Yes,Fiber optic,Month-to-month,Mailed check,69.7,1490.4,0,0.5999633677066011,1,MEDIUM RISK,2026-08-30 13:02:06
7492-TAFJD,Male,0,Yes,Yes,7,No,DSL,Two year,Mailed check,38.55,280.0,0,0.17389349759221903,0,LOW RISK,2026-08-30 13:02:06
2773-MADBQ,Female,0,No,No,36,No,DSL,Two year,Mailed check,53.1,1901.25,0,0.09102165787754969,0,LOW RISK,2026-08-30 13:02:06
6016-LVTJQ,Female,0,Yes,Yes,34,Yes,No,Month-to-month,Mailed check,20.65,716.4,0,0.10739815767934378,0,LOW RISK,2026-08-30 13:02:06
7860-KSUGX,Male,0,Yes,Yes,72,Yes,DSL,Two year,Credit card (automatic),64.45,4720.0,0,0.02414690170846166,0,LOW RISK,2026-08-30 13:02:06
8966-KZXXA,Male,0,Yes,Yes,36,Yes,No,Two year,Credit card (automatic),25.1,930.95,0,0.03242755318907146,0,LOW RISK,2026-08-30 13:02:06
6910-HADCM,Female,0,No,No,1,Yes,Fiber optic,Month-to-month,Electronic check,76.35,76.35,1,0.8227533876188318,1,HIGH RISK,2026-08-30 13:02:06
4816-LXZYW,Female,0,No,No,23,Yes,Fiber optic,Month-to-month,Electronic check,79.15,1676.95,1,0.7043751614772785,1,HIGH RISK,2026-08-30 13:02:06
9606-PBKBQ,Male,1,Yes,No,32,Yes,Fiber optic,Month-to-month,Electronic check,85.0,2642.05,1,0.8065499393669601,1,HIGH RISK,2026-08-30 13:02:06
5149-QYTTU,Female,0,Yes,Yes,71,Yes,Fiber optic,One year,Credit card (automatic),95.15,6770.85,0,0.12096791991994371,0,LOW RISK,2026-08-30 13:02:06
2070-XYMFH,Female,1,No,No,23,Yes,Fiber optic,Month-to-month,Mailed check,79.35,1835.3,0,0.7002449332244625,1,HIGH RISK,2026-08-30 13:02:06
2085-BOJKI,Male,0,Yes,No,17,Yes,Fiber optic,One year,Bank transfer (automatic),96.65,1588.25,0,0.6077384014043024,1,MEDIUM RISK,2026-08-30 13:02:06
0817-HSUSE,Male,0,No,No,1,Yes,DSL,Month-to-month,Electronic check,75.5,75.5,0,0.7627039893978229,1,HIGH RISK,2026-08-30 13:02:06
5442-PPTJY,Male,0,Yes,Yes,12,Yes,No,Two year,Mailed check,19.7,258.35,0,0.07241772672199122,0,LOW RISK,2026-08-30 13:02:06
1927-QEWMY,Female,0,Yes,No,72,Yes,No,Two year,Credit card (automatic),20.5,1502.25,0,0.011735420516713049,0,LOW RISK,2026-08-30 13:02:06
1663-MHLHE,Male,0,No,No,1,Yes,No,Month-to-month,Mailed check,19.2,19.2,0,0.3998404039555794,0,LOW RISK,2026-08-30 13:02:06
5663-QBGIS,Male,1,Yes,No,72,Yes,Fiber optic,Two year,Bank transfer (automatic),98.35,6929.4,0,0.18214328383304365,0,LOW RISK,2026-08-30 13:02:06
4450-MDZFX,Male,0,Yes,Yes,60,Yes,Fiber optic,Month-to-month,Bank transfer (automatic),74.35,4453.3,0,0.38118658068049116,0,LOW RISK,2026-08-30 13:02:06
6701-DHKWQ,Female,0,Yes,Yes,61,No,DSL,Two year,Credit card (automatic),51.35,3244.4,0,0.04982845439056824,0,LOW RISK,2026-08-30 13:02:06
7554-AKDQF,Female,0,Yes,No,6,Yes,DSL,Month-to-month,Mailed check,45.65,323.45,0,0.5763967289757822,1,MEDIUM RISK,2026-08-30 13:02:06
3536-IQCTX,Male,1,Yes,No,32,Yes,Fiber optic,Month-to-month,Electronic check,85.3,2661.1,1,0.7499974873972145,1,HIGH RISK,2026-08-30 13:02:06
4911-BANWH,Female,0,No,Yes,31,Yes,Fiber optic,Month-to-month,Credit card (automatic),86.55,2697.4,1,0.6571332992718792,1,MEDIUM RISK,2026-08-30 13:02:06
8496-EJAUI,Male,0,No,No,19,Yes,Fiber optic,Month-to-month,Credit card (automatic),73.85,1424.5,1,0.5997527156628877,1,MEDIUM RISK,2026-08-30 13:02:06
0794-YVSGE,Male,0,Yes,Yes,72,Yes,No,Two year,Bank transfer (automatic),20.3,1401.15,0,0.009420403532529535,0,LOW RISK,2026-08-30 13:02:06
5423-BHIXO,Female,0,No,No,32,Yes,DSL,Month-to-month,Electronic check,54.2,1739.6,0,0.4948037972945276,0,MEDIUM RISK,2026-08-30 13:02:06
6908-VVYHM,Male,0,Yes,No,65,Yes,Fiber optic,Month-to-month,Electronic check,90.65,5931.0,0,0.6259085994866623,1,MEDIUM RISK,2026-08-30 13:02:06
2959-EEXWB,Female,0,Yes,Yes,45,No,DSL,Month-to-month,Bank transfer (automatic),50.9,2333.85,0,0.3368364345449827,0,LOW RISK,2026-08-30 13:02:06
1839-UMACK,Male,0,No,No,42,Yes,No,One year,Electronic check,25.05,949.85,0,0.08998159738539319,0,LOW RISK,2026-08-30 13:02:06
3030-YDNRM,Male,0,No,No,8,Yes,Fiber optic,Month-to-month,Electronic check,74.85,572.45,0,0.8765632483843162,1,HIGH RISK,2026-08-30 13:02:06
7321-KKSDU,Male,0,No,Yes,32,Yes,No,Two year,Mailed check,20.5,696.8,0,0.027243355756762812,0,LOW RISK,2026-08-30 13:02:06
3402-XRIUO,Female,1,Yes,No,22,Yes,DSL,Month-to-month,Mailed check,63.55,1381.8,0,0.3444711456442671,0,LOW RISK,2026-08-30 13:02:06
3132-TVFDZ,Male,1,Yes,No,57,No,DSL,Month-to-month,Electronic check,44.85,2572.95,1,0.6328157258151448,1,MEDIUM RISK,2026-08-30 13:02:06
8286-AFUYI,Male,0,No,No,1,Yes,DSL,Month-to-month,Electronic check,47.95,47.95,0,0.6188623144296844,1,MEDIUM RISK,2026-08-30 13:02:06
8080-DDEMJ,Male,1,No,No,1,Yes,DSL,Month-to-month,Electronic check,45.1,45.1,1,0.7268188584997057,1,HIGH RISK,2026-08-30 13:02:06
8356-WUAOJ,Female,0,Yes,No,1,Yes,DSL,Month-to-month,Electronic check,45.0,45.0,0,0.7637291028259344,1,HIGH RISK,2026-08-30 13:02:06
6365-MTGZX,Male,0,No,No,24,Yes,Fiber optic,Month-to-month,Electronic check,96.0,2122.45,1,0.7289821576994877,1,HIGH RISK,2026-08-30 13:02:06
1349-WXNGG,Male,0,No,No,1,Yes,No,Month-to-month,Bank transfer (automatic),20.05,20.05,1,0.3851822389846562,0,LOW RISK,2026-08-30 13:02:06
8058-DMYRU,Male,1,No,No,54,Yes,Fiber optic,Month-to-month,Electronic check,90.05,4931.8,0,0.7395679162282409,1,HIGH RISK,2026-08-30 13:02:06
9350-ZXYJC,Female,0,No,No,4,Yes,No,Two year,Credit card (automatic),25.3,116.95,0,0.18929697236111662,0,LOW RISK,2026-08-30 13:02:06
6990-YNRIO,Male,0,Yes,Yes,65,Yes,Fiber optic,Two year,Bank transfer (automatic),108.65,6937.95,1,0.1076562143747346,0,LOW RISK,2026-08-30 13:02:06
8958-JPTRR,Female,0,Yes,No,56,Yes,No,One year,Electronic check,24.3,1261.7,0,0.08884688649116688,0,LOW RISK,2026-08-30 13:02:06
6959-GQEGV,Male,0,No,No,45,Yes,DSL,Month-to-month,Electronic check,75.95,3273.8,0,0.33030580937264103,0,LOW RISK,2026-08-30 13:02:06
3173-WSSUE,Female,0,Yes,Yes,71,Yes,No,Two year,Credit card (automatic),19.7,1415.85,0,0.010001345534283945,0,LOW RISK,2026-08-30 13:02:06
1265-HVPZB,Male,0,Yes,No,59,Yes,DSL,One year,Credit card (automatic),66.4,3958.2,0,0.07625301784842757,0,LOW RISK,2026-08-30 13:02:06
4115-UMJFQ,Male,0,No,No,69,No,DSL,One year,Bank transfer (automatic),35.75,2492.25,0,0.11668570781130551,0,LOW RISK,2026-08-30 13:02:06
7369-TRPFD,Male,0,No,No,19,Yes,No,One year,Mailed check,18.8,279.2,0,0.09275829953324115,0,LOW RISK,2026-08-30 13:02:06
1098-KFQEC,Female,0,Yes,Yes,55,Yes,No,Two year,Credit card (automatic),19.4,1083.0,0,0.01865669659214366,0,LOW RISK,2026-08-30 13:02:06
7190-XHTWJ,Female,0,No,No,38,Yes,No,One year,Mailed check,19.3,755.5,0,0.05633917065862703,0,LOW RISK,2026-08-30 13:02:06
0621-TWIEM,Male,0,No,No,10,Yes,DSL,Month-to-month,Electronic check,45.55,402.6,1,0.68843006849237,1,MEDIUM RISK,2026-08-30 13:02:06
3537-RYBHH,Female,1,Yes,No,47,Yes,DSL,Month-to-month,Credit card (automatic),67.45,3252.0,0,0.19316911301379167,0,LOW RISK,2026-08-30 13:02:06
2485-ITVKB,Female,0,Yes,No,2,No,DSL,Month-to-month,Electronic check,35.1,68.75,1,0.8603080230866237,1,HIGH RISK,2026-08-30 13:02:06
3669-OYSJI,Male,0,No,No,1,Yes,DSL,Month-to-month,Credit card (automatic),46.2,46.2,1,0.6061533522891167,1,MEDIUM RISK,2026-08-30 13:02:06
1612-EOHDH,Female,0,No,No,1,Yes,DSL,Month-to-month,Electronic check,45.15,45.15,1,0.687783428668236,1,MEDIUM RISK,2026-08-30 13:02:06
6702-OHFWR,Male,1,No,No,1,No,DSL,Month-to-month,Electronic check,43.3,43.3,1,0.8729228401063589,1,HIGH RISK,2026-08-30 13:02:06
5296-BFCYD,Male,0,Yes,Yes,46,Yes,No,Two year,Mailed check,20.1,936.85,0,0.023158835191032585,0,LOW RISK,2026-08-30 13:02:06
4510-PYUSH,Female,1,No,No,38,Yes,DSL,Month-to-month,Credit card (automatic),57.15,2250.65,1,0.23865297656452403,0,LOW RISK,2026-08-30 13:02:06
9359-JANWS,Female,0,Yes,No,65,Yes,DSL,Two year,Credit card (automatic),58.9,3857.1,0,0.02339507300448055,0,LOW RISK,2026-08-30 13:02:06
7517-SAWMO,Female,0,Yes,No,19,Yes,Fiber optic,Month-to-month,Electronic check,73.2,1441.1,1,0.6351790988200617,1,MEDIUM RISK,2026-08-30 13:02:06
4143-HHPMK,Male,0,No,No,52,Yes,Fiber optic,Month-to-month,Electronic check,85.35,4338.6,1,0.6479837809327036,1,MEDIUM RISK,2026-08-30 13:02:06
3279-DYZQM,Male,0,Yes,Yes,71,Yes,No,Two year,Mailed check,19.45,1378.45,0,0.01043613835945988,0,LOW RISK,2026-08-30 13:02:06
7054-LGEQW,Female,0,No,No,1,Yes,DSL,Month-to-month,Mailed check,45.95,45.95,1,0.6046809585229221,1,MEDIUM RISK,2026-08-30 13:02:06
0523-VNGTF,Female,1,No,No,52,No,DSL,Month-to-month,Electronic check,50.5,2566.3,0,0.4866782548865057,0,MEDIUM RISK,2026-08-30 13:02:06
9575-IWCAZ,Male,0,Yes,No,6,Yes,No,One year,Mailed check,25.1,171.0,0,0.2670652826107282,0,LOW RISK,2026-08-30 13:02:06
7105-MXJLL,Female,1,Yes,No,26,Yes,DSL,One year,Mailed check,60.7,1597.4,0,0.2886278666117825,0,LOW RISK,2026-08-30 13:02:06
7064-FRRSW,Male,1,No,No,48,Yes,Fiber optic,One year,Electronic check,99.0,4744.35,0,0.5818629191832371,1,MEDIUM RISK,2026-08-30 13:02:06
7940-UQQUG,Female,0,Yes,Yes,64,Yes,Fiber optic,One year,Bank transfer (automatic),104.4,6721.6,0,0.270643769597016,0,LOW RISK,2026-08-30 13:02:06
0923-PNFUB,Female,0,No,No,3,Yes,Fiber optic,Month-to-month,Electronic check,83.75,247.25,1,0.8402116636476138,1,HIGH RISK,2026-08-30 13:02:06
3961-SXAXY,Male,0,No,No,1,Yes,DSL,Month-to-month,Bank transfer (automatic),44.05,44.05,0,0.6869066957629614,1,MEDIUM RISK,2026-08-30 13:02:06
7010-BRBUU,Male,0,Yes,Yes,72,Yes,No,Two year,Credit card (automatic),24.1,1734.65,0,0.013673331073623472,0,LOW RISK,2026-08-30 13:02:06
3566-HJGPK,Male,0,No,No,1,Yes,DSL,Month-to-month,Mailed check,45.55,45.55,0,0.6909160829939637,1,MEDIUM RISK,2026-08-30 13:02:06
3062-ICYZQ,Female,0,Yes,Yes,51,Yes,Fiber optic,Month-to-month,Electronic check,93.8,4539.35,0,0.6007344769543645,1,MEDIUM RISK,2026-08-30 13:02:06
9938-PRCVK,Female,0,Yes,Yes,41,Yes,No,Two year,Bank transfer (automatic),19.7,804.25,0,0.018710966806086155,0,LOW RISK,2026-08-30 13:02:06
0973-KYVNF,Female,0,Yes,Yes,72,Yes,DSL,Two year,Credit card (automatic),70.65,5011.15,0,0.023509280490619126,0,LOW RISK,2026-08-30 13:02:06
5129-HHMZC,Female,0,Yes,No,43,Yes,DSL,Two year,Credit card (automatic),86.45,3574.5,0,0.04834064780576415,0,LOW RISK,2026-08-30 13:02:06
9637-CDTKZ,Male,0,Yes,No,72,Yes,Fiber optic,Two year,Credit card (automatic),114.1,8086.4,0,0.1320445718076782,0,LOW RISK,2026-08-30 13:02:06
3946-JEWRQ,Male,0,Yes,No,47,Yes,Fiber optic,One year,Credit card (automatic),95.2,4563.0,0,0.49565523936191336,0,MEDIUM RISK,2026-08-30 13:02:06
7873-CVMAW,Male,0,No,No,72,Yes,DSL,Two year,Credit card (automatic),88.55,6362.35,0,0.03164302384970556,0,LOW RISK,2026-08-30 13:02:06
0463-WZZKO,Male,0,No,No,3,Yes,No,Month-to-month,Credit card (automatic),20.75,67.1,0,0.45610231766614245,0,MEDIUM RISK,2026-08-30 13:02:06
3494-JCHRQ,Male,0,No,No,1,Yes,Fiber optic,Month-to-month,Electronic check,70.05,70.05,1,0.8721074559733111,1,HIGH RISK,2026-08-30 13:02:06
6474-FVJLC,Male,0,No,No,2,Yes,Fiber optic,Month-to-month,Electronic check,86.0,165.45,1,0.9223953217098219,1,HIGH RISK,2026-08-30 13:02:06
4524-QCSSM,Male,0,No,No,26,No,DSL,Month-to-month,Bank transfer (automatic),44.65,1156.55,0,0.4558656708743264,0,MEDIUM RISK,2026-08-30 13:02:06
5832-EXGTT,Male,0,Yes,Yes,29,Yes,DSL,Month-to-month,Mailed check,60.2,1834.15,0,0.3469432695603519,0,LOW RISK,2026-08-30 13:02:06
8840-DQLGN,Female,1,Yes,No,35,Yes,Fiber optic,Month-to-month,Bank transfer (automatic),100.5,3653.35,1,0.5407173619034458,1,MEDIUM RISK,2026-08-30 13:02:06
2039-JONDJ,Male,0,No,No,27,Yes,DSL,One year,Bank transfer (automatic),55.45,1477.65,0,0.11984391506962841,0,LOW RISK,2026-08-30 13:02:06
7217-JYHOQ,Male,0,Yes,Yes,24,Yes,DSL,Month-to-month,Credit card (automatic),70.3,1706.45,0,0.19690252801215008,0,LOW RISK,2026-08-30 13:02:06
6695-FRVEC,Male,0,Yes,Yes,67,Yes,DSL,Two year,Bank transfer (automatic),60.4,3953.7,0,0.023878466895930074,0,LOW RISK,2026-08-30 13:02:06
4547-LYTDD,Female,0,No,No,16,Yes,Fiber optic,Month-to-month,Electronic check,72.65,1194.3,1,0.7238150085562127,1,HIGH RISK,2026-08-30 13:02:06
9894-QMIMJ,Female,0,No,No,23,Yes,DSL,One year,Bank transfer (automatic),55.8,1327.85,0,0.15644425717236077,0,LOW RISK,2026-08-30 13:02:06
8069-YQQAJ,Male,0,No,No,14,No,DSL,Month-to-month,Mailed check,31.1,419.7,0,0.5292250763556683,1,MEDIUM RISK,2026-08-30 13:02:06
6770-XUAGN,Female,0,Yes,Yes,1,Yes,No,Month-to-month,Electronic check,21.0,21.0,1,0.5136406765644176,1,MEDIUM RISK,2026-08-30 13:02:06
4193-ORFCL,Female,1,No,No,1,Yes,DSL,Month-to-month,Mailed check,45.1,45.1,1,0.6461705375622337,1,MEDIUM RISK,2026-08-30 13:02:06
1636-NTNCO,Male,1,No,No,4,No,DSL,Month-to-month,Credit card (automatic),50.95,207.35,0,0.8437840523438725,1,HIGH RISK,2026-08-30 13:02:06
3466-WAESX,Male,0,No,Yes,16,Yes,DSL,Month-to-month,Electronic check,69.1,1083.7,0,0.45439597062759773,0,MEDIUM RISK,2026-08-30 13:02:06
9281-PKKZE,Female,0,Yes,No,46,No,DSL,Month-to-month,Electronic check,43.95,2007.85,0,0.5682218836375268,1,MEDIUM RISK,2026-08-30 13:02:06
3638-VBZTA,Male,0,No,Yes,68,Yes,DSL,Two year,Bank transfer (automatic),86.5,5882.75,0,0.03746359806073137,0,LOW RISK,2026-08-30 13:02:06
7459-IMVYU,Male,0,No,No,38,Yes,DSL,Month-to-month,Electronic check,69.95,2657.55,0,0.18286246706286086,0,LOW RISK,2026-08-30 13:02:06
7776-QWNFX,Male,1,Yes,No,30,Yes,DSL,Month-to-month,Bank transfer (automatic),50.4,1527.5,1,0.3895405781294468,0,LOW RISK,2026-08-30 13:02:06
6689-TCZHQ,Female,1,No,No,5,Yes,Fiber optic,Month-to-month,Electronic check,78.95,378.4,1,0.8687649126743656,1,HIGH RISK,2026-08-30 13:02:06
8563-OYMQY,Male,0,No,No,17,Yes,Fiber optic,Month-to-month,Credit card (automatic),90.95,1612.2,0,0.6887124939373412,1,MEDIUM RISK,2026-08-30 13:02:06
0754-EEBDC,Male,0,Yes,Yes,4,Yes,No,Two year,Mailed check,19.9,76.65,0,0.09531807232863498,0,LOW RISK,2026-08-30 13:02:06
5777-ZPQNC,Female,0,No,No,12,Yes,No,One year,Electronic check,20.15,260.7,0,0.21968431576964015,0,LOW RISK,2026-08-30 13:02:06
1951-IEYXM,Male,0,Yes,Yes,72,Yes,DSL,Two year,Credit card (automatic),90.6,6441.85,0,0.03598022362108438,0,LOW RISK,2026-08-30 13:02:06
3318-NMQXL,Male,0,No,No,3,Yes,Fiber optic,Month-to-month,Electronic check,92.0,266.8,0,0.9178288475002341,1,HIGH RISK,2026-08-30 13:02:06
3143-ILDAL,Male,0,No,No,56,Yes,Fiber optic,Month-to-month,Electronic check,94.45,5124.6,1,0.6275435191748472,1,MEDIUM RISK,2026-08-30 13:02:06
1022-RKXDR,Female,0,No,No,41,Yes,No,One year,Mailed check,24.85,962.25,0,0.09147399936199044,0,LOW RISK,2026-08-30 13:02:06
2361-FJWNO,Male,0,No,No,40,No,DSL,One year,Credit card (automatic),36.0,1382.9,0,0.11422922577198318,0,LOW RISK,2026-08-30 13:02:06
2272-UOINI,Female,0,No,No,7,Yes,DSL,Month-to-month,Electronic check,78.5,571.05,0,0.6136429078942666,1,MEDIUM RISK,2026-08-30 13:02:06
8232-UTFOZ,Male,0,No,No,69,Yes,No,Two year,Credit card (automatic),19.95,1399.35,0,0.01316739168057525,0,LOW RISK,2026-08-30 13:02:06
3750-YHRYO,Male,0,Yes,Yes,7,Yes,No,One year,Mailed check,20.65,150.0,0,0.17011594758829846,0,LOW RISK,2026-08-30 13:02:06
6637-KYRCV,Female,0,Yes,Yes,5,No,DSL,Month-to-month,Electronic check,30.5,167.2,0,0.7409514827528418,1,HIGH RISK,2026-08-30 13:02:06
5668-MEISB,Female,0,Yes,Yes,72,Yes,Fiber optic,Two year,Credit card (automatic),106.1,7657.4,0,0.05542007636353816,0,LOW RISK,2026-08-30 13:02:06
0129-QMPDR,Male,0,Yes,Yes,44,Yes,No,One year,Bank transfer (automatic),20.5,865.05,0,0.05060882216991391,0,LOW RISK,2026-08-30 13:02:06
7188-CBBBA,Female,0,No,No,65,Yes,Fiber optic,One year,Electronic check,95.5,6153.85,0,0.42749435335070474,0,MEDIUM RISK,2026-08-30 13:02:06
5356-CSVSQ,Female,0,No,No,3,Yes,DSL,Month-to-month,Electronic check,64.6,174.2,0,0.7336673473074843,1,HIGH RISK,2026-08-30 13:02:06
3221-CJMSG,Male,0,No,No,24,Yes,DSL,Month-to-month,Credit card (automatic),51.1,1269.6,0,0.31951333589357067,0,LOW RISK,2026-08-30 13:02:06
4720-VSTSI,Female,0,No,No,44,Yes,Fiber optic,Month-to-month,Bank transfer (automatic),84.8,3862.55,1,0.5001278384574791,1,MEDIUM RISK,2026-08-30 13:02:06
3219-JQRSL,Female,1,Yes,No,72,Yes,DSL,Two year,Credit card (automatic),89.1,6352.4,0,0.03683712460517632,0,LOW RISK,2026-08-30 13:02:06
2801-NISEI,Male,0,No,No,24,Yes,DSL,Month-to-month,Electronic check,54.95,1348.5,0,0.25263970844497696,0,LOW RISK,2026-08-30 13:02:06
3946-MHCZW,Male,0,No,No,1,Yes,DSL,Month-to-month,Mailed check,50.9,50.9,1,0.613766657513966,1,MEDIUM RISK,2026-08-30 13:02:06
4623-ZKHLY,Male,0,Yes,No,22,Yes,No,Month-to-month,Bank transfer (automatic),20.45,471.55,0,0.21005023503989648,0,LOW RISK,2026-08-30 13:02:06
6732-VAILE,Male,0,Yes,Yes,70,Yes,DSL,Two year,Credit card (automatic),85.95,5931.75,0,0.05362060454945916,0,LOW RISK,2026-08-30 13:02:06
8201-AAXCB,Male,0,Yes,Yes,25,Yes,DSL,Month-to-month,Electronic check,60.35,1404.65,0,0.5330813793200673,1,MEDIUM RISK,2026-08-30 13:02:06
7696-CFTAT,Male,0,Yes,Yes,37,Yes,No,Two year,Bank transfer (automatic),19.8,726.1,0,0.022337685326774877,0,LOW RISK,2026-08-30 13:02:06
1845-CSBRZ,Female,1,Yes,Yes,22,Yes,Fiber optic,Month-to-month,Bank transfer (automatic),85.35,1961.6,0,0.6463273711072842,1,MEDIUM RISK,2026-08-30 13:02:06
2123-VSCOT,Female,0,Yes,Yes,59,Yes,DSL,Two year,Bank transfer (automatic),72.1,4194.85,0,0.05803999893168628,0,LOW RISK,2026-08-30 13:02:06
6651-AZVTJ,Male,0,Yes,Yes,49,Yes,Fiber optic,Month-to-month,Electronic check,99.8,4872.45,1,0.7917696585867259,1,HIGH RISK,2026-08-30 13:02:06
4566-GOLUK,Male,0,Yes,Yes,47,Yes,Fiber optic,Month-to-month,Bank transfer (automatic),107.35,5118.95,1,0.5495615134185675,1,MEDIUM RISK,2026-08-30 13:02:06
2484-DGXPZ,Female,0,Yes,Yes,31,Yes,No,Month-to-month,Mailed check,19.55,658.95,1,0.16160908675672073,0,LOW RISK,2026-08-30 13:02:06
2018-QKYGT,Male,0,Yes,Yes,1,Yes,Fiber optic,Month-to-month,Electronic check,81.05,81.05,0,0.8851222706420703,1,HIGH RISK,2026-08-30 13:02:06
2792-VPPET,Male,0,No,No,3,Yes,No,Month-to-month,Electronic check,20.5,76.95,0,0.5515914820539186,1,MEDIUM RISK,2026-08-30 13:02:06
7409-JURKQ,Female,0,Yes,No,53,Yes,Fiber optic,One year,Bank transfer (automatic),111.8,5809.75,0,0.45334831769576295,0,MEDIUM RISK,2026-08-30 13:02:06
3247-MHJKM,Male,0,No,No,1,Yes,No,Month-to-month,Mailed check,20.2,20.2,0,0.3954809645701498,0,LOW RISK,2026-08-30 13:02:06
1964-SVLEA,Male,0,No,No,20,Yes,No,One year,Mailed check,19.7,415.9,0,0.12289701255891514,0,LOW RISK,2026-08-30 13:02:06
4587-NUKOX,Female,0,No,No,3,Yes,Fiber optic,Month-to-month,Electronic check,79.1,246.5,1,0.7941663632653229,1,HIGH RISK,2026-08-30 13:02:06
7297-DVYGA,Female,0,No,No,51,Yes,No,One year,Bank transfer (automatic),19.85,996.95,0,0.07353276871933748,0,LOW RISK,2026-08-30 13:02:06
2239-CGBUZ,Female,0,Yes,No,51,Yes,DSL,One year,Bank transfer (automatic),60.5,3145.15,0,0.09390614676882549,0,LOW RISK,2026-08-30 13:02:06
0854-UYHZD,Female,0,Yes,Yes,13,Yes,No,Two year,Mailed check,19.55,265.3,0,0.046128211808914056,0,LOW RISK,2026-08-30 13:02:06
7243-LCGGZ,Female,0,No,No,1,Yes,No,Month-to-month,Mailed check,20.9,20.9,0,0.3862374587976807,0,LOW RISK,2026-08-30 13:02:06
8267-KFGYD,Male,0,No,Yes,1,Yes,No,Month-to-month,Mailed check,21.05,21.05,0,0.4242984847021557,0,MEDIUM RISK,2026-08-30 13:02:06
4890-VMUAV,Male,0,No,No,63,Yes,DSL,One year,Electronic check,71.5,4576.3,0,0.06545075841332966,0,LOW RISK,2026-08-30 13:02:06
9261-WDCAF,Male,0,No,No,3,Yes,DSL,Month-to-month,Mailed check,54.65,189.1,0,0.6787667788457117,1,MEDIUM RISK,2026-08-30 13:02:06
3764-MNMOI,Male,0,No,No,46,Yes,No,Two year,Credit card (automatic),19.2,908.15,0,0.019630758174424112,0,LOW RISK,2026-08-30 13:02:06
7442-YGZFK,Male,0,No,No,1,Yes,DSL,Month-to-month,Credit card (automatic),49.8,49.8,0,0.7513967185662322,1,HIGH RISK,2026-08-30 13:02:06
0420-BWTPW,Male,0,No,Yes,8,No,DSL,Month-to-month,Mailed check,25.5,215.2,1,0.5869902168521374,1,MEDIUM RISK,2026-08-30 13:02:06
8229-BUJHX,Female,0,Yes,Yes,71,Yes,No,Two year,Bank transfer (automatic),20.5,1500.95,0,0.009620843494254882,0,LOW RISK,2026-08-30 13:02:06
7449-HVPIV,Male,0,Yes,Yes,55,Yes,Fiber optic,Month-to-month,Credit card (automatic),90.4,5099.15,0,0.6041172496712252,1,MEDIUM RISK,2026-08-30 13:02:06
5504-WSIUR,Female,0,No,No,70,Yes,Fiber optic,One year,Bank transfer (automatic),90.25,6385.95,0,0.1906625013649819,0,LOW RISK,2026-08-30 13:02:06
8183-ONMXC,Female,0,No,No,2,Yes,Fiber optic,Month-to-month,Electronic check,80.75,159.45,1,0.8596375950547254,1,HIGH RISK,2026-08-30 13:02:06
8466-PZBLH,Male,0,Yes,Yes,67,Yes,Fiber optic,Two year,Bank transfer (automatic),104.6,6885.75,0,0.09741204187790006,0,LOW RISK,2026-08-30 13:02:06
9614-RMGHA,Male,0,Yes,No,65,Yes,Fiber optic,Month-to-month,Bank transfer (automatic),91.85,5940.85,1,0.5175407765306926,1,MEDIUM RISK,2026-08-30 13:02:06
8735-IJJEG,Male,0,Yes,No,14,Yes,DSL,Month-to-month,Credit card (automatic),50.2,668.85,0,0.4016679581368216,0,MEDIUM RISK,2026-08-30 13:02:06
0564-MUUQK,Female,0,Yes,Yes,20,Yes,Fiber optic,Month-to-month,Bank transfer (automatic),95.5,1916.2,0,0.6452109462000136,1,MEDIUM RISK,2026-08-30 13:02:06
5054-IEXZT,Male,0,No,Yes,1,Yes,Fiber optic,Month-to-month,Electronic check,75.35,75.35,1,0.8283490961291665,1,HIGH RISK,2026-08-30 13:02:06
5834-ASPWA,Male,0,No,No,1,Yes,Fiber optic,Month-to-month,Electronic check,75.45,75.45,1,0.9016623354959038,1,HIGH RISK,2026-08-30 13:02:06
0701-RFGFI,Female,0,Yes,Yes,49,Yes,Fiber optic,Month-to-month,Bank transfer (automatic),95.4,4613.95,0,0.7056227865528829,1,HIGH RISK,2026-08-30 13:02:06
0019-EFAEP,Female,0,No,No,72,Yes,Fiber optic,Two year,Bank transfer (automatic),101.3,7261.25,0,0.11053770732179877,0,LOW RISK,2026-08-30 13:02:06
5619-PTMIK,Female,0,Yes,No,46,Yes,DSL,Month-to-month,Electronic check,53.1,2459.8,0,0.2538179401536946,0,LOW RISK,2026-08-30 13:02:06
3737-XBQDD,Male,0,No,No,24,Yes,Fiber optic,Month-to-month,Bank transfer (automatic),84.85,2048.8,0,0.6224851281103793,1,MEDIUM RISK,2026-08-30 13:02:06
5882-CMAZQ,Female,0,Yes,Yes,5,No,DSL,Month-to-month,Electronic check,34.25,163.55,0,0.6047776375078517,1,MEDIUM RISK,2026-08-30 13:02:06
5846-QFDFI,Female,0,Yes,Yes,33,Yes,Fiber optic,Month-to-month,Credit card (automatic),88.6,2888.7,0,0.4060616723440419,0,MEDIUM RISK,2026-08-30 13:02:06
4445-KWOKW,Female,0,No,No,42,Yes,DSL,One year,Bank transfer (automatic),60.15,2421.6,0,0.12736770528592678,0,LOW RISK,2026-08-30 13:02:06
3511-APPBJ,Male,0,No,No,23,Yes,Fiber optic,One year,Credit card (automatic),99.95,2292.75,0,0.4751604488387851,0,MEDIUM RISK,2026-08-30 13:02:06
7967-HYCDE,Male,0,No,No,8,Yes,Fiber optic,Month-to-month,Bank transfer (automatic),70.7,553.4,0,0.7118920251287391,1,HIGH RISK,2026-08-30 13:02:06
2430-RRYUW,Male,0,No,No,66,Yes,DSL,One year,Mailed check,54.8,3465.7,0,0.0738113497736691,0,LOW RISK,2026-08-30 13:02:06
3948-XHGNA,Male,0,No,No,24,Yes,DSL,Month-to-month,Bank transfer (automatic),49.55,1210.4,1,0.2994344891197355,0,LOW RISK,2026-08-30 13:02:06
3723-BFBGR,Male,1,No,No,24,Yes,DSL,Month-to-month,Credit card (automatic),54.8,1291.3,0,0.3858040211446861,0,LOW RISK,2026-08-30 13:02:06
0565-IYCGT,Male,0,No,No,69,Yes,DSL,One year,Credit card (automatic),78.6,5356.45,1,0.07478516760280755,0,LOW RISK,2026-08-30 13:02:06
5447-WZAFP,Female,0,No,No,53,Yes,Fiber optic,One year,Mailed check,100.3,5200.8,0,0.4505087732173547,0,MEDIUM RISK,2026-08-30 13:02:06
5110-CHOPY,Female,0,No,No,60,No,DSL,Two year,Electronic check,53.6,3237.05,0,0.1234202771402586,0,LOW RISK,2026-08-30 13:02:06
5445-UTODQ,Female,0,Yes,No,7,Yes,Fiber optic,Month-to-month,Electronic check,81.1,576.65,1,0.8800456495044994,1,HIGH RISK,2026-08-30 13:02:06
4425-OWHWB,Female,0,No,No,20,Yes,No,One year,Credit card (automatic),19.35,433.75,0,0.11973059922116823,0,LOW RISK,2026-08-30 13:02:06
7892-QVYKW,Female,0,Yes,Yes,23,Yes,Fiber optic,Month-to-month,Electronic check,85.6,1868.4,0,0.686065166737192,1,MEDIUM RISK,2026-08-30 13:02:06
9675-ICXCT,Male,0,Yes,Yes,72,Yes,DSL,Two year,Electronic check,80.8,5728.55,0,0.04150231055443393,0,LOW RISK,2026-08-30 13:02:06
1024-VRZHF,Male,0,Yes,No,11,Yes,Fiber optic,Month-to-month,Electronic check,74.95,825.7,1,0.8716082495754838,1,HIGH RISK,2026-08-30 13:02:06
4703-MQYKT,Male,0,No,No,21,Yes,No,Two year,Mailed check,19.6,390.4,0,0.041114845270994516,0,LOW RISK,2026-08-30 13:02:06
9497-QCMMS,Male,1,No,No,1,Yes,Fiber optic,Month-to-month,Electronic check,93.55,93.55,1,0.9536026095961301,1,HIGH RISK,2026-08-30 13:02:06
5692-ICXLW,Male,1,No,No,31,Yes,Fiber optic,Month-to-month,Electronic check,90.7,2845.15,0,0.7878428604212468,1,HIGH RISK,2026-08-30 13:02:06
0602-DDUML,Female,0,No,No,57,Yes,DSL,Two year,Mailed check,69.75,3894.4,0,0.03779958536223435,0,LOW RISK,2026-08-30 13:02:06
2208-MPXIO,Female,0,Yes,Yes,45,Yes,No,Two year,Bank transfer (automatic),20.0,886.4,0,0.022385922537088897,0,LOW RISK,2026-08-30 13:02:06
1960-UYCNN,Male,0,No,No,10,Yes,Fiber optic,Month-to-month,Electronic check,95.25,1021.55,0,0.8955067967344466,1,HIGH RISK,2026-08-30 13:02:06
0348-SDKOL,Female,0,Yes,No,58,Yes,Fiber optic,Month-to-month,Credit card (automatic),102.1,5885.4,1,0.647983365455423,1,MEDIUM RISK,2026-08-30 13:02:06
3190-FZATL,Male,0,No,Yes,14,Yes,No,Month-to-month,Mailed check,19.95,268.4,0,0.17414666627438194,0,LOW RISK,2026-08-30 13:02:06
7336-RLLRH,Male,0,Yes,No,27,Yes,DSL,One year,Mailed check,80.85,2204.35,0,0.19099700428643207,0,LOW RISK,2026-08-30 13:02:06
4373-MAVJG,Female,0,Yes,Yes,14,Yes,Fiber optic,Month-to-month,Bank transfer (automatic),90.9,1259.0,1,0.7187463328371299,1,HIGH RISK,2026-08-30 13:02:06
8901-HJXTF,Female,0,Yes,Yes,12,No,DSL,Month-to-month,Mailed check,29.2,309.1,1,0.5203765407115998,1,MEDIUM RISK,2026-08-30 13:02:06
7710-JSYOA,Female,0,Yes,Yes,69,Yes,Fiber optic,Two year,Bank transfer (automatic),93.3,6398.05,0,0.11542109240715709,0,LOW RISK,2026-08-30 13:02:06
5419-KLXBN,Female,0,Yes,Yes,25,Yes,Fiber optic,Month-to-month,Bank transfer (automatic),89.15,2257.75,1,0.617021239182106,1,MEDIUM RISK,2026-08-30 13:02:06
3424-NMNBO,Male,1,Yes,No,58,Yes,Fiber optic,One year,Electronic check,108.85,6287.25,1,0.5489364767508718,1,MEDIUM RISK,2026-08-30 13:02:06
9885-MFVSU,Female,0,Yes,Yes,35,No,DSL,Two year,Credit card (automatic),46.35,1662.05,0,0.08126071250827104,0,LOW RISK,2026-08-30 13:02:06
4514-GFCFI,Female,1,No,No,16,Yes,Fiber optic,Month-to-month,Electronic check,84.75,1350.15,1,0.8489510530752519,1,HIGH RISK,2026-08-30 13:02:06
0607-MVMGC,Male,0,Yes,Yes,45,Yes,DSL,One year,Credit card (automatic),78.75,3600.65,0,0.1519349295444764,0,LOW RISK,2026-08-30 13:02:06
3365-SAIGS,Female,0,No,No,17,Yes,Fiber optic,Month-to-month,Electronic check,83.55,1329.15,0,0.7493499635366538,1,HIGH RISK,2026-08-30 13:02:06
9828-AOQLM,Female,0,Yes,Yes,1,Yes,DSL,Month-to-month,Electronic check,45.7,45.7,1,0.7209361506271306,1,HIGH RISK,2026-08-30 13:02:06
8022-BECSI,Male,0,No,No,22,Yes,No,One year,Mailed check,19.6,422.5,0,0.08355571905074236,0,LOW RISK,2026-08-30 13:02:06
8000-REIQB,Female,1,No,No,1,Yes,Fiber optic,Month-to-month,Electronic check,69.95,69.95,1,0.886675886014551,1,HIGH RISK,2026-08-30 13:02:06
9993-LHIEB,Male,0,Yes,Yes,67,Yes,DSL,Two year,Mailed check,67.85,4627.65,0,0.019352252780854465,0,LOW RISK,2026-08-30 13:02:06
0266-CLZKZ,Female,0,Yes,Yes,67,Yes,Fiber optic,Two year,Bank transfer (automatic),105.65,6717.9,0,0.1729410825100339,0,LOW RISK,2026-08-30 13:02:06
7615-ESMYF,Female,0,Yes,No,2,No,DSL,Month-to-month,Electronic check,44.6,97.1,1,0.8572012681122849,1,HIGH RISK,2026-08-30 13:02:06
3858-VOBET,Male,0,No,No,23,Yes,Fiber optic,Month-to-month,Electronic check,74.95,1710.45,1,0.7370456655784267,1,HIGH RISK,2026-08-30 13:02:06
7020-OZKXZ,Female,1,No,No,9,Yes,Fiber optic,Month-to-month,Credit card (automatic),75.5,637.4,0,0.7385875026964293,1,HIGH RISK,2026-08-30 13:02:06
3977-QCRSL,Female,0,No,No,5,Yes,No,Month-to-month,Mailed check,20.15,117.95,0,0.3558949993216947,0,LOW RISK,2026-08-30 13:02:06
0017-DINOC,Male,0,No,No,54,No,DSL,Two year,Credit card (automatic),45.2,2460.55,0,0.059314416583054405,0,LOW RISK,2026-08-30 13:02:06
1447-PJGGA,Female,0,No,No,57,Yes,Fiber optic,Two year,Electronic check,95.25,5464.65,1,0.34388928354514275,0,LOW RISK,2026-08-30 13:02:06
8565-CLBZW,Male,0,No,No,24,Yes,Fiber optic,Month-to-month,Mailed check,89.85,2165.05,1,0.7259888061392766,1,HIGH RISK,2026-08-30 13:02:06
9139-WQQDY,Female,0,Yes,Yes,49,Yes,Fiber optic,One year,Mailed check,100.45,4941.8,1,0.4314954324793751,0,MEDIUM RISK,2026-08-30 13:02:06
0224-HJAPT,Male,0,No,No,5,Yes,DSL,Month-to-month,Electronic check,47.15,223.15,1,0.7336842328549599,1,HIGH RISK,2026-08-30 13:02:06
8086-OVPWV,Male,0,No,No,2,Yes,Fiber optic,Month-to-month,Electronic check,80.2,181.1,1,0.9034143468525802,1,HIGH RISK,2026-08-30 13:02:06
9430-FRQOC,Female,0,No,Yes,4,Yes,Fiber optic,Month-to-month,Mailed check,87.1,341.45,1,0.7703303160587631,1,HIGH RISK,2026-08-30 13:02:06
7639-OPLNG,Male,0,Yes,Yes,70,Yes,DSL,Two year,Bank transfer (automatic),79.25,5731.85,0,0.027769883861974883,0,LOW RISK,2026-08-30 13:02:06
3074-GQWYX,Male,0,No,No,5,Yes,Fiber optic,Month-to-month,Bank transfer (automatic),75.9,357.75,1,0.8389333688120154,1,HIGH RISK,2026-08-30 13:02:06
1492-QGCLU,Male,0,Yes,Yes,53,Yes,DSL,Month-to-month,Electronic check,85.7,4616.1,0,0.2824753399796205,0,LOW RISK,2026-08-30 13:02:06
6845-RGTYS,Female,0,Yes,No,47,Yes,Fiber optic,Month-to-month,Electronic check,98.75,4533.7,1,0.567007633763895,1,MEDIUM RISK,2026-08-30 13:02:06
7328-OWMOM,Female,0,No,Yes,31,Yes,No,One year,Credit card (automatic),20.1,589.25,0,0.05679995239315558,0,LOW RISK,2026-08-30 13:02:06
4418-LZMSV,Male,0,Yes,Yes,13,Yes,DSL,Month-to-month,Bank transfer (automatic),61.8,750.1,0,0.259922104321808,0,LOW RISK,2026-08-30 13:02:06
5155-AZQPB,Female,0,Yes,Yes,28,Yes,DSL,Month-to-month,Mailed check,49.9,1410.25,0,0.3468127599011397,0,LOW RISK,2026-08-30 13:02:06
8861-HGGKB,Female,0,No,No,10,Yes,Fiber optic,Month-to-month,Electronic check,86.45,830.85,1,0.8612667669743953,1,HIGH RISK,2026-08-30 13:02:06
1087-GRUYI,Male,0,Yes,No,38,Yes,No,Two year,Bank transfer (automatic),20.4,743.5,0,0.026080741608283702,0,LOW RISK,2026-08-30 13:02:06
7065-YUNRY,Female,0,No,No,1,Yes,DSL,Month-to-month,Mailed check,45.3,45.3,1,0.6862984758579033,1,MEDIUM RISK,2026-08-30 13:02:06
7694-VLBWQ,Male,0,Yes,No,67,Yes,Fiber optic,One year,Electronic check,104.1,7040.85,1,0.43514167855427693,0,MEDIUM RISK,2026-08-30 13:02:06
2546-KZAAT,Male,0,Yes,No,52,Yes,DSL,One year,Mailed check,75.4,3865.45,0,0.16389103865621016,0,LOW RISK,2026-08-30 13:02:06
0181-RITDD,Male,0,Yes,Yes,62,Yes,Fiber optic,Two year,Mailed check,108.15,6825.65,0,0.0859813517297119,0,LOW RISK,2026-08-30 13:02:06
5989-PGKJB,Female,0,No,No,16,Yes,Fiber optic,Month-to-month,Electronic check,86.25,1340.1,0,0.7540109597111787,1,HIGH RISK,2026-08-30 13:02:06
4795-KTRTH,Female,1,Yes,No,5,Yes,Fiber optic,Month-to-month,Electronic check,81.0,371.65,1,0.8887941965166868,1,HIGH RISK,2026-08-30 13:02:06
8272-ONJLV,Male,0,No,No,12,Yes,Fiber optic,One year,Electronic check,95.7,1184.0,0,0.7472738440298387,1,HIGH RISK,2026-08-30 13:02:06
1488-PBLJN,Female,0,Yes,Yes,72,Yes,Fiber optic,Two year,Bank transfer (automatic),116.85,8477.7,0,0.10244074250428911,0,LOW RISK,2026-08-30 13:02:06
0308-GIQJT,Male,1,No,No,71,Yes,Fiber optic,One year,Bank transfer (automatic),105.75,7382.85,0,0.26707024693672415,0,LOW RISK,2026-08-30 13:02:06
3778-FOAQW,Female,0,Yes,No,24,Yes,No,One year,Mailed check,20.15,456.85,0,0.07743781121043039,0,LOW RISK,2026-08-30 13:02:06
4452-ROHMO,Female,0,No,No,15,Yes,No,Two year,Mailed check,19.6,331.6,0,0.05095636025898457,0,LOW RISK,2026-08-30 13:02:06
6481-OGDOO,Male,0,Yes,No,67,Yes,Fiber optic,One year,Credit card (automatic),90.6,6056.15,1,0.20673245425619574,0,LOW RISK,2026-08-30 13:02:06
3090-LETTY,Male,0,No,Yes,2,Yes,DSL,Month-to-month,Bank transfer (automatic),60.95,134.6,0,0.49578392235536933,0,MEDIUM RISK,2026-08-30 13:02:06
5349-AZPEW,Female,0,Yes,Yes,5,No,DSL,Month-to-month,Mailed check,25.05,125.5,0,0.6176520667714226,1,MEDIUM RISK,2026-08-30 13:02:06
3753-TSEMP,Female,0,Yes,No,15,Yes,Fiber optic,Month-to-month,Electronic check,88.15,1390.6,1,0.7950665558952937,1,HIGH RISK,2026-08-30 13:02:06
8305-VHZBZ,Male,0,No,No,1,Yes,No,Month-to-month,Mailed check,20.2,20.2,1,0.4804355127703799,0,MEDIUM RISK,2026-08-30 13:02:06
9720-JJJOR,Male,0,Yes,Yes,41,Yes,DSL,One year,Bank transfer (automatic),60.3,2511.3,0,0.09008221870963494,0,LOW RISK,2026-08-30 13:02:06
8100-HZZLJ,Female,0,No,Yes,43,Yes,DSL,Month-to-month,Electronic check,63.95,2737.05,0,0.2777352116963966,0,LOW RISK,2026-08-30 13:02:06
8775-ERLNB,Male,1,Yes,No,1,Yes,Fiber optic,Month-to-month,Electronic check,74.3,74.3,0,0.8896524222527707,1,HIGH RISK,2026-08-30 13:02:06
8309-IEYJD,Female,1,No,No,1,Yes,Fiber optic,Month-to-month,Mailed check,70.6,70.6,0,0.8449052810941456,1,HIGH RISK,2026-08-30 13:02:06
9172-JITSM,Female,0,Yes,Yes,26,Yes,Fiber optic,Month-to-month,Electronic check,90.8,2361.8,1,0.7754289376830931,1,HIGH RISK,2026-08-30 13:02:06
6298-QDFNH,Male,0,No,No,22,Yes,Fiber optic,Month-to-month,Electronic check,79.35,1730.35,1,0.7218045211582798,1,HIGH RISK,2026-08-30 13:02:06
7398-HPYZQ,Male,0,Yes,No,71,Yes,DSL,Two year,Bank transfer (automatic),90.55,6404.0,0,0.03193657710558663,0,LOW RISK,2026-08-30 13:02:06
3546-GHEAE,Male,0,No,No,7,Yes,No,Two year,Mailed check,19.45,165.35,0,0.10301226796563248,0,LOW RISK,2026-08-30 13:02:06
7361-YPXFS,Female,1,No,No,28,Yes,DSL,Month-to-month,Bank transfer (automatic),64.45,1867.6,0,0.3305647217698134,0,LOW RISK,2026-08-30 13:02:06
6557-BZXLQ,Male,1,No,No,16,Yes,Fiber optic,Month-to-month,Electronic check,69.65,1043.3,0,0.6858332163758613,1,MEDIUM RISK,2026-08-30 13:02:06
2550-QHZGP,Male,0,No,No,7,Yes,No,One year,Mailed check,19.5,128.6,0,0.1986070901125329,0,LOW RISK,2026-08-30 13:02:06
7519-JTWQH,Female,0,No,No,69,Yes,Fiber optic,Two year,Bank transfer (automatic),110.5,7455.45,0,0.17587919276585376,0,LOW RISK,2026-08-30 13:02:06
2538-OIMXF,Female,0,No,Yes,1,No,DSL,Month-to-month,Mailed check,24.7,24.7,0,0.6472111376248072,1,MEDIUM RISK,2026-08-30 13:02:06
8543-MSDMF,Male,0,No,No,3,Yes,DSL,Month-to-month,Electronic check,77.4,206.15,0,0.7198338037970808,1,HIGH RISK,2026-08-30 13:02:06
9961-JBNMK,Male,1,No,No,21,Yes,Fiber optic,Month-to-month,Bank transfer (automatic),96.8,2030.3,1,0.7648982146513836,1,HIGH RISK,2026-08-30 13:02:06
1170-SASML,Female,0,Yes,No,69,Yes,Fiber optic,Month-to-month,Bank transfer (automatic),85.4,5869.4,0,0.40697270048095247,0,MEDIUM RISK,2026-08-30 13:02:06
4872-JCVCA,Female,0,Yes,No,71,No,DSL,Two year,Bank transfer (automatic),47.6,3377.8,0,0.028998279979834996,0,LOW RISK,2026-08-30 13:02:06
5346-BZCHP,Female,0,Yes,Yes,69,Yes,No,Two year,Mailed check,19.4,1346.2,0,0.011010771376967219,0,LOW RISK,2026-08-30 13:02:06
2038-LLMLM,Female,0,No,No,48,Yes,Fiber optic,Month-to-month,Electronic check,103.85,4946.05,0,0.6794992491997563,1,MEDIUM RISK,2026-08-30 13:02:06
6173-ITPWD,Male,0,Yes,No,47,Yes,Fiber optic,Month-to-month,Bank transfer (automatic),83.35,4065.0,1,0.4946223939459945,0,MEDIUM RISK,2026-08-30 13:02:06
9734-UYXQI,Female,0,No,No,2,Yes,DSL,Month-to-month,Electronic check,49.4,106.55,1,0.8067996317884032,1,HIGH RISK,2026-08-30 13:02:06
1216-BGTSP,Male,0,No,No,45,Yes,Fiber optic,Month-to-month,Credit card (automatic),108.45,4964.7,0,0.5446864182250565,1,MEDIUM RISK,2026-08-30 13:02:06
4138-NAXED,Male,0,No,No,51,Yes,Fiber optic,Month-to-month,Bank transfer (automatic),81.0,4085.75,0,0.46823919798285446,0,MEDIUM RISK,2026-08-30 13:02:06
2189-UXTKY,Female,0,Yes,No,22,Yes,DSL,Month-to-month,Electronic check,79.2,1742.75,1,0.4926405387140399,0,MEDIUM RISK,2026-08-30 13:02:06
0744-BIKKF,Male,0,No,No,72,Yes,DSL,Two year,Bank transfer (automatic),86.65,6224.8,0,0.03153510998700395,0,LOW RISK,2026-08-30 13:02:06
7483-IQWIB,Male,0,Yes,Yes,37,Yes,Fiber optic,Month-to-month,Electronic check,92.95,3415.25,0,0.6938003656255773,1,MEDIUM RISK,2026-08-30 13:02:06
5248-KWLAR,Male,0,Yes,Yes,71,Yes,DSL,Two year,Electronic check,90.35,6325.25,0,0.038030895185779144,0,LOW RISK,2026-08-30 13:02:06
4958-GZWIY,Male,0,Yes,Yes,7,Yes,DSL,Month-to-month,Electronic check,48.7,340.25,1,0.6107728930142572,1,MEDIUM RISK,2026-08-30 13:02:06
7996-MHXLW,Female,0,No,No,66,Yes,No,Two year,Credit card (automatic),25.15,1683.6,0,0.02763215709268851,0,LOW RISK,2026-08-30 13:02:06
7833-PKIHD,Male,0,Yes,Yes,51,Yes,DSL,One year,Bank transfer (automatic),76.4,3966.3,0,0.11837632682724529,0,LOW RISK,2026-08-30 13:02:06
7061-OVMIM,Female,0,Yes,Yes,30,Yes,No,One year,Bank transfer (automatic),19.55,608.5,0,0.060208265673268084,0,LOW RISK,2026-08-30 13:02:06
5153-RTHKF,Female,0,No,No,34,Yes,Fiber optic,Month-to-month,Electronic check,85.35,2896.6,0,0.6880902594310516,1,MEDIUM RISK,2026-08-30 13:02:06
1852-QSWCD,Male,0,Yes,Yes,64,Yes,No,Two year,Mailed check,24.8,1514.85,0,0.02599549497838613,0,LOW RISK,2026-08-30 13:02:06
4832-VRBMR,Male,1,Yes,No,65,Yes,Fiber optic,One year,Bank transfer (automatic),103.15,6792.45,0,0.4840791342757934,0,MEDIUM RISK,2026-08-30 13:02:06
9079-LWTFD,Male,0,No,No,47,Yes,Fiber optic,Month-to-month,Mailed check,100.75,4669.2,0,0.3190033345895559,0,LOW RISK,2026-08-30 13:02:06
6356-ELRKD,Female,0,No,No,1,Yes,Fiber optic,Month-to-month,Electronic check,95.6,95.6,1,0.8931440603675554,1,HIGH RISK,2026-08-30 13:02:06
8624-GIOUT,Female,0,No,No,49,Yes,DSL,Month-to-month,Credit card (automatic),59.75,2934.3,1,0.29759068697113117,0,LOW RISK,2026-08-30 13:02:06
3392-EHMNK,Female,0,Yes,Yes,67,Yes,Fiber optic,Two year,Credit card (automatic),94.1,6302.8,0,0.09009794146976839,0,LOW RISK,2026-08-30 13:02:06
5986-WWXDV,Male,0,No,Yes,39,Yes,No,One year,Bank transfer (automatic),19.35,779.2,0,0.043545240535921244,0,LOW RISK,2026-08-30 13:02:06
3061-BCKYI,Male,0,No,No,14,Yes,No,Month-to-month,Mailed check,19.9,283.75,0,0.20761900952742626,0,LOW RISK,2026-08-30 13:02:06
6179-GJPSO,Female,1,No,No,43,Yes,Fiber optic,Month-to-month,Credit card (automatic),108.15,4600.7,1,0.4590604903692447,0,MEDIUM RISK,2026-08-30 13:02:06
7901-TBKJX,Male,1,No,No,56,Yes,Fiber optic,Month-to-month,Electronic check,101.05,5594.0,0,0.8031153699333052,1,HIGH RISK,2026-08-30 13:02:06
7228-PAQPD,Female,0,No,No,14,Yes,DSL,One year,Credit card (automatic),59.1,772.85,0,0.23811720170022785,0,LOW RISK,2026-08-30 13:02:06
3177-LASXD,Female,0,No,No,1,Yes,Fiber optic,Month-to-month,Electronic check,71.35,71.35,1,0.821118547766568,1,HIGH RISK,2026-08-30 13:02:06
7746-QYVCO,Male,0,Yes,Yes,16,Yes,DSL,One year,Mailed check,55.85,857.8,0,0.17007480389491694,0,LOW RISK,2026-08-30 13:02:06
5804-HYIEZ,Male,0,Yes,Yes,70,Yes,Fiber optic,Month-to-month,Electronic check,106.05,7554.05,0,0.5274016116802253,1,MEDIUM RISK,2026-08-30 13:02:06
9919-FZDED,Male,1,Yes,No,72,Yes,DSL,Two year,Credit card (automatic),84.1,5981.65,0,0.06747414917449882,0,LOW RISK,2026-08-30 13:02:06
5934-TSSAU,Female,0,Yes,Yes,23,Yes,Fiber optic,Month-to-month,Credit card (automatic),75.3,1702.9,0,0.5401381591123146,1,MEDIUM RISK,2026-08-30 13:02:06
3486-KHMLI,Male,0,No,Yes,21,Yes,No,Month-to-month,Mailed check,24.7,467.15,0,0.17858201833814302,0,LOW RISK,2026-08-30 13:02:06
4897-QSUYC,Female,0,No,No,1,Yes,No,Month-to-month,Mailed check,20.15,20.15,1,0.4741548302508667,0,MEDIUM RISK,2026-08-30 13:02:06
1084-UQCHV,Male,0,No,Yes,1,Yes,Fiber optic,Month-to-month,Bank transfer (automatic),69.75,69.75,1,0.725427977921383,1,HIGH RISK,2026-08-30 13:02:06
8290-YWKHZ,Female,1,Yes,No,32,Yes,Fiber optic,Month-to-month,Electronic check,93.2,2931.0,1,0.8540599570355603,1,HIGH RISK,2026-08-30 13:02:06
2955-BJZHG,Male,0,Yes,Yes,17,Yes,Fiber optic,Month-to-month,Electronic check,80.85,1400.85,1,0.6712921837877958,1,MEDIUM RISK,2026-08-30 13:02:06
3806-DXQOM,Female,0,No,No,4,No,DSL,Month-to-month,Electronic check,33.65,137.85,1,0.7152696996155258,1,HIGH RISK,2026-08-30 13:02:06
6784-XYJAE,Female,0,No,No,36,Yes,DSL,One year,Electronic check,55.8,1941.5,0,0.23923537889052549,0,LOW RISK,2026-08-30 13:02:06
3933-DQPWX,Female,0,No,No,50,No,DSL,Two year,Credit card (automatic),39.7,1932.75,0,0.0633593462526579,0,LOW RISK,2026-08-30 13:02:06
6661-EIPZC,Female,0,Yes,Yes,48,No,DSL,Month-to-month,Credit card (automatic),29.5,1423.05,0,0.21090227977367176,0,LOW RISK,2026-08-30 13:02:06
8957-THMOA,Female,0,No,Yes,50,Yes,No,Two year,Credit card (automatic),20.15,970.85,0,0.021471086948645808,0,LOW RISK,2026-08-30 13:02:06
2251-PYLPB,Male,0,Yes,No,72,Yes,DSL,Two year,Credit card (automatic),79.55,5810.9,0,0.023582584410763673,0,LOW RISK,2026-08-30 13:02:06
5555-RNPGT,Male,0,No,Yes,10,Yes,No,Month-to-month,Credit card (automatic),24.8,223.9,0,0.33164895085761686,0,LOW RISK,2026-08-30 13:02:06
1057-FOGLZ,Female,0,No,No,18,Yes,No,Month-to-month,Mailed check,19.65,391.7,0,0.18093759349671662,0,LOW RISK,2026-08-30 13:02:06
9300-RENDD,Male,0,No,No,1,Yes,Fiber optic,Month-to-month,Electronic check,79.95,79.95,1,0.9016183698118608,1,HIGH RISK,2026-08-30 13:02:06
0761-AETCS,Female,0,No,No,1,Yes,No,Month-to-month,Electronic check,19.3,19.3,1,0.47905566783689596,0,MEDIUM RISK,2026-08-30 13:02:06
8087-LGYHQ,Male,0,No,No,9,Yes,Fiber optic,Month-to-month,Electronic check,94.05,811.65,0,0.9072314134598319,1,HIGH RISK,2026-08-30 13:02:06
4137-BTIKL,Male,0,No,No,2,Yes,Fiber optic,Month-to-month,Mailed check,90.75,174.75,0,0.8041396335583681,1,HIGH RISK,2026-08-30 13:02:06
2190-BCXEC,Female,0,Yes,No,40,Yes,Fiber optic,Month-to-month,Credit card (automatic),78.85,3126.85,0,0.5057873042660583,1,MEDIUM RISK,2026-08-30 13:02:06
6227-FBDXH,Male,0,Yes,No,69,Yes,Fiber optic,One year,Bank transfer (automatic),99.5,6841.45,0,0.3471728541149196,0,LOW RISK,2026-08-30 13:02:06
2153-MREFK,Female,0,Yes,No,37,Yes,Fiber optic,One year,Electronic check,99.2,3754.6,1,0.4403811981001502,0,MEDIUM RISK,2026-08-30 13:02:06
2911-WDXMV,Male,0,No,Yes,18,Yes,Fiber optic,Month-to-month,Credit card (automatic),80.55,1406.65,0,0.6529647903072544,1,MEDIUM RISK,2026-08-30 13:02:06
7206-PQBBZ,Male,1,Yes,No,11,Yes,Fiber optic,Month-to-month,Electronic check,70.2,834.7,0,0.8568632163572663,1,HIGH RISK,2026-08-30 13:02:06
3106-ULWFW,Female,0,Yes,No,8,Yes,Fiber optic,Month-to-month,Credit card (automatic),85.2,627.4,1,0.8703581198325027,1,HIGH RISK,2026-08-30 13:02:06
0925-VYDLG,Female,0,No,No,3,Yes,Fiber optic,Month-to-month,Electronic check,75.25,242.0,1,0.8575383612943783,1,HIGH RISK,2026-08-30 13:02:06
4547-FZJWE,Male,0,Yes,Yes,55,Yes,DSL,One year,Credit card (automatic),59.45,3157.0,0,0.10080191080629501,0,LOW RISK,2026-08-30 13:02:06
7422-WNBTY,Male,0,Yes,No,33,Yes,Fiber optic,Month-to-month,Electronic check,93.35,3092.0,0,0.7671450809983948,1,HIGH RISK,2026-08-30 13:02:06
0842-IWYCP,Female,0,No,No,46,Yes,DSL,Month-to-month,Bank transfer (automatic),44.95,2168.9,0,0.18479388022849477,0,LOW RISK,2026-08-30 13:02:06
3521-HTQTV,Male,0,No,No,34,Yes,No,Two year,Bank transfer (automatic),26.1,980.35,0,0.04001330258656933,0,LOW RISK,2026-08-30 13:02:06
3744-ZBHON,Female,0,No,No,3,Yes,No,Month-to-month,Electronic check,20.2,65.95,0,0.4571016737204684,0,MEDIUM RISK,2026-08-30 13:02:06
3373-DIUUN,Male,0,Yes,Yes,30,Yes,No,Two year,Mailed check,21.25,711.9,0,0.030217929267064677,0,LOW RISK,2026-08-30 13:02:06
8383-SGHJU,Female,0,No,No,33,Yes,DSL,One year,Electronic check,59.4,1952.8,0,0.1580741296676118,0,LOW RISK,2026-08-30 13:02:06
7607-QKKTJ,Male,0,Yes,Yes,45,Yes,Fiber optic,One year,Credit card (automatic),95.0,4368.85,0,0.36216743651434263,0,LOW RISK,2026-08-30 13:02:06
7707-PYBBH,Male,0,No,No,40,Yes,DSL,Month-to-month,Mailed check,61.9,2647.1,0,0.16613912368594516,0,LOW RISK,2026-08-30 13:02:06
8984-HPEMB,Female,0,No,No,71,Yes,Fiber optic,Two year,Electronic check,118.65,8477.6,0,0.1693060634938708,0,LOW RISK,2026-08-30 13:02:06
4349-GFQHK,Male,0,No,No,1,Yes,DSL,Month-to-month,Electronic check,54.35,54.35,1,0.7585934169616602,1,HIGH RISK,2026-08-30 13:02:06
4139-DETXS,Female,0,Yes,Yes,72,No,DSL,Two year,Bank transfer (automatic),64.45,4528.0,0,0.032800314535865065,0,LOW RISK,2026-08-30 13:02:06
9779-DPNEJ,Female,0,Yes,Yes,22,Yes,Fiber optic,Month-to-month,Electronic check,80.15,1790.65,0,0.7086307198933197,1,HIGH RISK,2026-08-30 13:02:06
9805-FILKB,Male,0,Yes,Yes,46,Yes,No,One year,Bank transfer (automatic),20.2,845.6,0,0.04691619465111682,0,LOW RISK,2026-08-30 13:02:06
5793-YOLJN,Female,0,Yes,Yes,55,Yes,No,Two year,Mailed check,21.0,1210.3,0,0.01857740189635305,0,LOW RISK,2026-08-30 13:02:06
0673-IGUQO,Male,0,No,No,1,Yes,No,Month-to-month,Mailed check,20.45,20.45,0,0.39439366682621824,0,LOW RISK,2026-08-30 13:02:06
4123-FCVCB,Female,0,No,No,12,Yes,DSL,One year,Mailed check,75.85,854.45,0,0.48339851446921855,0,MEDIUM RISK,2026-08-30 13:02:06
8819-IMISP,Male,0,No,No,31,Yes,Fiber optic,Month-to-month,Electronic check,80.45,2429.1,0,0.6915245136918531,1,MEDIUM RISK,2026-08-30 13:02:06
7802-EFKNY,Male,0,Yes,No,5,No,DSL,Month-to-month,Electronic check,24.95,100.4,1,0.801612002091929,1,HIGH RISK,2026-08-30 13:02:06
8311-UEUAB,Female,0,Yes,Yes,67,Yes,DSL,Two year,Electronic check,75.5,5229.45,0,0.08361710402821156,0,LOW RISK,2026-08-30 13:02:06
5858-EAFCZ,Male,0,No,No,1,Yes,DSL,Month-to-month,Mailed check,44.45,44.45,0,0.6173684239970451,1,MEDIUM RISK,2026-08-30 13:02:06
8035-BUYVG,Male,0,Yes,No,40,No,DSL,One year,Electronic check,42.35,1716.45,1,0.2017229239051812,0,LOW RISK,2026-08-30 13:02:06
1163-ONYEY,Male,0,Yes,Yes,41,Yes,DSL,Month-to-month,Credit card (automatic),74.55,3023.55,0,0.22968150605206578,0,LOW RISK,2026-08-30 13:02:06
9787-XVQIU,Male,0,No,No,1,Yes,Fiber optic,Month-to-month,Electronic check,75.3,75.3,1,0.901904136995136,1,HIGH RISK,2026-08-30 13:02:06
8945-MUQUF,Male,0,No,No,51,Yes,Fiber optic,One year,Electronic check,94.8,4837.6,1,0.46497046035835726,0,MEDIUM RISK,2026-08-30 13:02:06
5656-MJEFC,Male,0,Yes,Yes,42,No,DSL,Two year,Credit card (automatic),48.15,2032.3,0,0.050164557623788776,0,LOW RISK,2026-08-30 13:02:06
6082-OQFBA,Male,0,Yes,Yes,23,Yes,No,One year,Mailed check,19.65,436.9,0,0.06830533525517371,0,LOW RISK,2026-08-30 13:02:06
8051-HJRLT,Female,1,No,No,1,Yes,Fiber optic,Month-to-month,Electronic check,70.55,70.55,1,0.8855739610428062,1,HIGH RISK,2026-08-30 13:02:06
8974-OVACP,Female,0,No,No,1,Yes,No,Month-to-month,Mailed check,20.15,20.15,0,0.38947834936004233,0,LOW RISK,2026-08-30 13:02:06
4010-YLMVT,Female,0,No,No,56,Yes,Fiber optic,Month-to-month,Credit card (automatic),106.6,5893.95,0,0.5857997072520563,1,MEDIUM RISK,2026-08-30 13:02:06
1379-FRVEB,Male,0,No,Yes,15,Yes,Fiber optic,Month-to-month,Electronic check,91.0,1430.05,0,0.7839097989617781,1,HIGH RISK,2026-08-30 13:02:06
8612-GXIDD,Male,0,Yes,Yes,12,Yes,No,Two year,Bank transfer (automatic),25.4,313.0,0,0.1233788538494107,0,LOW RISK,2026-08-30 13:02:06
6288-CHQJB,Female,0,Yes,Yes,54,Yes,DSL,Two year,Bank transfer (automatic),69.95,3871.85,0,0.027883705469335905,0,LOW RISK,2026-08-30 13:02:06
8160-HOWOX,Female,0,No,No,7,Yes,DSL,Month-to-month,Electronic check,66.85,458.1,0,0.762495488632009,1,HIGH RISK,2026-08-30 13:02:06
3023-GFLBR,Female,0,Yes,Yes,33,Yes,Fiber optic,Month-to-month,Credit card (automatic),86.15,2745.7,1,0.5694852297829677,1,MEDIUM RISK,2026-08-30 13:02:06
6648-INWPS,Male,0,Yes,Yes,16,Yes,No,Month-to-month,Electronic check,20.15,341.35,0,0.22357514106139137,0,LOW RISK,2026-08-30 13:02:06
4223-BKEOR,Female,0,No,Yes,21,Yes,DSL,One year,Mailed check,64.85,1336.8,0,0.11788439601526107,0,LOW RISK,2026-08-30 13:02:06
4079-VTGLK,Male,1,Yes,No,30,Yes,DSL,Two year,Electronic check,74.85,2181.75,0,0.2372344286849962,0,LOW RISK,2026-08-30 13:02:06
1763-WQFUK,Male,0,No,No,3,Yes,DSL,Month-to-month,Mailed check,50.5,147.75,0,0.6081664546104834,1,MEDIUM RISK,2026-08-30 13:02:06
1391-UBDAR,Male,0,No,No,11,Yes,Fiber optic,Month-to-month,Electronic check,72.9,818.45,0,0.783170334701708,1,HIGH RISK,2026-08-30 13:02:06
8894-JVDCV,Female,0,No,No,62,Yes,Fiber optic,One year,Credit card (automatic),115.05,7133.45,0,0.3072114012058157,0,LOW RISK,2026-08-30 13:02:06
2023-VQFDL,Male,0,No,No,18,Yes,No,Month-to-month,Electronic check,19.0,348.8,0,0.24410323949435814,0,LOW RISK,2026-08-30 13:02:06
1345-GKDZZ,Male,0,No,Yes,6,Yes,No,Month-to-month,Mailed check,19.55,128.6,0,0.3072978485769054,0,LOW RISK,2026-08-30 13:02:06
2014-MKGMH,Female,0,No,No,46,Yes,Fiber optic,One year,Electronic check,101.1,4674.4,0,0.5801701514834385,1,MEDIUM RISK,2026-08-30 13:02:06
5628-FCGYG,Male,0,No,No,21,Yes,Fiber optic,Month-to-month,Electronic check,84.1,1737.45,0,0.8087630654147893,1,HIGH RISK,2026-08-30 13:02:06
2560-WBWXF,Male,0,No,No,68,Yes,No,Two year,Bank transfer (automatic),24.15,1498.85,0,0.025419613717775544,0,LOW RISK,2026-08-30 13:02:06
0248-IPDFW,Female,0,No,No,1,Yes,DSL,Month-to-month,Electronic check,50.1,50.1,0,0.808471749113971,1,HIGH RISK,2026-08-30 13:02:06
7978-DKUQH,Female,0,Yes,No,25,Yes,Fiber optic,Month-to-month,Electronic check,74.6,1797.75,0,0.7054639811028913,1,HIGH RISK,2026-08-30 13:02:06
4335-UPJSI,Female,0,No,Yes,24,Yes,No,Two year,Mailed check,19.75,498.1,0,0.029383027374210353,0,LOW RISK,2026-08-30 13:02:06
0524-IAVZO,Female,0,Yes,No,30,Yes,Fiber optic,Month-to-month,Electronic check,85.0,2624.25,1,0.7919706862191501,1,HIGH RISK,2026-08-30 13:02:06
2737-YNGYW,Female,0,No,No,2,Yes,Fiber optic,Month-to-month,Electronic check,80.55,184.1,1,0.8654676212444076,1,HIGH RISK,2026-08-30 13:02:06
1784-EZDKJ,Male,0,Yes,No,51,Yes,Fiber optic,One year,Bank transfer (automatic),106.8,5498.8,0,0.5498549982922595,1,MEDIUM RISK,2026-08-30 13:02:06
9297-FVVDH,Female,0,Yes,Yes,57,Yes,DSL,Two year,Electronic check,84.5,4845.4,0,0.09308387584368116,0,LOW RISK,2026-08-30 13:02:06
8007-YYPWD,Female,0,No,No,15,Yes,No,Two year,Bank transfer (automatic),25.05,369.1,0,0.06392754460776666,0,LOW RISK,2026-08-30 13:02:06
7101-HRBLJ,Female,0,Yes,Yes,72,Yes,DSL,Two year,Bank transfer (automatic),83.7,6096.9,0,0.025963375091599742,0,LOW RISK,2026-08-30 13:02:06
5159-YFPKQ,Female,0,No,No,2,Yes,Fiber optic,Month-to-month,Electronic check,75.8,160.75,1,0.8666487045394209,1,HIGH RISK,2026-08-30 13:02:06
6635-CPNUN,Male,0,Yes,No,28,Yes,Fiber optic,Month-to-month,Credit card (automatic),96.6,2684.35,0,0.6395624883857257,1,MEDIUM RISK,2026-08-30 13:02:06
4021-RQSNY,Male,1,Yes,No,29,Yes,Fiber optic,Month-to-month,Electronic check,98.5,3004.15,1,0.8751032636614776,1,HIGH RISK,2026-08-30 13:02:06
5453-YBTWV,Male,0,Yes,Yes,70,Yes,Fiber optic,Two year,Credit card (automatic),101.1,6994.8,0,0.061367896341996325,0,LOW RISK,2026-08-30 13:02:06
5039-LZRQT,Female,0,No,No,13,Yes,No,One year,Mailed check,20.2,273.25,0,0.11173022945584085,0,LOW RISK,2026-08-30 13:02:06
2931-VUVJN,Female,1,Yes,No,59,Yes,Fiber optic,One year,Electronic check,94.05,5483.9,0,0.30661106259657567,0,LOW RISK,2026-08-30 13:02:06
9061-TIHDA,Male,1,Yes,No,13,Yes,Fiber optic,Month-to-month,Electronic check,95.25,1233.65,1,0.9010632056892366,1,HIGH RISK,2026-08-30 13:02:06
8699-ASUFO,Male,1,Yes,No,7,Yes,Fiber optic,Month-to-month,Mailed check,74.4,527.9,1,0.8662045397422502,1,HIGH RISK,2026-08-30 13:02:06
6418-PIQSP,Female,0,Yes,No,62,Yes,DSL,Two year,Mailed check,81.0,4985.9,0,0.03593086249694727,0,LOW RISK,2026-08-30 13:02:06
8220-OCUFY,Female,0,No,No,21,Yes,DSL,One year,Electronic check,60.25,1258.35,0,0.1990282573131001,0,LOW RISK,2026-08-30 13:02:06
3995-WFCSM,Female,0,No,No,2,Yes,DSL,Month-to-month,Electronic check,60.85,111.4,0,0.74068516635069,1,HIGH RISK,2026-08-30 13:02:06
1895-QTKDO,Female,0,No,No,1,Yes,DSL,Month-to-month,Credit card (automatic),43.95,43.95,0,0.6096966374633509,1,MEDIUM RISK,2026-08-30 13:02:06
2038-OEQZH,Male,0,No,No,4,Yes,Fiber optic,Month-to-month,Electronic check,86.05,308.1,0,0.8510814741454812,1,HIGH RISK,2026-08-30 13:02:06
1178-PZGAB,Female,0,No,No,19,Yes,No,One year,Credit card (automatic),20.25,383.65,0,0.08880310109557263,0,LOW RISK,2026-08-30 13:02:06
7927-AUXBZ,Female,0,No,No,30,Yes,Fiber optic,Month-to-month,Electronic check,85.15,2555.9,1,0.5813774234723178,1,MEDIUM RISK,2026-08-30 13:02:06
2626-VEEWG,Male,0,Yes,Yes,67,Yes,No,Two year,Credit card (automatic),19.4,1284.2,0,0.01687233573478953,0,LOW RISK,2026-08-30 13:02:06
2878-RMWXY,Male,1,Yes,No,72,Yes,Fiber optic,Two year,Credit card (automatic),102.65,7550.3,0,0.14085002010334474,0,LOW RISK,2026-08-30 13:02:06
1657-DYMBM,Male,0,Yes,No,53,Yes,No,Two year,Credit card (automatic),19.9,1110.05,0,0.02534187254363165,0,LOW RISK,2026-08-30 13:02:06
7311-MQJCH,Female,0,No,No,5,Yes,No,One year,Electronic check,19.55,99.6,0,0.2714045700951156,0,LOW RISK,2026-08-30 13:02:06
7375-WMVMT,Male,1,Yes,No,71,Yes,Fiber optic,Two year,Credit card (automatic),95.5,6707.15,0,0.1187506595294952,0,LOW RISK,2026-08-30 13:02:06
1136-XGEQU,Female,0,Yes,Yes,50,Yes,DSL,One year,Credit card (automatic),84.15,4164.4,0,0.20380224059234398,0,LOW RISK,2026-08-30 13:02:06
2530-FMFXO,Male,0,Yes,Yes,56,Yes,Fiber optic,Two year,Electronic check,103.2,5873.75,0,0.33718210615596955,0,LOW RISK,2026-08-30 13:02:06
6844-DZKRF,Male,0,No,No,2,Yes,DSL,Month-to-month,Credit card (automatic),50.2,109.25,0,0.6196182039118342,1,MEDIUM RISK,2026-08-30 13:02:06
4695-WJZUE,Female,1,No,No,2,Yes,Fiber optic,Month-to-month,Electronic check,88.55,179.25,1,0.9360012386040103,1,HIGH RISK,2026-08-30 13:02:06
7619-ODSGN,Male,0,Yes,Yes,24,Yes,DSL,Month-to-month,Electronic check,54.75,1338.15,1,0.33858732048469,0,LOW RISK,2026-08-30 13:02:06
5970-GHJAW,Male,0,Yes,Yes,46,Yes,No,Two year,Credit card (automatic),19.95,862.4,0,0.016144918416507732,0,LOW RISK,2026-08-30 13:02:06
8879-XUAHX,Male,0,Yes,No,71,Yes,Fiber optic,Two year,Electronic check,116.25,8564.75,0,0.18718745686538618,0,LOW RISK,2026-08-30 13:02:06
3689-MOZGR,Female,0,No,No,29,No,DSL,Month-to-month,Electronic check,31.2,926.2,0,0.48309753698479174,0,MEDIUM RISK,2026-08-30 13:02:06
4195-PNGZS,Male,0,Yes,Yes,69,Yes,No,Two year,Bank transfer (automatic),24.45,1718.2,0,0.014862520453108848,0,LOW RISK,2026-08-30 13:02:06
5003-XZWWO,Male,0,Yes,No,71,Yes,DSL,Two year,Credit card (automatic),84.2,5956.85,0,0.0470150939222356,0,LOW RISK,2026-08-30 13:02:06
3988-RQIXO,Female,1,No,No,1,Yes,Fiber optic,Month-to-month,Electronic check,91.3,91.3,1,0.933607803556701,1,HIGH RISK,2026-08-30 13:02:06
7622-FWGEW,Male,1,Yes,No,56,Yes,DSL,Two year,Bank transfer (automatic),85.65,4824.45,0,0.06370399925947379,0,LOW RISK,2026-08-30 13:02:06
6922-NCEDI,Male,0,No,Yes,56,Yes,No,One year,Mailed check,21.2,1238.65,0,0.05307327591253917,0,LOW RISK,2026-08-30 13:02:06
2514-GINMM,Male,0,No,No,1,Yes,Fiber optic,Month-to-month,Electronic check,79.5,79.5,1,0.9023424736028552,1,HIGH RISK,2026-08-30 13:02:06
9891-NQDBD,Female,0,Yes,No,28,Yes,No,One year,Mailed check,25.55,672.2,0,0.10789674601609939,0,LOW RISK,2026-08-30 13:02:06
6131-IUNXN,Female,0,Yes,Yes,19,Yes,No,Month-to-month,Mailed check,20.2,382.2,0,0.1486402761000659,0,LOW RISK,2026-08-30 13:02:06
8548-AWOFC,Male,0,Yes,No,66,Yes,DSL,Month-to-month,Electronic check,63.85,4264.6,0,0.30127180139511855,0,LOW RISK,2026-08-30 13:02:06
9798-DRYDS,Female,0,Yes,Yes,17,Yes,DSL,One year,Mailed check,61.95,1070.7,0,0.2460097450512,0,LOW RISK,2026-08-30 13:02:06
8532-UEFWH,Male,0,Yes,Yes,52,Yes,No,Two year,Mailed check,25.75,1345.85,0,0.029084495408112972,0,LOW RISK,2026-08-30 13:02:06
6296-DDOOR,Female,0,No,No,19,Yes,DSL,One year,Electronic check,58.2,1045.25,0,0.3033860100479093,0,LOW RISK,2026-08-30 13:02:06
7951-VRDVK,Female,0,No,No,36,Yes,DSL,One year,Bank transfer (automatic),85.85,3003.55,0,0.0926485088970135,0,LOW RISK,2026-08-30 13:02:06
5931-FLJJF,Male,1,Yes,No,7,Yes,Fiber optic,Month-to-month,Mailed check,70.1,467.55,1,0.8224978056722445,1,HIGH RISK,2026-08-30 13:02:06
4815-YOSUK,Male,0,Yes,Yes,72,Yes,Fiber optic,One year,Credit card (automatic),104.9,7537.5,0,0.1630150069853073,0,LOW RISK,2026-08-30 13:02:06
2659-VXMWZ,Male,0,Yes,Yes,67,Yes,Fiber optic,One year,Electronic check,111.3,7482.1,1,0.3738219471487202,0,LOW RISK,2026-08-30 13:02:06
0380-NEAVX,Male,1,No,No,34,Yes,Fiber optic,One year,Electronic check,99.85,3343.15,0,0.6237137767314884,1,MEDIUM RISK,2026-08-30 13:02:06
3207-OYBWH,Male,1,Yes,No,57,Yes,Fiber optic,Month-to-month,Bank transfer (automatic),95.25,5427.05,1,0.6436007005663855,1,MEDIUM RISK,2026-08-30 13:02:06
4285-GYRQC,Female,0,Yes,No,7,Yes,Fiber optic,Month-to-month,Electronic check,86.25,587.1,1,0.8796048168491281,1,HIGH RISK,2026-08-30 13:02:06
7216-EWTRS,Female,1,Yes,No,1,Yes,Fiber optic,Month-to-month,Electronic check,100.8,100.8,1,0.9526568599762935,1,HIGH RISK,2026-08-30 13:02:06
4365-MSDYN,Male,0,Yes,No,8,Yes,No,Month-to-month,Bank transfer (automatic),19.55,161.15,0,0.413369671133826,0,MEDIUM RISK,2026-08-30 13:02:06
7036-TYDEC,Female,0,No,No,69,Yes,Fiber optic,Two year,Electronic check,104.0,7028.5,0,0.20422923562353446,0,LOW RISK,2026-08-30 13:02:06
5802-ADBRC,Female,0,Yes,No,50,Yes,Fiber optic,One year,Mailed check,104.4,5232.9,0,0.5111461225221404,1,MEDIUM RISK,2026-08-30 13:02:06
8076-FEZKJ,Male,0,No,No,10,Yes,No,One year,Mailed check,19.5,225.85,0,0.18306154553071657,0,LOW RISK,2026-08-30 13:02:06
5197-YPYBZ,Female,0,Yes,Yes,12,Yes,No,Two year,Credit card (automatic),25.25,274.7,0,0.09010243151050658,0,LOW RISK,2026-08-30 13:02:06
8337-MSSXB,Female,0,No,No,14,Yes,Fiber optic,Month-to-month,Electronic check,86.3,1180.95,1,0.7672812902938079,1,HIGH RISK,2026-08-30 13:02:06
4312-GVYNH,Female,0,Yes,No,70,No,DSL,Two year,Bank transfer (automatic),49.85,3370.2,0,0.048279338541761266,0,LOW RISK,2026-08-30 13:02:06
8495-LJDFO,Female,1,No,No,64,Yes,Fiber optic,Month-to-month,Bank transfer (automatic),108.95,7111.3,0,0.5340986676570577,1,MEDIUM RISK,2026-08-30 13:02:06
0839-JTCUD,Female,0,Yes,Yes,66,Yes,DSL,Two year,Credit card (automatic),89.9,5958.85,0,0.03146879927802968,0,LOW RISK,2026-08-30 13:02:06
5494-WOZRZ,Female,0,Yes,Yes,71,Yes,DSL,Two year,Credit card (automatic),82.0,5999.85,0,0.02974726574542677,0,LOW RISK,2026-08-30 13:02:06
1302-UHBDD,Male,1,No,No,20,Yes,Fiber optic,Month-to-month,Electronic check,89.95,1648.45,0,0.7766118865484113,1,HIGH RISK,2026-08-30 13:02:06
2234-EOFPT,Male,0,Yes,No,72,Yes,DSL,Two year,Bank transfer (automatic),79.35,5753.25,0,0.03135938553268524,0,LOW RISK,2026-08-30 13:02:06
8619-IJNDK,Female,0,Yes,Yes,71,Yes,DSL,Two year,Credit card (automatic),64.05,4492.9,0,0.013571697781185508,0,LOW RISK,2026-08-30 13:02:06
8378-LKJAF,Male,0,Yes,Yes,38,Yes,Fiber optic,Month-to-month,Credit card (automatic),101.15,3956.7,0,0.69883254383416,1,MEDIUM RISK,2026-08-30 13:02:06
8182-BJDSI,Female,0,No,No,28,Yes,Fiber optic,Month-to-month,Electronic check,89.95,2625.55,1,0.7789063802265623,1,HIGH RISK,2026-08-30 13:02:06
2528-HFYZX,Male,1,Yes,No,17,Yes,Fiber optic,Month-to-month,Electronic check,76.45,1233.4,1,0.7254065917625877,1,HIGH RISK,2026-08-30 13:02:06
1153-GNOLC,Male,0,No,No,33,No,DSL,One year,Electronic check,39.1,1309.0,0,0.392383087565121,0,LOW RISK,2026-08-30 13:02:06
3298-QEICA,Female,0,Yes,Yes,23,No,DSL,Two year,Mailed check,34.6,813.45,0,0.058154854657340264,0,LOW RISK,2026-08-30 13:02:06
0788-DXBFY,Male,0,Yes,Yes,58,Yes,No,One year,Electronic check,19.55,1108.8,0,0.07182322223607142,0,LOW RISK,2026-08-30 13:02:06
3597-YASZG,Female,1,Yes,No,70,Yes,Fiber optic,Two year,Bank transfer (automatic),104.45,7349.35,0,0.20175649709279117,0,LOW RISK,2026-08-30 13:02:06
3496-LFSZU,Male,0,Yes,No,4,Yes,Fiber optic,Month-to-month,Electronic check,70.5,294.2,0,0.8179174346071896,1,HIGH RISK,2026-08-30 13:02:06
5242-UOWHD,Male,0,Yes,Yes,45,Yes,No,Two year,Mailed check,20.35,929.2,0,0.01708125481440675,0,LOW RISK,2026-08-30 13:02:06
2482-CZGBB,Male,0,No,No,10,Yes,Fiber optic,Month-to-month,Electronic check,70.0,740.0,1,0.8355996752939693,1,HIGH RISK,2026-08-30 13:02:06
6479-SZPLM,Male,0,Yes,Yes,36,Yes,No,Two year,Credit card (automatic),19.45,754.5,0,0.02426722095791573,0,LOW RISK,2026-08-30 13:02:06
8097-VBQTZ,Male,0,No,No,54,Yes,DSL,Month-to-month,Mailed check,69.9,3883.3,0,0.17036297531443323,0,LOW RISK,2026-08-30 13:02:06
4500-HKANN,Male,0,Yes,Yes,23,Yes,DSL,Two year,Mailed check,59.7,1414.2,0,0.07242070183611804,0,LOW RISK,2026-08-30 13:02:06
9917-KWRBE,Female,0,Yes,Yes,41,Yes,DSL,One year,Credit card (automatic),78.35,3211.2,0,0.11545929301392029,0,LOW RISK,2026-08-30 13:02:06
3420-ZDBMA,Male,1,No,No,5,Yes,Fiber optic,Month-to-month,Mailed check,71.45,371.6,0,0.8279491211792334,1,HIGH RISK,2026-08-30 13:02:06
2212-LYASK,Male,0,Yes,Yes,27,No,DSL,One year,Credit card (automatic),45.85,1246.4,0,0.32302603917797845,0,LOW RISK,2026-08-30 13:02:06
1393-IMKZG,Female,0,No,No,1,Yes,Fiber optic,Month-to-month,Electronic check,95.85,95.85,0,0.9005973491358702,1,HIGH RISK,2026-08-30 13:02:06
8069-RHUXK,Female,0,Yes,Yes,67,No,DSL,Two year,Credit card (automatic),35.7,2545.7,0,0.02228338648572303,0,LOW RISK,2026-08-30 13:02:06
3398-GCPMU,Female,1,Yes,Yes,72,Yes,DSL,Two year,Credit card (automatic),89.55,6448.85,0,0.04193242524858496,0,LOW RISK,2026-08-30 13:02:06
2908-WGAXL,Female,0,Yes,Yes,56,Yes,No,Two year,Credit card (automatic),24.95,1468.9,0,0.034248193515798955,0,LOW RISK,2026-08-30 13:02:06
3378-AJRAO,Male,0,Yes,Yes,44,Yes,No,One year,Electronic check,24.85,1013.6,0,0.07163632152933515,0,LOW RISK,2026-08-30 13:02:06
1013-QCWAM,Female,1,Yes,No,66,Yes,Fiber optic,Month-to-month,Electronic check,100.8,6690.75,0,0.7195350610135186,1,HIGH RISK,2026-08-30 13:02:06
0866-QLSIR,Female,0,No,No,34,Yes,DSL,One year,Mailed check,64.4,2088.75,1,0.13604802235984692,0,LOW RISK,2026-08-30 13:02:06
6050-FFXES,Female,0,Yes,No,69,Yes,Fiber optic,Two year,Bank transfer (automatic),105.35,7240.65,0,0.15077624147747834,0,LOW RISK,2026-08-30 13:02:06
7181-BQYBV,Female,0,Yes,Yes,1,Yes,Fiber optic,Month-to-month,Electronic check,102.45,102.45,1,0.9103951526072878,1,HIGH RISK,2026-08-30 13:02:06
0362-RAOQO,Female,0,No,No,40,Yes,No,Two year,Credit card (automatic),19.65,830.25,0,0.02399574962442214,0,LOW RISK,2026-08-30 13:02:06
9554-DFKIC,Male,0,Yes,Yes,30,Yes,DSL,Month-to-month,Bank transfer (automatic),54.45,1588.7,0,0.32126838439979366,0,LOW RISK,2026-08-30 13:02:06
5527-ACHSO,Female,0,No,No,11,Yes,DSL,Month-to-month,Mailed check,70.5,829.3,0,0.52672037487349,1,MEDIUM RISK,2026-08-30 13:02:06
0829-DDVLK,Female,0,No,No,15,Yes,No,One year,Credit card (automatic),20.1,302.45,0,0.10262362138391426,0,LOW RISK,2026-08-30 13:02:06
1399-UBQIU,Male,0,No,No,11,Yes,DSL,Month-to-month,Electronic check,69.35,712.25,0,0.7516811243745783,1,HIGH RISK,2026-08-30 13:02:06
1813-JLKWR,Female,0,Yes,Yes,64,Yes,No,One year,Bank transfer (automatic),19.8,1336.65,0,0.027763043448437875,0,LOW RISK,2026-08-30 13:02:06
0336-PIKEI,Male,1,Yes,No,72,Yes,DSL,Two year,Bank transfer (automatic),74.4,5360.75,0,0.018994762213116093,0,LOW RISK,2026-08-30 13:02:06
7322-OCWHC,Male,1,Yes,No,72,Yes,Fiber optic,Two year,Bank transfer (automatic),93.05,6735.05,0,0.08253171661007853,0,LOW RISK,2026-08-30 13:02:06
9537-VHDTA,Female,0,No,Yes,1,Yes,DSL,Month-to-month,Mailed check,51.2,51.2,0,0.4595618280101803,0,MEDIUM RISK,2026-08-30 13:02:06
4957-TIALW,Female,0,No,Yes,15,Yes,DSL,One year,Credit card (automatic),65.6,1010.0,0,0.07314207835232808,0,LOW RISK,2026-08-30 13:02:06
2054-PJOCK,Female,0,No,No,60,Yes,DSL,One year,Credit card (automatic),80.55,4847.05,0,0.14305119757816975,0,LOW RISK,2026-08-30 13:02:06
9150-HEPMB,Male,0,No,No,56,Yes,DSL,One year,Mailed check,52.7,3019.7,0,0.0906106349660819,0,LOW RISK,2026-08-30 13:02:06
9030-QGZNL,Female,0,No,No,8,Yes,No,Two year,Mailed check,20.85,161.65,0,0.09335619315793203,0,LOW RISK,2026-08-30 13:02:06
6204-IEUXJ,Female,0,No,No,3,Yes,Fiber optic,Month-to-month,Credit card (automatic),80.1,217.55,1,0.6913512194551937,1,MEDIUM RISK,2026-08-30 13:02:06
3126-WQMGH,Female,0,Yes,No,49,Yes,DSL,Month-to-month,Credit card (automatic),52.15,2583.75,0,0.40006497155293547,0,MEDIUM RISK,2026-08-30 13:02:06
4529-CKBCL,Female,0,No,No,2,Yes,Fiber optic,Month-to-month,Electronic check,80.2,146.05,1,0.8930898754421158,1,HIGH RISK,2026-08-30 13:02:06
2506-CLAKW,Female,0,No,No,6,Yes,Fiber optic,Month-to-month,Bank transfer (automatic),98.15,567.45,1,0.7079983110011635,1,HIGH RISK,2026-08-30 13:02:06
7176-WRTNX,Male,0,No,No,70,Yes,Fiber optic,Two year,Bank transfer (automatic),114.95,7711.25,0,0.1284889694702552,0,LOW RISK,2026-08-30 13:02:06
1583-IHQZE,Male,0,No,No,12,Yes,Fiber optic,Month-to-month,Mailed check,112.95,1384.75,1,0.8428110130841375,1,HIGH RISK,2026-08-30 13:02:06
5732-IKGQH,Male,1,Yes,No,52,Yes,Fiber optic,One year,Bank transfer (automatic),104.45,5481.25,0,0.3849930858759897,0,LOW RISK,2026-08-30 13:02:06
9239-GZHZE,Female,0,Yes,No,72,Yes,Fiber optic,Two year,Credit card (automatic),113.65,8124.2,0,0.13063449977498998,0,LOW RISK,2026-08-30 13:02:06
7205-BAIAD,Female,0,No,No,40,Yes,No,Two year,Bank transfer (automatic),20.6,827.3,0,0.03194385121207809,0,LOW RISK,2026-08-30 13:02:06
0151-ONTOV,Female,0,No,No,1,Yes,Fiber optic,Month-to-month,Mailed check,70.9,70.9,1,0.765293848689099,1,HIGH RISK,2026-08-30 13:02:06
4140-MUHUG,Female,1,No,No,3,Yes,Fiber optic,Month-to-month,Electronic check,86.85,220.95,1,0.9009471565062026,1,HIGH RISK,2026-08-30 13:02:06
0093-EXYQL,Female,1,No,No,40,Yes,Fiber optic,Month-to-month,Electronic check,91.55,3673.6,0,0.7489078712364358,1,HIGH RISK,2026-08-30 13:02:06
8064-RAVOH,Male,0,No,Yes,1,Yes,DSL,Month-to-month,Electronic check,49.85,49.85,0,0.7245492642794001,1,HIGH RISK,2026-08-30 13:02:06
0219-QAERP,Male,0,Yes,No,30,Yes,No,One year,Credit card (automatic),19.8,576.65,0,0.07651426418937951,0,LOW RISK,2026-08-30 13:02:06
0320-JDNQG,Male,0,Yes,Yes,23,Yes,Fiber optic,Month-to-month,Electronic check,99.85,2331.3,1,0.6332245988934779,1,MEDIUM RISK,2026-08-30 13:02:06
7180-PISOG,Male,0,Yes,Yes,1,Yes,Fiber optic,Month-to-month,Electronic check,74.5,74.5,1,0.8865961271491786,1,HIGH RISK,2026-08-30 13:02:06
9168-INPSZ,Female,1,Yes,No,44,Yes,Fiber optic,Month-to-month,Electronic check,104.15,4495.65,0,0.6745496432103752,1,MEDIUM RISK,2026-08-30 13:02:06
3571-RFHAR,Male,0,No,No,65,Yes,Fiber optic,Month-to-month,Electronic check,109.15,6941.2,1,0.6388025713078831,1,MEDIUM RISK,2026-08-30 13:02:06
0015-UOCOJ,Female,1,No,No,7,Yes,DSL,Month-to-month,Electronic check,48.2,340.35,0,0.6764632961800654,1,MEDIUM RISK,2026-08-30 13:02:06
5334-AFQJB,Male,1,No,No,72,Yes,No,Two year,Credit card (automatic),25.1,1789.9,0,0.026336856500830026,0,LOW RISK,2026-08-30 13:02:06
2754-SDJRD,Female,1,No,No,8,Yes,Fiber optic,Month-to-month,Credit card (automatic),100.15,908.55,0,0.8949967434025873,1,HIGH RISK,2026-08-30 13:02:06
9578-VRMNM,Female,0,No,No,16,Yes,DSL,Month-to-month,Credit card (automatic),65.2,1043.35,1,0.5326770110522459,1,MEDIUM RISK,2026-08-30 13:02:06
1587-FKLZB,Male,1,Yes,Yes,66,Yes,Fiber optic,Month-to-month,Credit card (automatic),99.5,6822.15,1,0.6396614563597199,1,MEDIUM RISK,2026-08-30 13:02:06
6140-QNRQQ,Male,0,No,No,1,Yes,Fiber optic,Month-to-month,Mailed check,71.55,71.55,1,0.8237861851342505,1,HIGH RISK,2026-08-30 13:02:06
8963-JLGJT,Male,0,No,Yes,3,Yes,DSL,Month-to-month,Mailed check,55.9,157.55,0,0.4485918131172915,0,MEDIUM RISK,2026-08-30 13:02:06
4307-KTUMW,Male,0,Yes,No,53,Yes,Fiber optic,Month-to-month,Electronic check,93.9,5029.2,1,0.5998530739386798,1,MEDIUM RISK,2026-08-30 13:02:06
1465-LNTLJ,Male,1,Yes,No,8,Yes,DSL,Month-to-month,Credit card (automatic),64.4,581.7,0,0.6951171665067395,1,MEDIUM RISK,2026-08-30 13:02:06
5440-FLBQG,Male,1,Yes,No,69,Yes,Fiber optic,Two year,Bank transfer (automatic),108.4,7318.2,1,0.21572340051237254,0,LOW RISK,2026-08-30 13:02:06
2135-DQWAQ,Female,0,No,No,5,Yes,Fiber optic,Month-to-month,Mailed check,85.3,420.45,0,0.8258723890564554,1,HIGH RISK,2026-08-30 13:02:06
4056-QHXHZ,Female,0,Yes,Yes,72,Yes,Fiber optic,Two year,Mailed check,107.45,7576.7,0,0.08937611149536102,0,LOW RISK,2026-08-30 13:02:06
7470-MCQTK,Female,0,Yes,No,13,No,DSL,Month-to-month,Bank transfer (automatic),48.75,633.4,1,0.7167120226881528,1,HIGH RISK,2026-08-30 13:02:06
7488-MXJIV,Female,0,No,No,4,Yes,Fiber optic,Month-to-month,Electronic check,85.65,321.65,1,0.9132081587452803,1,HIGH RISK,2026-08-30 13:02:06
7401-JIXNM,Female,0,Yes,Yes,54,Yes,DSL,Two year,Credit card (automatic),91.3,4965.0,0,0.046430691592985976,0,LOW RISK,2026-08-30 13:02:06
9339-FIIJL,Male,0,Yes,No,72,Yes,DSL,Two year,Bank transfer (automatic),85.95,6151.9,0,0.043022519212780615,0,LOW RISK,2026-08-30 13:02:06
2027-FECZV,Male,0,No,No,12,Yes,Fiber optic,Month-to-month,Electronic check,106.7,1253.9,1,0.9101138011374745,1,HIGH RISK,2026-08-30 13:02:06
2672-DZUOY,Male,0,No,No,1,No,DSL,Month-to-month,Electronic check,25.15,25.15,1,0.8223459306594478,1,HIGH RISK,2026-08-30 13:02:06
4706-DGAHW,Male,1,No,No,1,Yes,DSL,Month-to-month,Electronic check,45.2,45.2,0,0.7264573352308487,1,HIGH RISK,2026-08-30 13:02:06
3870-MQAMG,Female,0,Yes,No,54,Yes,Fiber optic,One year,Electronic check,110.35,5893.15,1,0.464353841586984,0,MEDIUM RISK,2026-08-30 13:02:06
6670-MFRPK,Male,0,Yes,Yes,69,Yes,Fiber optic,Two year,Credit card (automatic),79.2,5420.65,0,0.12563300440849148,0,LOW RISK,2026-08-30 13:02:06
6177-PEVRA,Female,0,No,No,48,Yes,DSL,Two year,Credit card (automatic),55.5,2627.35,0,0.027529648993756366,0,LOW RISK,2026-08-30 13:02:06
4800-CZMPC,Female,0,Yes,Yes,48,Yes,Fiber optic,One year,Credit card (automatic),103.25,5037.55,1,0.32413370857119367,0,LOW RISK,2026-08-30 13:02:06
4813-HQMGZ,Female,0,Yes,No,8,Yes,Fiber optic,Month-to-month,Electronic check,90.25,743.75,0,0.884880985695936,1,HIGH RISK,2026-08-30 13:02:06
7579-KKLOE,Male,0,Yes,Yes,71,Yes,DSL,Two year,Mailed check,91.25,6589.6,0,0.038171623577672724,0,LOW RISK,2026-08-30 13:02:06
7377-DMMRI,Male,0,No,No,2,Yes,DSL,Month-to-month,Electronic check,47.8,92.45,1,0.6878469140592344,1,MEDIUM RISK,2026-08-30 13:02:06
8402-EIVQS,Male,0,Yes,No,67,Yes,Fiber optic,One year,Credit card (automatic),100.9,6733.15,0,0.2649197521607377,0,LOW RISK,2026-08-30 13:02:06
4947-DSMXK,Male,0,Yes,Yes,34,Yes,Fiber optic,Month-to-month,Bank transfer (automatic),97.7,3410.0,0,0.7034801614471576,1,HIGH RISK,2026-08-30 13:02:06
7245-NIIWQ,Female,0,No,No,3,Yes,Fiber optic,Month-to-month,Electronic check,69.85,199.85,0,0.8596504175778859,1,HIGH RISK,2026-08-30 13:02:06
0002-ORFBO,Female,0,Yes,Yes,9,Yes,DSL,One year,Mailed check,65.6,593.3,0,0.293110473358966,0,LOW RISK,2026-08-30 13:02:06
3324-OIRTO,Male,0,Yes,Yes,71,Yes,Fiber optic,One year,Bank transfer (automatic),104.65,7288.4,0,0.20338726760342296,0,LOW RISK,2026-08-30 13:02:06
5414-OFQCB,Male,0,No,No,57,Yes,Fiber optic,Two year,Credit card (automatic),90.45,5229.8,0,0.2124573789040023,0,LOW RISK,2026-08-30 13:02:06
4967-WPNCF,Male,0,No,No,72,No,DSL,Two year,Bank transfer (automatic),63.7,4464.8,0,0.055967846873423197,0,LOW RISK,2026-08-30 13:02:06
8552-OBVRU,Female,1,Yes,Yes,48,Yes,Fiber optic,Month-to-month,Electronic check,104.5,5068.05,0,0.5158630761073787,1,MEDIUM RISK,2026-08-30 13:02:06
8499-BRXTD,Male,0,No,No,18,Yes,No,One year,Mailed check,20.1,401.85,0,0.09666960996578731,0,LOW RISK,2026-08-30 13:02:06
9154-QDGTH,Male,0,Yes,Yes,43,Yes,Fiber optic,One year,Credit card (automatic),104.3,4451.85,0,0.41533189124008585,0,MEDIUM RISK,2026-08-30 13:02:06
8197-BFWVU,Female,0,Yes,Yes,72,Yes,DSL,Two year,Bank transfer (automatic),93.25,6688.95,0,0.03302393683961581,0,LOW RISK,2026-08-30 13:02:06
2577-GVSIL,Male,0,Yes,Yes,35,Yes,DSL,One year,Bank transfer (automatic),73.45,2661.1,0,0.22962149880555224,0,LOW RISK,2026-08-30 13:02:06
9367-OIUXP,Male,0,No,No,4,Yes,No,Month-to-month,Mailed check,20.7,73.05,0,0.3635311765568997,0,LOW RISK,2026-08-30 13:02:06
6770-UAYGJ,Female,0,Yes,Yes,49,Yes,No,Two year,Mailed check,25.25,1211.65,0,0.031868712759830504,0,LOW RISK,2026-08-30 13:02:06
6463-HHXJR,Female,0,Yes,Yes,71,Yes,Fiber optic,Two year,Bank transfer (automatic),100.5,7030.65,0,0.07113814343364078,0,LOW RISK,2026-08-30 13:02:06
7928-VJYAB,Male,0,Yes,Yes,11,Yes,Fiber optic,Month-to-month,Electronic check,90.6,1020.2,0,0.8416297597013644,1,HIGH RISK,2026-08-30 13:02:06
1187-WILMM,Male,0,Yes,Yes,63,Yes,DSL,Two year,Credit card (automatic),89.4,5597.65,0,0.04984449014804078,0,LOW RISK,2026-08-30 13:02:06
9776-OJUZI,Female,1,No,No,65,Yes,Fiber optic,Month-to-month,Bank transfer (automatic),95.45,6223.3,0,0.5561976531937911,1,MEDIUM RISK,2026-08-30 13:02:06
1306-RPWXZ,Female,0,No,Yes,49,Yes,No,Two year,Credit card (automatic),20.45,1024.65,0,0.022371208728492135,0,LOW RISK,2026-08-30 13:02:06
8949-JTMAY,Female,0,No,No,29,Yes,Fiber optic,Month-to-month,Credit card (automatic),98.6,2933.2,1,0.7931516140788863,1,HIGH RISK,2026-08-30 13:02:06
2774-LVQUS,Female,1,Yes,No,15,Yes,Fiber optic,Month-to-month,Electronic check,83.05,1258.3,1,0.7795412045774938,1,HIGH RISK,2026-08-30 13:02:06
3097-PYWXL,Female,0,Yes,Yes,4,Yes,No,Month-to-month,Electronic check,19.95,82.9,0,0.4897412983461223,0,MEDIUM RISK,2026-08-30 13:02:06
2266-SJNAT,Female,0,Yes,No,72,Yes,Fiber optic,One year,Credit card (automatic),109.15,7789.6,0,0.2484064480304848,0,LOW RISK,2026-08-30 13:02:06
0869-PAPRP,Female,1,Yes,No,26,Yes,Fiber optic,Month-to-month,Credit card (automatic),85.7,2067.0,0,0.7119517141808763,1,HIGH RISK,2026-08-30 13:02:06
4238-JSSWH,Female,1,Yes,No,35,Yes,Fiber optic,Month-to-month,Bank transfer (automatic),102.05,3452.55,0,0.7040155641503956,1,HIGH RISK,2026-08-30 13:02:06
2972-YDYUW,Female,0,No,No,57,Yes,Fiber optic,One year,Electronic check,94.7,5468.95,0,0.3531399843844328,0,LOW RISK,2026-08-30 13:02:06
1104-FEJAM,Male,0,Yes,Yes,28,Yes,DSL,Month-to-month,Electronic check,64.4,1802.15,0,0.48983644059581377,0,MEDIUM RISK,2026-08-30 13:02:06
2809-ILCYT,Female,0,Yes,No,25,Yes,No,One year,Mailed check,26.8,733.55,0,0.1610397670695293,0,LOW RISK,2026-08-30 13:02:06
5499-ECUTN,Female,0,Yes,No,47,Yes,DSL,One year,Credit card (automatic),66.05,3021.45,0,0.0984062867372203,0,LOW RISK,2026-08-30 13:02:06
4981-FLTMF,Female,0,Yes,Yes,57,Yes,DSL,Month-to-month,Bank transfer (automatic),65.2,3687.85,0,0.08997268317240142,0,LOW RISK,2026-08-30 13:02:06
9121-PHQSR,Male,1,Yes,No,16,Yes,Fiber optic,Month-to-month,Credit card (automatic),85.05,1391.15,0,0.8063316567580325,1,HIGH RISK,2026-08-30 13:02:06
3113-IWHLC,Male,0,No,No,5,Yes,DSL,Month-to-month,Mailed check,55.8,274.35,0,0.5713417594561069,1,MEDIUM RISK,2026-08-30 13:02:06
3211-ILJTT,Male,0,Yes,No,17,Yes,Fiber optic,Month-to-month,Bank transfer (automatic),70.4,1214.05,1,0.6406223152768155,1,MEDIUM RISK,2026-08-30 13:02:06
4612-THJBS,Female,1,No,No,56,Yes,Fiber optic,One year,Bank transfer (automatic),104.75,5510.65,1,0.5278837369038726,1,MEDIUM RISK,2026-08-30 13:02:06
4277-BWBML,Male,0,Yes,Yes,72,Yes,No,Two year,Bank transfer (automatic),19.95,1322.85,0,0.009415709181521377,0,LOW RISK,2026-08-30 13:02:06
4094-NSEDU,Female,1,No,No,21,Yes,Fiber optic,Month-to-month,Electronic check,94.25,1973.75,1,0.8681872652724114,1,HIGH RISK,2026-08-30 13:02:06
0234-TEVTT,Female,0,Yes,Yes,48,No,DSL,One year,Credit card (automatic),45.0,2196.3,0,0.10606992943042358,0,LOW RISK,2026-08-30 13:02:06
4304-TSPVK,Female,0,Yes,No,68,Yes,Fiber optic,Two year,Bank transfer (automatic),114.9,7843.55,0,0.10483969677105517,0,LOW RISK,2026-08-30 13:02:06
1552-AAGRX,Female,0,No,No,30,Yes,Fiber optic,Month-to-month,Bank transfer (automatic),106.4,3211.9,0,0.5537749252641699,1,MEDIUM RISK,2026-08-30 13:02:06
2637-FKFSY,Female,0,Yes,No,3,Yes,DSL,Month-to-month,Mailed check,46.1,130.15,0,0.6720389338802918,1,MEDIUM RISK,2026-08-30 13:02:06
9796-MVYXX,Female,1,No,No,14,No,DSL,Two year,Mailed check,39.7,692.35,0,0.11411218016069263,0,LOW RISK,2026-08-30 13:02:06
7874-ECPQJ,Female,0,No,Yes,4,Yes,No,Month-to-month,Bank transfer (automatic),20.05,85.5,0,0.3842149471424454,0,LOW RISK,2026-08-30 13:02:06
0020-INWCK,Female,0,Yes,Yes,71,Yes,Fiber optic,Two year,Credit card (automatic),95.75,6849.4,0,0.14127646360238164,0,LOW RISK,2026-08-30 13:02:06
7089-RKVSZ,Male,0,Yes,Yes,8,Yes,No,One year,Mailed check,24.4,203.95,0,0.21498997096363154,0,LOW RISK,2026-08-30 13:02:06
2683-JXWQQ,Male,0,Yes,Yes,61,No,DSL,Month-to-month,Bank transfer (automatic),33.6,2117.2,0,0.1542231372662334,0,LOW RISK,2026-08-30 13:02:06
9548-ZMVTX,Male,0,Yes,Yes,72,Yes,Fiber optic,Two year,Bank transfer (automatic),90.45,6565.85,0,0.056873510261741325,0,LOW RISK,2026-08-30 13:02:06
8739-XNIKG,Female,0,No,No,5,Yes,Fiber optic,Month-to-month,Electronic check,84.0,424.75,0,0.9145690308475919,1,HIGH RISK,2026-08-30 13:02:06
9755-JHNMN,Female,0,No,No,49,Yes,DSL,Two year,Bank transfer (automatic),67.4,3306.85,0,0.024116616613472867,0,LOW RISK,2026-08-30 13:02:06
3981-QSVQI,Male,0,No,No,8,Yes,No,Month-to-month,Bank transfer (automatic),19.7,168.9,0,0.4051208874278913,0,MEDIUM RISK,2026-08-30 13:02:06
2789-HQBOU,Male,0,No,No,3,Yes,Fiber optic,Month-to-month,Electronic check,80.35,253.8,0,0.8979981128705283,1,HIGH RISK,2026-08-30 13:02:06
9424-CMPOG,Male,0,Yes,Yes,9,Yes,No,Two year,Mailed check,19.6,197.4,0,0.08099113951916903,0,LOW RISK,2026-08-30 13:02:06
5067-WJEUN,Male,0,Yes,Yes,67,Yes,DSL,Two year,Bank transfer (automatic),54.2,3838.2,0,0.028386897249643963,0,LOW RISK,2026-08-30 13:02:06
3450-WXOAT,Male,0,No,No,46,Yes,DSL,Month-to-month,Credit card (automatic),45.2,2065.15,0,0.24964023408376107,0,LOW RISK,2026-08-30 13:02:06
9251-WNSOD,Female,0,Yes,No,67,Yes,DSL,One year,Mailed check,75.1,5064.45,0,0.0752437017679264,0,LOW RISK,2026-08-30 13:02:06
6974-DAFLI,Female,0,Yes,No,55,Yes,No,One year,Electronic check,19.7,1140.05,0,0.0694796701133173,0,LOW RISK,2026-08-30 13:02:06
2616-UUTFK,Male,0,Yes,No,33,Yes,DSL,Month-to-month,Bank transfer (automatic),72.75,2447.45,0,0.3278129856042118,0,LOW RISK,2026-08-30 13:02:06
7064-JHXCE,Male,0,Yes,Yes,62,Yes,No,Two year,Credit card (automatic),20.05,1263.9,0,0.014477845428315492,0,LOW RISK,2026-08-30 13:02:06
5103-MHMHY,Female,0,No,Yes,1,Yes,DSL,Month-to-month,Mailed check,45.95,45.95,1,0.5532038066065184,1,MEDIUM RISK,2026-08-30 13:02:06
7989-AWGEH,Male,0,Yes,Yes,49,No,DSL,Month-to-month,Electronic check,39.2,1838.15,0,0.4485611841374832,0,MEDIUM RISK,2026-08-30 13:02:06
4373-VVHQL,Male,0,No,No,1,Yes,DSL,Month-to-month,Electronic check,44.75,44.75,0,0.7629957951202652,1,HIGH RISK,2026-08-30 13:02:06
4559-UWIHT,Male,0,Yes,No,14,Yes,Fiber optic,Month-to-month,Electronic check,82.65,1185.0,0,0.7911856978824372,1,HIGH RISK,2026-08-30 13:02:06
7268-IGMFD,Male,1,No,No,18,Yes,Fiber optic,Month-to-month,Bank transfer (automatic),93.9,1743.9,0,0.6688832685361547,1,MEDIUM RISK,2026-08-30 13:02:06
1846-XWOQN,Female,1,No,No,1,Yes,Fiber optic,Month-to-month,Electronic check,70.15,70.15,1,0.8863096098917258,1,HIGH RISK,2026-08-30 13:02:06
0235-KGSLC,Female,0,No,No,1,Yes,Fiber optic,Month-to-month,Credit card (automatic),85.55,85.55,1,0.8610360896306511,1,HIGH RISK,2026-08-30 13:02:06
6650-BWFRT,Female,0,Yes,No,72,Yes,Fiber optic,Two year,Credit card (automatic),117.15,8529.5,0,0.12680245366654017,0,LOW RISK,2026-08-30 13:02:06
9570-KYEUA,Male,0,No,No,64,Yes,Fiber optic,Two year,Credit card (automatic),99.25,6549.45,0,0.10200512101952892,0,LOW RISK,2026-08-30 13:02:06
6993-YGFJV,Male,0,Yes,No,69,Yes,Fiber optic,Two year,Bank transfer (automatic),112.55,7806.5,0,0.1453697378795217,0,LOW RISK,2026-08-30 13:02:06
2712-SYWAY,Female,0,No,No,1,Yes,No,Month-to-month,Electronic check,25.7,25.7,0,0.6318395373844453,1,MEDIUM RISK,2026-08-30 13:02:06
0730-BGQGF,Male,0,Yes,Yes,71,Yes,DSL,Two year,Credit card (automatic),90.3,6287.3,0,0.026621868162191874,0,LOW RISK,2026-08-30 13:02:06
5498-IBWPI,Female,0,Yes,Yes,66,Yes,DSL,One year,Credit card (automatic),49.4,3251.85,0,0.07377026616922894,0,LOW RISK,2026-08-30 13:02:06
9101-NTIXF,Male,0,No,No,2,Yes,No,Month-to-month,Mailed check,19.4,50.6,0,0.3947108905001974,0,LOW RISK,2026-08-30 13:02:06
0013-SMEOE,Female,1,Yes,No,71,Yes,Fiber optic,Two year,Bank transfer (automatic),109.7,7904.25,0,0.1140876250378116,0,LOW RISK,2026-08-30 13:02:06
9314-QDMDW,Male,0,No,No,11,Yes,DSL,One year,Electronic check,61.25,729.95,0,0.5577174743196187,1,MEDIUM RISK,2026-08-30 13:02:06
9308-ANMVE,Male,0,No,Yes,47,Yes,DSL,Month-to-month,Electronic check,55.3,2654.05,0,0.1897516157531426,0,LOW RISK,2026-08-30 13:02:06
2884-GBPFB,Female,0,Yes,No,35,Yes,Fiber optic,Month-to-month,Electronic check,70.3,2416.55,1,0.6190964960591385,1,MEDIUM RISK,2026-08-30 13:02:06
3757-NJYBX,Male,1,Yes,No,32,Yes,Fiber optic,Month-to-month,Bank transfer (automatic),106.35,3520.75,1,0.7162215538482926,1,HIGH RISK,2026-08-30 13:02:06
3413-DHLPB,Male,0,Yes,Yes,60,Yes,Fiber optic,Month-to-month,Bank transfer (automatic),103.75,5969.95,0,0.5337731307072192,1,MEDIUM RISK,2026-08-30 13:02:06
7649-PHJVR,Male,0,No,No,11,Yes,No,One year,Mailed check,19.5,226.8,0,0.17610966995886265,0,LOW RISK,2026-08-30 13:02:06
6114-TCFID,Female,0,No,No,29,No,DSL,One year,Credit card (automatic),39.5,1082.75,0,0.11982221918221286,0,LOW RISK,2026-08-30 13:02:06
3787-TRIAL,Male,0,Yes,Yes,21,No,DSL,Month-to-month,Electronic check,26.05,565.75,0,0.5383301134238844,1,MEDIUM RISK,2026-08-30 13:02:06
2573-GYRUU,Male,1,Yes,No,48,Yes,Fiber optic,Month-to-month,Credit card (automatic),91.05,4370.75,0,0.6301054867733766,1,MEDIUM RISK,2026-08-30 13:02:06
5156-UMKOW,Female,0,No,Yes,3,No,DSL,Month-to-month,Mailed check,29.65,90.05,0,0.5993608799063865,1,MEDIUM RISK,2026-08-30 13:02:06
1247-QBVSH,Female,0,Yes,Yes,43,Yes,DSL,Month-to-month,Mailed check,50.2,2169.4,0,0.16320656374163506,0,LOW RISK,2026-08-30 13:02:06
6734-GMPVK,Male,0,No,No,5,Yes,Fiber optic,Month-to-month,Electronic check,105.3,550.6,0,0.904288114063299,1,HIGH RISK,2026-08-30 13:02:06
9822-OAOVB,Female,0,No,No,1,Yes,DSL,Month-to-month,Electronic check,55.45,55.45,0,0.8095940069607377,1,HIGH RISK,2026-08-30 13:02:06
6161-ERDGD,Male,0,Yes,Yes,71,Yes,DSL,One year,Electronic check,85.45,6300.85,0,0.09131352272818498,0,LOW RISK,2026-08-30 13:02:06
1226-JZNKR,Female,0,Yes,Yes,8,Yes,No,One year,Electronic check,19.8,160.05,0,0.21637176763188065,0,LOW RISK,2026-08-30 13:02:06
7318-EIVKO,Male,0,No,No,8,Yes,DSL,Month-to-month,Electronic check,59.25,436.6,0,0.8172050852819234,1,HIGH RISK,2026-08-30 13:02:06
3771-PZOBW,Male,0,No,No,20,Yes,Fiber optic,Month-to-month,Credit card (automatic),90.7,1781.35,0,0.7458564894153372,1,HIGH RISK,2026-08-30 13:02:06
5136-KCKGI,Female,0,Yes,Yes,33,Yes,Fiber optic,One year,Mailed check,103.7,3467.0,1,0.4824280543539767,0,MEDIUM RISK,2026-08-30 13:02:06
8231-BSWXX,Male,0,No,No,71,Yes,Fiber optic,One year,Credit card (automatic),79.05,5552.5,0,0.23431597602649165,0,LOW RISK,2026-08-30 13:02:06
6486-LHTMA,Female,1,Yes,No,31,Yes,Fiber optic,One year,Electronic check,90.7,2835.5,0,0.6715979825279365,1,MEDIUM RISK,2026-08-30 13:02:06
4083-BFNYK,Female,1,Yes,No,38,Yes,Fiber optic,One year,Credit card (automatic),95.0,3591.25,0,0.3280825684764029,0,LOW RISK,2026-08-30 13:02:06
3722-WPXTK,Male,0,No,No,1,Yes,Fiber optic,Month-to-month,Electronic check,88.35,88.35,1,0.9283411576560989,1,HIGH RISK,2026-08-30 13:02:06
7389-KBFIT,Female,0,Yes,Yes,2,No,DSL,Month-to-month,Mailed check,30.25,63.75,0,0.6933605901628389,1,MEDIUM RISK,2026-08-30 13:02:06
7176-WIONM,Female,0,Yes,No,12,No,DSL,Month-to-month,Bank transfer (automatic),49.85,617.15,0,0.796649826788265,1,HIGH RISK,2026-08-30 13:02:06
5141-ZUVBH,Female,0,No,Yes,9,Yes,Fiber optic,Month-to-month,Bank transfer (automatic),93.0,870.25,0,0.5983578395553572,1,MEDIUM RISK,2026-08-30 13:02:06
1089-HDMKP,Male,1,No,Yes,11,Yes,DSL,Month-to-month,Electronic check,54.55,601.25,0,0.5831182092377334,1,MEDIUM RISK,2026-08-30 13:02:06
7623-HKYRK,Male,0,No,Yes,6,Yes,No,Month-to-month,Mailed check,19.7,111.65,0,0.30429170431252656,0,LOW RISK,2026-08-30 13:02:06
0310-SUCIN,Female,0,Yes,No,71,Yes,DSL,One year,Bank transfer (automatic),84.8,6046.1,0,0.0686673125098085,0,LOW RISK,2026-08-30 13:02:06
5197-PYEPU,Female,0,Yes,Yes,42,Yes,Fiber optic,One year,Credit card (automatic),94.45,3923.8,0,0.28862936985305265,0,LOW RISK,2026-08-30 13:02:06
2929-ERCFZ,Female,0,Yes,Yes,8,Yes,Fiber optic,Month-to-month,Electronic check,94.2,777.3,1,0.8944747834851923,1,HIGH RISK,2026-08-30 13:02:06
7548-SEPYI,Female,0,No,No,5,Yes,Fiber optic,Month-to-month,Electronic check,96.25,512.45,1,0.9035507791360832,1,HIGH RISK,2026-08-30 13:02:06
8835-VSDSE,Female,0,Yes,No,2,Yes,Fiber optic,Month-to-month,Electronic check,70.7,141.45,1,0.8676299054471258,1,HIGH RISK,2026-08-30 13:02:06
6619-RPLQZ,Female,0,Yes,Yes,45,Yes,No,Two year,Mailed check,20.85,892.15,0,0.016391650970262715,0,LOW RISK,2026-08-30 13:02:06
3275-RHRNE,Male,0,Yes,Yes,28,No,DSL,One year,Credit card (automatic),60.0,1682.05,0,0.3241638186963651,0,LOW RISK,2026-08-30 13:02:06
3503-TYDAY,Female,0,Yes,No,43,Yes,Fiber optic,Month-to-month,Electronic check,80.45,3398.9,0,0.5155036220255711,1,MEDIUM RISK,2026-08-30 13:02:06
6901-GOGZG,Male,0,No,Yes,60,Yes,DSL,Two year,Electronic check,84.95,4984.85,0,0.08203423266510701,0,LOW RISK,2026-08-30 13:02:06
1623-NLDOT,Female,0,Yes,No,42,No,DSL,One year,Mailed check,33.55,1445.3,1,0.11418816845234607,0,LOW RISK,2026-08-30 13:02:06
7021-XSNYE,Male,0,Yes,Yes,7,No,DSL,Two year,Credit card (automatic),49.65,305.55,0,0.18858278255912983,0,LOW RISK,2026-08-30 13:02:06
9621-OUPYD,Female,0,Yes,No,25,Yes,No,One year,Bank transfer (automatic),20.2,507.9,0,0.11831640170163979,0,LOW RISK,2026-08-30 13:02:06
9898-KZQDZ,Female,1,Yes,Yes,40,Yes,Fiber optic,Month-to-month,Credit card (automatic),94.55,3640.45,1,0.7057501007940621,1,HIGH RISK,2026-08-30 13:02:06
8982-NHAVY,Male,0,No,No,27,Yes,Fiber optic,One year,Bank transfer (automatic),100.5,2673.45,0,0.6487034606945992,1,MEDIUM RISK,2026-08-30 13:02:06
4307-KWMXE,Male,0,No,No,10,No,DSL,Month-to-month,Electronic check,35.75,389.8,0,0.6055179469894356,1,MEDIUM RISK,2026-08-30 13:02:06
0141-YEAYS,Female,1,No,No,27,Yes,Fiber optic,Month-to-month,Bank transfer (automatic),86.45,2401.05,0,0.6715405290664992,1,MEDIUM RISK,2026-08-30 13:02:06
2450-ZKEED,Female,0,No,No,11,Yes,DSL,One year,Bank transfer (automatic),53.8,651.55,0,0.27859449872895187,0,LOW RISK,2026-08-30 13:02:06
3694-DELSO,Male,0,Yes,Yes,4,No,DSL,Month-to-month,Credit card (automatic),38.55,156.1,0,0.6184472257969377,1,MEDIUM RISK,2026-08-30 13:02:06
3893-JRNFS,Male,0,No,No,68,No,DSL,Month-to-month,Bank transfer (automatic),39.9,2796.35,0,0.323188113782072,0,LOW RISK,2026-08-30 13:02:06
9603-OAIHC,Male,1,No,No,1,Yes,Fiber optic,Month-to-month,Electronic check,70.05,70.05,0,0.8890912901401656,1,HIGH RISK,2026-08-30 13:02:06
1133-KXCGE,Female,0,No,No,18,Yes,No,One year,Mailed check,20.1,407.05,0,0.09452714180377597,0,LOW RISK,2026-08-30 13:02:06
5236-PERKL,Female,0,No,No,57,Yes,Fiber optic,Two year,Bank transfer (automatic),112.95,6465.0,1,0.22535265303952554,0,LOW RISK,2026-08-30 13:02:06
0142-GVYSN,Male,0,No,No,26,Yes,No,Month-to-month,Electronic check,20.3,511.25,0,0.2845804010380315,0,LOW RISK,2026-08-30 13:02:06
1049-FYSYG,Female,0,Yes,No,17,No,DSL,Month-to-month,Credit card (automatic),35.65,646.05,0,0.5082823008666204,1,MEDIUM RISK,2026-08-30 13:02:06
7854-FOKSF,Male,0,No,No,1,No,DSL,Month-to-month,Electronic check,35.9,35.9,1,0.8160279820972771,1,HIGH RISK,2026-08-30 13:02:06
2519-FAKOD,Male,0,No,Yes,38,Yes,Fiber optic,Month-to-month,Bank transfer (automatic),99.25,3777.15,1,0.688108850932605,1,MEDIUM RISK,2026-08-30 13:02:06
8406-LNMHF,Male,1,Yes,No,59,Yes,Fiber optic,One year,Credit card (automatic),82.95,4903.15,0,0.23511607042829552,0,LOW RISK,2026-08-30 13:02:06
1821-BUCWY,Male,0,No,No,30,Yes,DSL,Two year,Mailed check,55.65,1653.85,0,0.08574106608341954,0,LOW RISK,2026-08-30 13:02:06
8263-JQAIK,Male,1,No,No,2,No,DSL,Month-to-month,Mailed check,24.45,47.5,1,0.7883678447150656,1,HIGH RISK,2026-08-30 13:02:06
0023-UYUPN,Female,1,Yes,No,50,Yes,No,One year,Electronic check,25.2,1306.3,0,0.12689656756893197,0,LOW RISK,2026-08-30 13:02:06
8314-DPQHL,Male,0,No,No,9,No,DSL,One year,Mailed check,50.8,463.6,0,0.3668722817939606,0,LOW RISK,2026-08-30 13:02:06
1465-WCZVT,Female,0,Yes,Yes,3,Yes,No,Month-to-month,Mailed check,19.65,60.65,0,0.3332647038988216,0,LOW RISK,2026-08-30 13:02:06
9481-SFCQY,Female,0,No,Yes,14,Yes,DSL,Month-to-month,Credit card (automatic),59.8,824.85,0,0.4974723895508349,0,MEDIUM RISK,2026-08-30 13:02:06
6360-SVNWV,Female,1,No,No,31,Yes,Fiber optic,Month-to-month,Credit card (automatic),73.55,2094.65,0,0.5086514739711282,1,MEDIUM RISK,2026-08-30 13:02:06
0567-GGCAC,Female,0,No,No,7,Yes,DSL,Month-to-month,Electronic check,61.4,438.9,0,0.5153856453563946,1,MEDIUM RISK,2026-08-30 13:02:06
7089-IVVAZ,Female,0,No,No,8,Yes,Fiber optic,Month-to-month,Bank transfer (automatic),103.35,847.3,1,0.8278085920788844,1,HIGH RISK,2026-08-30 13:02:06
8884-MRNSU,Male,0,Yes,Yes,17,Yes,No,One year,Bank transfer (automatic),19.9,329.75,0,0.08112890407865812,0,LOW RISK,2026-08-30 13:02:06
2171-UDMFD,Male,0,Yes,Yes,32,Yes,No,Month-to-month,Credit card (automatic),19.45,674.55,0,0.16025034053886933,0,LOW RISK,2026-08-30 13:02:06
9050-IKDZA,Female,1,No,No,2,Yes,Fiber optic,Month-to-month,Mailed check,81.5,162.55,0,0.830604160661039,1,HIGH RISK,2026-08-30 13:02:06
2205-YMZZJ,Male,1,No,No,7,Yes,Fiber optic,Month-to-month,Electronic check,84.8,546.95,1,0.9200647414486074,1,HIGH RISK,2026-08-30 13:02:06
9802-CAQUT,Female,0,Yes,Yes,72,Yes,Fiber optic,Two year,Credit card (automatic),109.55,7887.25,0,0.10037661654082992,0,LOW RISK,2026-08-30 13:02:06
1254-IZEYF,Female,1,No,No,31,Yes,Fiber optic,Month-to-month,Electronic check,99.95,3186.65,1,0.8376709165176256,1,HIGH RISK,2026-08-30 13:02:06
0187-WZNAB,Female,0,Yes,Yes,27,Yes,Fiber optic,Month-to-month,Mailed check,74.4,1972.35,0,0.38244516167440473,0,LOW RISK,2026-08-30 13:02:06
9492-TOKRI,Female,0,No,No,18,Yes,Fiber optic,Month-to-month,Credit card (automatic),90.0,1527.35,1,0.7266199657840615,1,HIGH RISK,2026-08-30 13:02:06
1475-VWVDO,Male,0,No,No,7,Yes,Fiber optic,Month-to-month,Electronic check,74.9,490.55,0,0.8452175085328977,1,HIGH RISK,2026-08-30 13:02:06
9221-OTIVJ,Female,1,No,No,14,Yes,Fiber optic,Month-to-month,Electronic check,104.85,1531.4,1,0.883971991714235,1,HIGH RISK,2026-08-30 13:02:06
1357-MVDOZ,Male,0,Yes,Yes,11,Yes,DSL,Month-to-month,Bank transfer (automatic),59.65,683.25,0,0.6364525701677944,1,MEDIUM RISK,2026-08-30 13:02:06
7602-MVRMB,Female,0,Yes,Yes,72,Yes,Fiber optic,Two year,Bank transfer (automatic),110.45,8058.85,0,0.11541787260925095,0,LOW RISK,2026-08-30 13:02:06
3325-FUYCG,Male,0,Yes,Yes,28,Yes,Fiber optic,One year,Electronic check,106.1,2847.4,1,0.4808275530026325,0,MEDIUM RISK,2026-08-30 13:02:06
5908-QMGOE,Male,1,No,No,15,Yes,Fiber optic,Month-to-month,Credit card (automatic),74.2,1133.9,1,0.7573770703376357,1,HIGH RISK,2026-08-30 13:02:06
1197-BVMVG,Female,1,No,No,4,Yes,Fiber optic,Month-to-month,Electronic check,74.45,294.45,0,0.9053306891517751,1,HIGH RISK,2026-08-30 13:02:06
5406-KGRMX,Female,0,No,No,71,Yes,No,Two year,Electronic check,24.55,1719.15,0,0.023378623338775262,0,LOW RISK,2026-08-30 13:02:06
8481-YYXWG,Female,0,No,No,5,Yes,Fiber optic,Month-to-month,Electronic check,89.35,461.7,1,0.8426682985656273,1,HIGH RISK,2026-08-30 13:02:06
5968-HYJRZ,Male,0,Yes,Yes,47,Yes,No,Two year,Mailed check,24.55,1160.45,0,0.02181039790309475,0,LOW RISK,2026-08-30 13:02:06
5198-EFNBM,Male,1,Yes,No,57,Yes,Fiber optic,One year,Electronic check,90.65,5199.8,0,0.47494476188845375,0,MEDIUM RISK,2026-08-30 13:02:06
7516-GMHUV,Male,1,Yes,No,50,Yes,Fiber optic,Two year,Credit card (automatic),105.05,5163.3,0,0.3551219315524023,0,LOW RISK,2026-08-30 13:02:06
7140-ADSMJ,Male,0,No,No,8,Yes,No,Month-to-month,Credit card (automatic),20.45,162.3,0,0.40778158726994856,0,MEDIUM RISK,2026-08-30 13:02:06
2230-XTUWL,Female,0,Yes,Yes,48,Yes,No,Two year,Mailed check,19.55,883.35,0,0.014882882337154327,0,LOW RISK,2026-08-30 13:02:06
7706-YLMQA,Female,0,No,No,70,Yes,No,One year,Bank transfer (automatic),19.7,1341.5,0,0.0259661574606776,0,LOW RISK,2026-08-30 13:02:06
2585-KTFRE,Male,0,No,Yes,1,Yes,DSL,Month-to-month,Bank transfer (automatic),70.45,70.45,0,0.4392560071103744,0,MEDIUM RISK,2026-08-30 13:02:06
7994-UYIVZ,Male,0,Yes,No,8,Yes,Fiber optic,Month-to-month,Bank transfer (automatic),85.65,659.45,0,0.8705310161230091,1,HIGH RISK,2026-08-30 13:02:06
2609-IAICY,Female,0,No,No,1,Yes,Fiber optic,Month-to-month,Electronic check,77.15,77.15,1,0.896488928787451,1,HIGH RISK,2026-08-30 13:02:06
1740-CSDJP,Male,0,No,No,1,No,DSL,Month-to-month,Bank transfer (automatic),35.25,35.25,1,0.8101999816441042,1,HIGH RISK,2026-08-30 13:02:06
7717-BICXI,Male,0,Yes,Yes,60,Yes,No,Two year,Mailed check,20.55,1205.05,0,0.015677102479260914,0,LOW RISK,2026-08-30 13:02:06
6559-RAKOZ,Male,0,Yes,Yes,49,Yes,Fiber optic,One year,Electronic check,97.95,4917.9,0,0.5844064364896261,1,MEDIUM RISK,2026-08-30 13:02:06
2636-OHFMN,Male,0,Yes,No,4,No,DSL,Month-to-month,Electronic check,48.55,201.0,1,0.8777712889533335,1,HIGH RISK,2026-08-30 13:02:06
4716-MRVEN,Female,0,No,No,29,Yes,No,One year,Mailed check,20.0,599.3,0,0.07629360936397395,0,LOW RISK,2026-08-30 13:02:06
2143-LJULT,Female,0,Yes,No,67,Yes,No,Two year,Credit card (automatic),25.25,1733.15,0,0.027530076601936536,0,LOW RISK,2026-08-30 13:02:06
1323-OOEPC,Female,0,Yes,No,53,Yes,Fiber optic,Month-to-month,Credit card (automatic),98.4,5149.5,1,0.7092406864822461,1,HIGH RISK,2026-08-30 13:02:06
3200-MNQTF,Male,0,Yes,No,67,Yes,DSL,Two year,Credit card (automatic),70.9,4677.1,0,0.01920758617038318,0,LOW RISK,2026-08-30 13:02:06
6164-HXUGH,Female,0,Yes,Yes,6,Yes,No,Month-to-month,Mailed check,19.85,119.3,0,0.3064678267574943,0,LOW RISK,2026-08-30 13:02:06
5630-IXDXV,Female,0,No,No,47,Yes,Fiber optic,Month-to-month,Electronic check,106.35,4849.1,0,0.7088022398277762,1,HIGH RISK,2026-08-30 13:02:06
0320-DWVTU,Female,0,No,No,53,Yes,Fiber optic,Two year,Mailed check,99.5,5424.25,0,0.09605127649355899,0,LOW RISK,2026-08-30 13:02:06
9135-MGVPY,Male,0,Yes,No,69,Yes,DSL,Two year,Mailed check,84.7,5878.9,0,0.037245733816387065,0,LOW RISK,2026-08-30 13:02:06
1212-GLHMD,Male,0,No,No,3,Yes,Fiber optic,Month-to-month,Mailed check,86.05,244.85,0,0.8037052268089528,1,HIGH RISK,2026-08-30 13:02:06
7878-JGDKK,Male,0,No,No,4,Yes,DSL,Month-to-month,Mailed check,44.55,220.75,0,0.599370041222807,1,MEDIUM RISK,2026-08-30 13:02:06
1088-AUUZZ,Male,0,Yes,Yes,56,Yes,DSL,Two year,Credit card (automatic),75.85,4261.2,0,0.044503797167550936,0,LOW RISK,2026-08-30 13:02:06
0397-GZBBC,Male,1,Yes,No,59,Yes,Fiber optic,Month-to-month,Bank transfer (automatic),93.85,5574.75,1,0.7227184593756313,1,HIGH RISK,2026-08-30 13:02:06
6614-YWYSC,Male,1,Yes,No,61,Yes,No,Two year,Bank transfer (automatic),25.0,1501.75,0,0.028659417042381306,0,LOW RISK,2026-08-30 13:02:06
9588-OZDMQ,Female,0,Yes,No,2,Yes,DSL,Month-to-month,Electronic check,45.0,89.75,0,0.7567497873587232,1,HIGH RISK,2026-08-30 13:02:06
7641-EUYET,Male,1,Yes,Yes,46,Yes,Fiber optic,Month-to-month,Electronic check,100.7,4541.2,1,0.5627510514901997,1,MEDIUM RISK,2026-08-30 13:02:06
6476-EPYZR,Male,0,Yes,Yes,12,Yes,No,Month-to-month,Mailed check,20.5,255.5,0,0.26228069451639585,0,LOW RISK,2026-08-30 13:02:06
9921-ZVRHG,Female,0,No,No,14,Yes,Fiber optic,Month-to-month,Electronic check,80.45,1072.0,1,0.789592420026219,1,HIGH RISK,2026-08-30 13:02:06
1174-FGIFN,Female,0,Yes,Yes,28,Yes,Fiber optic,One year,Electronic check,90.45,2509.25,0,0.5374246384108555,1,MEDIUM RISK,2026-08-30 13:02:06
6620-HVDUJ,Male,0,No,No,24,Yes,DSL,Month-to-month,Bank transfer (automatic),60.45,1440.75,0,0.16521932972137002,0,LOW RISK,2026-08-30 13:02:06
4701-MLJPN,Male,0,No,No,31,Yes,DSL,Month-to-month,Electronic check,55.25,1715.65,1,0.395451843701502,0,LOW RISK,2026-08-30 13:02:06
1032-MAELW,Female,0,Yes,Yes,68,Yes,DSL,One year,Electronic check,78.45,5333.35,0,0.09050643473184546,0,LOW RISK,2026-08-30 13:02:06
7641-TQFHN,Male,0,No,Yes,39,Yes,Fiber optic,Two year,Mailed check,100.55,3895.35,0,0.1976950070912933,0,LOW RISK,2026-08-30 13:02:06
1552-TKMXS,Female,0,Yes,No,42,Yes,No,Month-to-month,Credit card (automatic),20.35,869.9,0,0.09705955459678824,0,LOW RISK,2026-08-30 13:02:06
9206-GVPEQ,Male,0,Yes,No,13,No,DSL,Month-to-month,Electronic check,54.45,706.85,1,0.6659799736137559,1,MEDIUM RISK,2026-08-30 13:02:06
8622-ZLFKO,Female,0,Yes,No,6,Yes,Fiber optic,Month-to-month,Electronic check,90.75,512.25,0,0.901119264715685,1,HIGH RISK,2026-08-30 13:02:06
1596-BBVTG,Male,0,No,No,35,Yes,Fiber optic,Month-to-month,Credit card (automatic),75.35,2636.05,1,0.5209962872701613,1,MEDIUM RISK,2026-08-30 13:02:06
6188-UXBBR,Female,0,Yes,No,38,Yes,No,One year,Credit card (automatic),20.25,814.75,0,0.0783508794588264,0,LOW RISK,2026-08-30 13:02:06
2333-KWEWW,Male,0,No,No,18,Yes,No,Two year,Credit card (automatic),20.05,388.6,0,0.04551252228653157,0,LOW RISK,2026-08-30 13:02:06
5702-SKUOB,Female,0,Yes,No,4,Yes,No,Month-to-month,Mailed check,19.6,93.45,0,0.3755704087212639,0,LOW RISK,2026-08-30 13:02:06
1134-YWTYF,Male,0,Yes,No,27,Yes,DSL,Month-to-month,Electronic check,53.8,1389.85,0,0.4088956425397506,0,MEDIUM RISK,2026-08-30 13:02:06
6061-GWWAV,Male,0,No,Yes,41,Yes,DSL,One year,Mailed check,70.2,2894.55,0,0.06680213333106495,0,LOW RISK,2026-08-30 13:02:06
0679-TDGAK,Male,0,Yes,Yes,50,Yes,DSL,One year,Electronic check,75.5,4025.6,0,0.13182890578281614,0,LOW RISK,2026-08-30 13:02:06
6585-WCEWR,Male,0,Yes,Yes,72,Yes,No,Two year,Electronic check,20.35,1354.4,0,0.013855288388264919,0,LOW RISK,2026-08-30 13:02:06
9067-YGSCA,Female,0,No,No,70,Yes,No,One year,Credit card (automatic),26.05,1856.4,0,0.036131964575406426,0,LOW RISK,2026-08-30 13:02:06
9067-SQTNS,Male,0,Yes,Yes,44,Yes,No,One year,Bank transfer (automatic),20.6,926.0,0,0.0365556342117077,0,LOW RISK,2026-08-30 13:02:06
8433-WXGNA,Male,0,No,No,2,Yes,Fiber optic,Month-to-month,Electronic check,75.7,189.2,1,0.8276830340086161,1,HIGH RISK,2026-08-30 13:02:06
1776-SPBWV,Female,0,Yes,Yes,34,Yes,No,One year,Bank transfer (automatic),20.1,682.1,0,0.07211531340608911,0,LOW RISK,2026-08-30 13:02:06
8735-SDUFN,Female,1,Yes,No,72,Yes,No,Two year,Bank transfer (automatic),24.3,1778.7,0,0.01867179147854075,0,LOW RISK,2026-08-30 13:02:06
9668-PUGNU,Male,0,Yes,No,71,Yes,No,Two year,Electronic check,24.5,1816.2,0,0.03508604256308971,0,LOW RISK,2026-08-30 13:02:06
9405-GPBBG,Female,0,No,No,64,Yes,Fiber optic,Two year,Credit card (automatic),110.5,7069.25,0,0.20998118021346654,0,LOW RISK,2026-08-30 13:02:06
1926-QUZNN,Female,0,Yes,No,72,Yes,No,Two year,Bank transfer (automatic),25.25,1841.2,0,0.0220566628135073,0,LOW RISK,2026-08-30 13:02:06
3707-GNWHM,Male,0,No,No,1,Yes,Fiber optic,Month-to-month,Mailed check,74.25,74.25,1,0.8684661802175367,1,HIGH RISK,2026-08-30 13:02:06
7016-NVRIC,Male,1,Yes,No,29,Yes,Fiber optic,One year,Bank transfer (automatic),90.1,2656.7,0,0.3617666662283266,0,LOW RISK,2026-08-30 13:02:06
5829-NVSQN,Female,0,Yes,No,23,Yes,DSL,One year,Bank transfer (automatic),68.75,1689.45,0,0.14514401205559918,0,LOW RISK,2026-08-30 13:02:06
9565-AXSMR,Male,0,Yes,Yes,52,Yes,No,Two year,Mailed check,19.2,1054.75,0,0.02197884292755453,0,LOW RISK,2026-08-30 13:02:06
8922-LIEGH,Female,1,No,No,25,Yes,Fiber optic,Month-to-month,Electronic check,89.7,2187.55,1,0.8177711806788878,1,HIGH RISK,2026-08-30 13:02:06
8869-LIHMK,Female,0,No,No,64,Yes,Fiber optic,Two year,Bank transfer (automatic),115.1,7334.05,0,0.1535599301066638,0,LOW RISK,2026-08-30 13:02:06
8245-UMPYT,Female,1,No,No,16,Yes,Fiber optic,Month-to-month,Electronic check,96.4,1581.2,1,0.884449644549798,1,HIGH RISK,2026-08-30 13:02:06
5186-SAMNZ,Male,1,No,No,1,Yes,Fiber optic,Month-to-month,Bank transfer (automatic),69.5,69.5,1,0.8449179281432145,1,HIGH RISK,2026-08-30 13:02:06
0447-RXSGD,Male,0,No,No,24,Yes,Fiber optic,Month-to-month,Bank transfer (automatic),99.65,2404.85,0,0.7544013684040116,1,HIGH RISK,2026-08-30 13:02:06
4927-WWOOZ,Male,0,Yes,No,2,Yes,Fiber optic,Month-to-month,Electronic check,91.45,171.45,0,0.9228118259950232,1,HIGH RISK,2026-08-30 13:02:06
5788-YPOEG,Female,0,Yes,Yes,34,Yes,DSL,Two year,Mailed check,84.75,2839.45,0,0.042805956405223486,0,LOW RISK,2026-08-30 13:02:06
5373-SFODM,Male,1,Yes,No,36,Yes,Fiber optic,Month-to-month,Credit card (automatic),85.25,3132.75,1,0.7228002754228966,1,HIGH RISK,2026-08-30 13:02:06
0661-KBKPA,Male,0,Yes,Yes,53,Yes,DSL,One year,Mailed check,78.75,3942.45,0,0.20912855389680407,0,LOW RISK,2026-08-30 13:02:06
9081-WWXKP,Female,0,Yes,Yes,47,Yes,No,Two year,Credit card (automatic),20.25,873.4,0,0.015026858218033713,0,LOW RISK,2026-08-30 13:02:06
0784-ZQJZX,Male,0,No,Yes,72,Yes,No,Two year,Credit card (automatic),19.9,1529.65,0,0.009589803223398656,0,LOW RISK,2026-08-30 13:02:06
3133-PZNSR,Male,0,Yes,Yes,72,Yes,Fiber optic,Two year,Credit card (automatic),97.75,6991.6,0,0.08092499707347862,0,LOW RISK,2026-08-30 13:02:06
5766-ZJYBB,Male,0,No,No,1,Yes,No,Month-to-month,Mailed check,19.4,19.4,1,0.3989672219261987,0,LOW RISK,2026-08-30 13:02:06
8931-GJJIQ,Female,0,No,No,9,Yes,Fiber optic,Month-to-month,Electronic check,83.3,803.3,1,0.908964645972467,1,HIGH RISK,2026-08-30 13:02:06
4277-PVRAN,Female,0,No,No,8,Yes,Fiber optic,Month-to-month,Bank transfer (automatic),80.1,679.3,1,0.8285109328317799,1,HIGH RISK,2026-08-30 13:02:06
0022-TCJCI,Male,1,No,No,45,Yes,DSL,One year,Credit card (automatic),62.7,2791.5,1,0.1270014205118225,0,LOW RISK,2026-08-30 13:02:06
0722-SVSFK,Female,0,No,No,7,Yes,Fiber optic,Month-to-month,Electronic check,100.4,715.0,0,0.8847667575154586,1,HIGH RISK,2026-08-30 13:02:06
3612-YVGSJ,Female,0,Yes,No,71,Yes,No,Two year,Credit card (automatic),24.45,1681.6,0,0.02368657909728112,0,LOW RISK,2026-08-30 13:02:06
9825-YCXWZ,Female,1,No,No,41,Yes,Fiber optic,One year,Bank transfer (automatic),101.1,4016.2,0,0.4139034462582006,0,MEDIUM RISK,2026-08-30 13:02:06
5397-NSKQG,Male,0,Yes,Yes,67,No,DSL,Two year,Credit card (automatic),50.9,3281.65,0,0.056402234154797344,0,LOW RISK,2026-08-30 13:02:06
8565-HBFNN,Male,0,Yes,No,69,Yes,Fiber optic,One year,Credit card (automatic),107.2,7317.1,0,0.20406816202592443,0,LOW RISK,2026-08-30 13:02:06
2000-DHJUY,Female,1,Yes,No,70,Yes,DSL,Two year,Bank transfer (automatic),92.2,6474.45,0,0.05148977231223275,0,LOW RISK,2026-08-30 13:02:06
0203-HHYIJ,Male,0,No,No,25,Yes,No,One year,Bank transfer (automatic),25.3,676.35,1,0.11612026962452869,0,LOW RISK,2026-08-30 13:02:06
8670-ERCJH,Male,0,No,No,72,Yes,Fiber optic,Two year,Bank transfer (automatic),113.4,8164.1,0,0.09354888308421927,0,LOW RISK,2026-08-30 13:02:06
7758-UJWYS,Male,0,Yes,Yes,34,No,DSL,Two year,Electronic check,40.55,1325.85,0,0.16311501418351626,0,LOW RISK,2026-08-30 13:02:06
2050-ONYDQ,Female,0,Yes,Yes,65,Yes,No,Two year,Credit card (automatic),26.0,1654.85,0,0.01689930787872276,0,LOW RISK,2026-08-30 13:02:06
7055-JCGNI,Female,0,No,No,70,Yes,Fiber optic,Two year,Credit card (automatic),111.95,7795.95,0,0.13757541178070917,0,LOW RISK,2026-08-30 13:02:06
0739-UUAJR,Female,0,Yes,Yes,72,No,DSL,Two year,Credit card (automatic),53.8,3952.45,0,0.0690013605201245,0,LOW RISK,2026-08-30 13:02:06
4826-DXMUP,Male,0,No,Yes,35,Yes,DSL,One year,Mailed check,72.1,2495.15,0,0.1665585126017598,0,LOW RISK,2026-08-30 13:02:06
0952-KMEEH,Male,0,No,No,13,Yes,Fiber optic,Month-to-month,Mailed check,98.15,1230.25,1,0.7255042399508316,1,HIGH RISK,2026-08-30 13:02:06
7285-KLOTR,Female,0,Yes,No,12,Yes,DSL,One year,Electronic check,78.85,876.75,0,0.4829762902950952,0,MEDIUM RISK,2026-08-30 13:02:06
0654-PQKDW,Female,0,Yes,Yes,62,Yes,DSL,One year,Bank transfer (automatic),70.75,4263.45,0,0.059156735629435464,0,LOW RISK,2026-08-30 13:02:06
7175-NTIXE,Female,0,No,No,25,Yes,DSL,Month-to-month,Credit card (automatic),76.15,1992.95,0,0.3407765152243698,0,LOW RISK,2026-08-30 13:02:06
7963-SHNDT,Female,0,No,No,52,No,DSL,Two year,Mailed check,39.1,1982.1,0,0.04199966299931312,0,LOW RISK,2026-08-30 13:02:06
9796-BPKIW,Male,1,No,No,8,Yes,Fiber optic,Month-to-month,Credit card (automatic),69.95,562.7,0,0.8121404034072567,1,HIGH RISK,2026-08-30 13:02:06
0188-GWFLE,Male,0,No,No,2,Yes,No,Month-to-month,Mailed check,20.05,33.7,0,0.3840380751342028,0,LOW RISK,2026-08-30 13:02:06
8129-GMVGI,Female,0,Yes,Yes,56,Yes,No,Two year,Mailed check,20.05,1090.1,0,0.017947180887303012,0,LOW RISK,2026-08-30 13:02:06
2882-DDZPG,Female,0,No,No,12,Yes,No,Month-to-month,Bank transfer (automatic),19.45,227.45,0,0.28567904440826863,0,LOW RISK,2026-08-30 13:02:06
3547-LQRIK,Female,0,Yes,No,47,Yes,No,One year,Electronic check,26.9,1250.85,0,0.07471186046445967,0,LOW RISK,2026-08-30 13:02:06
9137-NOQKA,Male,1,No,No,2,Yes,No,Month-to-month,Electronic check,19.2,37.2,0,0.5160982783021287,1,MEDIUM RISK,2026-08-30 13:02:06
5843-TTHGI,Female,0,No,No,18,Yes,DSL,Month-to-month,Mailed check,50.0,892.7,0,0.44125553343221774,0,MEDIUM RISK,2026-08-30 13:02:06
1849-RJYIG,Female,0,No,No,8,Yes,DSL,Month-to-month,Electronic check,60.0,487.75,0,0.6912325648525187,1,MEDIUM RISK,2026-08-30 13:02:06
8868-GAGIO,Male,0,Yes,No,45,Yes,Fiber optic,Month-to-month,Mailed check,84.55,3713.95,0,0.4510311562000802,0,MEDIUM RISK,2026-08-30 13:02:06
4061-UKJWL,Male,0,No,No,3,Yes,DSL,Month-to-month,Mailed check,45.45,141.7,0,0.5965597651949288,1,MEDIUM RISK,2026-08-30 13:02:06
5380-XPJNZ,Female,0,No,No,38,Yes,No,One year,Mailed check,20.05,678.2,0,0.05488195264968851,0,LOW RISK,2026-08-30 13:02:06
8263-QMNTJ,Male,0,Yes,No,72,Yes,Fiber optic,Two year,Electronic check,115.55,8425.3,0,0.18037193954183445,0,LOW RISK,2026-08-30 13:02:06
8178-EYZUO,Male,0,No,No,46,Yes,Fiber optic,Month-to-month,Electronic check,93.7,4154.8,1,0.5719921118345254,1,MEDIUM RISK,2026-08-30 13:02:06
3230-JCNZS,Female,0,Yes,Yes,71,Yes,Fiber optic,Two year,Credit card (automatic),99.0,7061.65,0,0.10370182022110638,0,LOW RISK,2026-08-30 13:02:06
0277-ORXQS,Male,0,Yes,Yes,66,No,DSL,Two year,Bank transfer (automatic),50.55,3364.55,0,0.06278793706706029,0,LOW RISK,2026-08-30 13:02:06
5130-IEKQT,Male,1,No,No,25,Yes,Fiber optic,Month-to-month,Mailed check,105.95,2655.25,1,0.7589238993922561,1,HIGH RISK,2026-08-30 13:02:06
3230-WYKIR,Male,0,No,No,18,Yes,DSL,One year,Credit card (automatic),82.0,1425.45,1,0.3357839819091856,0,LOW RISK,2026-08-30 13:02:06
7996-BPXHY,Female,0,Yes,Yes,13,Yes,No,Two year,Bank transfer (automatic),25.0,332.5,0,0.08080299872861464,0,LOW RISK,2026-08-30 13:02:06
3227-WLKLI,Female,0,Yes,Yes,65,Yes,DSL,Two year,Bank transfer (automatic),91.55,5963.95,0,0.03084040922122439,0,LOW RISK,2026-08-30 13:02:06
0407-BDJKB,Male,0,Yes,No,60,Yes,Fiber optic,Month-to-month,Electronic check,95.75,5742.9,1,0.6658619511085341,1,MEDIUM RISK,2026-08-30 13:02:06
2266-FUBDZ,Male,0,Yes,Yes,15,Yes,No,Two year,Mailed check,19.35,278.85,0,0.043732789320926564,0,LOW RISK,2026-08-30 13:02:06
8237-ULIXL,Female,0,Yes,No,72,Yes,No,Two year,Credit card (automatic),24.85,1871.85,0,0.01637743527066062,0,LOW RISK,2026-08-30 13:02:06
9600-UDOPK,Male,0,Yes,No,30,Yes,Fiber optic,Month-to-month,Credit card (automatic),94.05,2866.45,1,0.7921680574780333,1,HIGH RISK,2026-08-30 13:02:06
8216-AZUUZ,Female,0,Yes,Yes,42,Yes,Fiber optic,Two year,Electronic check,100.4,4303.65,0,0.2545909897357754,0,LOW RISK,2026-08-30 13:02:06
9153-BTBVV,Female,0,Yes,No,71,Yes,No,Two year,Bank transfer (automatic),25.0,1753.0,0,0.016301450524924467,0,LOW RISK,2026-08-30 13:02:06
4074-SJFFA,Female,0,No,No,1,Yes,DSL,Month-to-month,Mailed check,54.75,54.75,1,0.7521115434888211,1,HIGH RISK,2026-08-30 13:02:06
3269-ATYWD,Male,1,No,No,39,Yes,Fiber optic,Month-to-month,Bank transfer (automatic),95.65,3759.05,1,0.7481498923215304,1,HIGH RISK,2026-08-30 13:02:06
5186-PEIZU,Female,0,No,No,35,Yes,No,Month-to-month,Bank transfer (automatic),19.25,617.65,0,0.11595247410668515,0,LOW RISK,2026-08-30 13:02:06
1074-AMIOH,Female,0,Yes,Yes,53,Yes,Fiber optic,Month-to-month,Bank transfer (automatic),108.25,5935.1,0,0.5108037106607312,1,MEDIUM RISK,2026-08-30 13:02:06
4910-GMJOT,Female,0,No,No,1,Yes,Fiber optic,Month-to-month,Electronic check,94.6,94.6,1,0.9435363691243872,1,HIGH RISK,2026-08-30 13:02:06
0354-WYROK,Female,1,Yes,Yes,31,Yes,Fiber optic,Month-to-month,Electronic check,98.9,2911.3,1,0.7293701990348616,1,HIGH RISK,2026-08-30 13:02:06
4361-FEBGN,Male,0,No,No,48,Yes,No,Two year,Credit card (automatic),20.15,982.95,0,0.017890416059168305,0,LOW RISK,2026-08-30 13:02:06
7748-UMTRK,Female,1,No,Yes,30,Yes,Fiber optic,Month-to-month,Electronic check,101.3,2974.5,0,0.7788397493959491,1,HIGH RISK,2026-08-30 13:02:06
0380-ZCSBI,Male,0,No,No,10,Yes,No,Month-to-month,Credit card (automatic),20.0,198.7,0,0.31228479221106453,0,LOW RISK,2026-08-30 13:02:06
7145-FEJWU,Female,0,No,Yes,12,Yes,Fiber optic,Month-to-month,Electronic check,105.3,1275.65,0,0.8924137592270612,1,HIGH RISK,2026-08-30 13:02:06
6463-MVYRY,Female,1,No,No,57,Yes,DSL,Two year,Bank transfer (automatic),69.85,4003.0,0,0.033798902545607454,0,LOW RISK,2026-08-30 13:02:06
3969-JQABI,Female,0,Yes,No,58,Yes,DSL,Month-to-month,Credit card (automatic),65.25,3791.6,0,0.185001091091151,0,LOW RISK,2026-08-30 13:02:06
9624-EGDEQ,Female,0,No,No,37,Yes,No,Two year,Mailed check,19.8,813.3,0,0.027406552452897547,0,LOW RISK,2026-08-30 13:02:06
1051-EQPZR,Female,0,Yes,Yes,44,Yes,No,Month-to-month,Mailed check,19.6,780.25,0,0.07543614780249823,0,LOW RISK,2026-08-30 13:02:06
5849-ASHZJ,Male,0,No,Yes,27,Yes,No,One year,Credit card (automatic),20.05,552.9,0,0.06797862775361875,0,LOW RISK,2026-08-30 13:02:06
5780-INQIK,Female,0,No,No,8,Yes,DSL,Month-to-month,Electronic check,49.4,408.25,0,0.564809548407676,1,MEDIUM RISK,2026-08-30 13:02:06
7576-OYWBN,Male,1,No,No,3,Yes,Fiber optic,Month-to-month,Electronic check,76.05,231.8,1,0.9087861477202162,1,HIGH RISK,2026-08-30 13:02:06
4526-ZJJTM,Female,1,Yes,No,25,Yes,Fiber optic,Month-to-month,Bank transfer (automatic),88.4,2191.15,0,0.6296150226073198,1,MEDIUM RISK,2026-08-30 13:02:06
8384-FZBJK,Female,0,Yes,Yes,57,Yes,Fiber optic,Month-to-month,Electronic check,100.6,5611.7,0,0.7040463838138749,1,HIGH RISK,2026-08-30 13:02:06
3750-RNQKR,Female,0,No,No,12,Yes,No,Month-to-month,Mailed check,19.45,246.25,0,0.2965255694015653,0,LOW RISK,2026-08-30 13:02:06
0962-CQPWQ,Female,0,Yes,Yes,62,Yes,No,Two year,Bank transfer (automatic),20.3,1296.15,0,0.013665542260243501,0,LOW RISK,2026-08-30 13:02:06
3096-YXENJ,Female,0,Yes,No,65,Yes,Fiber optic,Two year,Bank transfer (automatic),107.65,7082.85,0,0.21354027794006505,0,LOW RISK,2026-08-30 13:02:06
1265-BCFEO,Female,0,Yes,No,71,Yes,DSL,Two year,Bank transfer (automatic),80.45,5662.25,0,0.06716899036295544,0,LOW RISK,2026-08-30 13:02:06
5837-LXSDN,Female,0,Yes,Yes,21,Yes,DSL,One year,Credit card (automatic),58.85,1215.45,0,0.2492168628416925,0,LOW RISK,2026-08-30 13:02:06
5945-AZYHT,Male,0,Yes,No,71,Yes,Fiber optic,One year,Electronic check,109.6,7854.15,0,0.39843885550385355,0,LOW RISK,2026-08-30 13:02:06
8325-QRPZR,Female,0,No,No,7,Yes,Fiber optic,Month-to-month,Electronic check,75.15,525.0,0,0.8436037494213712,1,HIGH RISK,2026-08-30 13:02:06
6384-VMJHP,Female,0,No,No,72,Yes,DSL,Two year,Credit card (automatic),73.0,5265.2,0,0.023056382992764465,0,LOW RISK,2026-08-30 13:02:06
2262-SLNVK,Female,0,No,No,1,Yes,Fiber optic,Month-to-month,Electronic check,70.1,70.1,0,0.8244358229239358,1,HIGH RISK,2026-08-30 13:02:06
7730-CLDSV,Female,0,Yes,Yes,72,Yes,Fiber optic,Two year,Bank transfer (automatic),98.65,7129.45,0,0.10817564874174318,0,LOW RISK,2026-08-30 13:02:06
1135-HIORI,Female,0,Yes,Yes,64,Yes,Fiber optic,One year,Electronic check,111.45,7266.95,0,0.41476100418594763,0,MEDIUM RISK,2026-08-30 13:02:06
0164-APGRB,Female,0,No,No,72,Yes,Fiber optic,Two year,Electronic check,114.9,8496.7,0,0.17464767943653106,0,LOW RISK,2026-08-30 13:02:06
6481-ESCNL,Female,0,No,No,29,Yes,Fiber optic,Month-to-month,Bank transfer (automatic),100.55,2878.75,0,0.7140784564214278,1,HIGH RISK,2026-08-30 13:02:06
1790-NESIO,Female,0,No,No,13,Yes,No,Two year,Mailed check,20.4,261.3,0,0.07404159303157633,0,LOW RISK,2026-08-30 13:02:06
1550-EENBN,Female,0,No,No,31,Yes,Fiber optic,Month-to-month,Electronic check,104.35,3205.6,0,0.6814340124077624,1,MEDIUM RISK,2026-08-30 13:02:06
5539-TMZLF,Male,1,No,No,1,Yes,Fiber optic,Month-to-month,Electronic check,69.75,69.75,1,0.8896285577584787,1,HIGH RISK,2026-08-30 13:02:06
4323-SADQS,Male,0,Yes,Yes,7,No,DSL,Month-to-month,Electronic check,34.5,279.25,1,0.6226660878035104,1,MEDIUM RISK,2026-08-30 13:02:06
4446-BZKHU,Male,0,Yes,No,61,Yes,Fiber optic,Month-to-month,Electronic check,105.55,6281.45,1,0.7290693093482494,1,HIGH RISK,2026-08-30 13:02:06
5202-IVJNU,Female,0,No,Yes,39,No,DSL,Month-to-month,Credit card (automatic),30.1,1131.3,1,0.2550959805189069,0,LOW RISK,2026-08-30 13:02:06
5976-JCJRH,Male,0,Yes,No,10,Yes,Fiber optic,Month-to-month,Electronic check,70.3,738.2,1,0.8393327055957484,1,HIGH RISK,2026-08-30 13:02:06
8198-RKSZG,Female,0,Yes,Yes,14,Yes,DSL,Month-to-month,Credit card (automatic),80.45,1137.05,0,0.39148021065569877,0,LOW RISK,2026-08-30 13:02:06
0137-OCGAB,Female,0,No,No,1,Yes,Fiber optic,Month-to-month,Mailed check,80.2,80.2,1,0.8475073318947892,1,HIGH RISK,2026-08-30 13:02:06
3351-NQLDI,Female,0,Yes,Yes,67,Yes,Fiber optic,One year,Credit card (automatic),94.35,6341.45,1,0.19845937795306395,0,LOW RISK,2026-08-30 13:02:06
9297-EONCV,Female,0,No,No,72,Yes,DSL,Two year,Bank transfer (automatic),91.35,6697.2,0,0.04077687056558484,0,LOW RISK,2026-08-30 13:02:06
7593-JNWRU,Male,0,Yes,Yes,6,Yes,DSL,Month-to-month,Bank transfer (automatic),44.6,260.8,1,0.5999677099709793,1,MEDIUM RISK,2026-08-30 13:02:06
4588-YBNIB,Female,0,No,No,1,Yes,No,Month-to-month,Mailed check,19.6,19.6,1,0.47665131923422416,0,MEDIUM RISK,2026-08-30 13:02:06
1069-QJOEE,Male,0,Yes,Yes,25,Yes,No,One year,Electronic check,19.9,505.45,0,0.10550227259127831,0,LOW RISK,2026-08-30 13:02:06
3336-JORSO,Female,1,No,No,33,Yes,Fiber optic,Month-to-month,Electronic check,110.45,3655.45,1,0.7845968551858538,1,HIGH RISK,2026-08-30 13:02:06
7799-DSEWS,Male,0,No,No,18,Yes,DSL,Month-to-month,Electronic check,68.35,1299.8,0,0.38208034301629523,0,LOW RISK,2026-08-30 13:02:06
8766-PAFNE,Male,0,Yes,No,71,Yes,DSL,Two year,Credit card (automatic),79.1,5564.85,0,0.048000302447354204,0,LOW RISK,2026-08-30 13:02:06
5315-CKEQK,Male,1,Yes,Yes,28,Yes,DSL,One year,Electronic check,51.0,1381.8,0,0.37245586794455093,0,LOW RISK,2026-08-30 13:02:06
3130-ICDUP,Female,0,No,Yes,2,Yes,Fiber optic,Month-to-month,Credit card (automatic),80.55,188.1,0,0.7123777447556249,1,HIGH RISK,2026-08-30 13:02:06
0820-FNRNX,Male,0,Yes,Yes,17,Yes,DSL,Month-to-month,Mailed check,66.7,1077.05,0,0.3070482807917055,0,LOW RISK,2026-08-30 13:02:06
0880-FVFWF,Male,0,No,No,56,Yes,Fiber optic,Month-to-month,Electronic check,86.4,4922.4,0,0.5222435068398923,1,MEDIUM RISK,2026-08-30 13:02:06
4611-ANLQC,Female,0,Yes,No,60,No,DSL,One year,Electronic check,50.05,2911.5,0,0.16682478475695478,0,LOW RISK,2026-08-30 13:02:06
4213-HKBJO,Female,0,No,No,33,Yes,No,Two year,Credit card (automatic),25.7,826.1,0,0.041249284889201425,0,LOW RISK,2026-08-30 13:02:06
2792-LSHWX,Female,0,No,No,1,Yes,Fiber optic,Month-to-month,Mailed check,83.4,83.4,0,0.6872630729425574,1,MEDIUM RISK,2026-08-30 13:02:06
5028-GZLDO,Male,0,No,No,2,Yes,Fiber optic,Month-to-month,Credit card (automatic),70.7,140.7,1,0.7610741160590577,1,HIGH RISK,2026-08-30 13:02:06
0014-BMAQU,Male,0,Yes,No,63,Yes,Fiber optic,Two year,Credit card (automatic),84.65,5377.8,0,0.10327378232811149,0,LOW RISK,2026-08-30 13:02:06
6861-XWTWQ,Male,1,Yes,No,7,Yes,Fiber optic,Month-to-month,Electronic check,99.25,665.45,1,0.9451991394132148,1,HIGH RISK,2026-08-30 13:02:06
9018-PCIOK,Female,0,No,No,55,Yes,DSL,Two year,Mailed check,64.75,3617.1,0,0.10125029986873121,0,LOW RISK,2026-08-30 13:02:06
4837-QUSFT,Female,0,Yes,No,65,Yes,Fiber optic,One year,Bank transfer (automatic),100.15,6643.5,0,0.21774542663343083,0,LOW RISK,2026-08-30 13:02:06
6877-TJMBR,Male,0,Yes,No,1,Yes,Fiber optic,Month-to-month,Electronic check,84.8,84.8,1,0.8772610137154557,1,HIGH RISK,2026-08-30 13:02:06
9953-ZMKSM,Male,0,No,No,63,Yes,No,Two year,Mailed check,25.25,1559.3,0,0.02284117208393045,0,LOW RISK,2026-08-30 13:02:06
0907-HQNTS,Female,1,Yes,No,70,Yes,Fiber optic,Two year,Credit card (automatic),113.0,7987.6,0,0.16221730320139408,0,LOW RISK,2026-08-30 13:02:06
7665-NKLAV,Female,0,Yes,Yes,36,No,DSL,Two year,Credit card (automatic),40.65,1547.35,0,0.04380058162273225,0,LOW RISK,2026-08-30 13:02:06
6769-DCQLI,Male,0,No,No,52,Yes,Fiber optic,One year,Bank transfer (automatic),105.0,5426.85,1,0.3914430389462791,0,LOW RISK,2026-08-30 13:02:06
2433-KMEAS,Male,0,No,No,22,Yes,DSL,Month-to-month,Electronic check,54.45,1127.35,1,0.4782128711677036,0,MEDIUM RISK,2026-08-30 13:02:06
4391-LNRXK,Male,0,No,No,22,Yes,Fiber optic,Month-to-month,Bank transfer (automatic),94.95,2142.8,0,0.5788199541746996,1,MEDIUM RISK,2026-08-30 13:02:06
8250-ZNGGW,Female,1,No,No,5,Yes,DSL,Month-to-month,Credit card (automatic),59.9,287.85,0,0.4127695732070089,0,MEDIUM RISK,2026-08-30 13:02:06
2195-ZRVAX,Female,0,Yes,No,47,Yes,Fiber optic,Month-to-month,Electronic check,85.3,4045.65,1,0.6097289970303269,1,MEDIUM RISK,2026-08-30 13:02:06
3550-SAHFP,Female,0,No,No,33,Yes,Fiber optic,Month-to-month,Electronic check,83.35,2757.85,1,0.7739950944715018,1,HIGH RISK,2026-08-30 13:02:06
2011-TRQYE,Male,0,No,No,18,No,DSL,Month-to-month,Credit card (automatic),33.5,600.0,1,0.5030140867720775,1,MEDIUM RISK,2026-08-30 13:02:06
8562-GHPPI,Female,0,No,No,1,Yes,No,Month-to-month,Credit card (automatic),19.8,19.8,0,0.38734013704939724,0,LOW RISK,2026-08-30 13:02:06
5893-PYOLZ,Male,0,No,No,56,Yes,DSL,Two year,Credit card (automatic),81.8,4534.45,0,0.07421816595655407,0,LOW RISK,2026-08-30 13:02:06
4986-MXSFP,Female,0,No,No,2,Yes,No,Month-to-month,Mailed check,20.0,40.9,0,0.4654765856113814,0,MEDIUM RISK,2026-08-30 13:02:06
6131-FOYAS,Male,0,No,No,35,Yes,DSL,Month-to-month,Electronic check,59.6,2094.9,0,0.4171470540595056,0,MEDIUM RISK,2026-08-30 13:02:06
3027-YNWZU,Female,0,Yes,No,64,Yes,No,Two year,Credit card (automatic),25.0,1584.8,0,0.02196134254847811,0,LOW RISK,2026-08-30 13:02:06
5609-IMCGG,Female,0,No,No,15,Yes,Fiber optic,Month-to-month,Credit card (automatic),84.35,1302.65,0,0.6457315578917708,1,MEDIUM RISK,2026-08-30 13:02:06
4873-ILOLJ,Male,0,No,No,24,Yes,Fiber optic,Month-to-month,Electronic check,90.35,2238.5,1,0.7910005963454532,1,HIGH RISK,2026-08-30 13:02:06
4727-MCYZG,Male,0,No,No,1,Yes,DSL,Month-to-month,Mailed check,55.55,55.55,0,0.6846874076672634,1,MEDIUM RISK,2026-08-30 13:02:06
9481-WHGWY,Female,0,Yes,Yes,70,Yes,DSL,Two year,Credit card (automatic),75.35,5437.75,0,0.021822750728645795,0,LOW RISK,2026-08-30 13:02:06
2725-KXXWT,Male,0,Yes,No,1,Yes,Fiber optic,Month-to-month,Electronic check,90.75,90.75,1,0.9277410484519067,1,HIGH RISK,2026-08-30 13:02:06
9565-DJPIB,Female,0,No,Yes,4,Yes,Fiber optic,Month-to-month,Mailed check,89.6,365.65,1,0.7962618691875373,1,HIGH RISK,2026-08-30 13:02:06
4328-VUFWD,Female,0,No,No,39,Yes,DSL,One year,Electronic check,59.3,2209.15,0,0.17911793240139748,0,LOW RISK,2026-08-30 13:02:06
3301-LSLWQ,Female,0,No,No,29,Yes,DSL,Month-to-month,Electronic check,66.1,1912.15,0,0.4561163959411791,0,MEDIUM RISK,2026-08-30 13:02:06
7473-ZBDSN,Female,0,Yes,Yes,14,Yes,No,Two year,Mailed check,18.8,255.55,0,0.04473622727257138,0,LOW RISK,2026-08-30 13:02:06
3166-PNEOF,Female,0,No,No,61,Yes,DSL,Two year,Credit card (automatic),86.45,5175.3,0,0.04753130367157252,0,LOW RISK,2026-08-30 13:02:06
5639-NTUPK,Male,0,No,Yes,13,Yes,DSL,Month-to-month,Credit card (automatic),52.1,670.65,0,0.3388439934283484,0,LOW RISK,2026-08-30 13:02:06
8780-YRMTT,Female,0,No,No,66,No,DSL,Two year,Mailed check,47.4,3177.25,0,0.03547186867396723,0,LOW RISK,2026-08-30 13:02:06
8348-HFYIV,Male,0,No,No,2,No,DSL,Month-to-month,Electronic check,49.25,90.35,1,0.8926661236208022,1,HIGH RISK,2026-08-30 13:02:06
5140-FOMCQ,Female,0,Yes,No,59,Yes,Fiber optic,One year,Credit card (automatic),109.15,6557.75,0,0.4062755303075968,0,MEDIUM RISK,2026-08-30 13:02:06
6242-SGYTS,Male,0,Yes,Yes,62,Yes,Fiber optic,One year,Credit card (automatic),94.95,5791.85,0,0.25312759235608423,0,LOW RISK,2026-08-30 13:02:06
8166-ORCHU,Male,1,Yes,No,33,Yes,Fiber optic,One year,Electronic check,93.55,3055.5,0,0.4081554041882547,0,MEDIUM RISK,2026-08-30 13:02:06
8414-OOEEL,Male,0,No,Yes,66,Yes,DSL,Two year,Credit card (automatic),79.5,5196.1,0,0.044804696212124635,0,LOW RISK,2026-08-30 13:02:06
8454-AATJP,Female,0,No,No,72,Yes,Fiber optic,Two year,Credit card (automatic),115.05,8405.0,0,0.09300888334609214,0,LOW RISK,2026-08-30 13:02:06
6849-WLEYG,Male,0,No,Yes,1,Yes,No,Month-to-month,Mailed check,19.75,19.75,1,0.3480721198518324,0,LOW RISK,2026-08-30 13:02:06
4659-NZRUF,Female,0,No,No,19,Yes,Fiber optic,Month-to-month,Electronic check,95.15,1789.25,1,0.7272887726553615,1,HIGH RISK,2026-08-30 13:02:06
4531-AUZNK,Female,0,Yes,Yes,51,Yes,Fiber optic,One year,Mailed check,95.15,5000.05,0,0.30197141046874343,0,LOW RISK,2026-08-30 13:02:06
4191-XOVOM,Male,0,No,No,63,Yes,Fiber optic,Month-to-month,Electronic check,105.4,6713.2,0,0.5673273178032882,1,MEDIUM RISK,2026-08-30 13:02:06
2150-OEGBV,Male,0,No,No,27,Yes,No,One year,Bank transfer (automatic),20.1,562.6,0,0.08041614093673842,0,LOW RISK,2026-08-30 13:02:06
8429-XIBUM,Male,0,No,No,22,Yes,Fiber optic,Month-to-month,Bank transfer (automatic),101.35,2317.1,1,0.7184491427847571,1,HIGH RISK,2026-08-30 13:02:06
1855-CFULU,Female,1,No,No,4,Yes,No,Month-to-month,Mailed check,20.05,91.45,0,0.402997161627319,0,MEDIUM RISK,2026-08-30 13:02:06
4878-BUNFV,Male,0,Yes,Yes,42,Yes,No,Two year,Mailed check,20.7,828.85,0,0.018928387014100174,0,LOW RISK,2026-08-30 13:02:06
1872-EBWSC,Female,0,No,No,29,Yes,No,One year,Mailed check,20.35,617.35,0,0.07598135259249213,0,LOW RISK,2026-08-30 13:02:06
2608-BHKFN,Female,0,No,No,4,Yes,Fiber optic,Month-to-month,Credit card (automatic),70.05,266.9,1,0.8031668322254355,1,HIGH RISK,2026-08-30 13:02:06
7026-YMSBE,Male,0,No,No,30,Yes,No,One year,Mailed check,19.7,625.05,0,0.07589464789759187,0,LOW RISK,2026-08-30 13:02:06
7341-LXCAF,Male,0,Yes,No,4,Yes,Fiber optic,Month-to-month,Electronic check,74.65,301.4,1,0.8965135618346011,1,HIGH RISK,2026-08-30 13:02:06
6997-UVGOX,Male,0,Yes,Yes,71,Yes,DSL,Two year,Bank transfer (automatic),85.45,6029.9,0,0.018977917678513145,0,LOW RISK,2026-08-30 13:02:06
9674-EHPPG,Male,0,Yes,No,46,No,DSL,Two year,Credit card (automatic),40.4,1842.7,0,0.03777626965581685,0,LOW RISK,2026-08-30 13:02:06
9462-MJUAW,Male,0,No,No,4,Yes,DSL,Month-to-month,Mailed check,50.4,206.6,1,0.6584855538535609,1,MEDIUM RISK,2026-08-30 13:02:06
8128-YVJRG,Female,0,No,No,7,Yes,Fiber optic,Month-to-month,Mailed check,79.65,604.7,1,0.7847611240444943,1,HIGH RISK,2026-08-30 13:02:06
5440-VHLUL,Male,0,No,No,69,Yes,Fiber optic,One year,Bank transfer (automatic),105.2,7386.05,0,0.3270148144374438,0,LOW RISK,2026-08-30 13:02:06
5781-BKHOP,Female,0,Yes,No,72,Yes,Fiber optic,Two year,Bank transfer (automatic),100.65,7334.05,0,0.08510810938848756,0,LOW RISK,2026-08-30 13:02:06
4283-FUTGF,Male,1,No,No,19,Yes,Fiber optic,Month-to-month,Electronic check,79.85,1471.75,1,0.7936257773368838,1,HIGH RISK,2026-08-30 13:02:06
5213-TWWJU,Male,0,No,No,28,Yes,Fiber optic,Month-to-month,Electronic check,91.0,2626.15,0,0.614735558611055,1,MEDIUM RISK,2026-08-30 13:02:06
1569-TTNYJ,Male,0,Yes,No,5,Yes,Fiber optic,Month-to-month,Electronic check,78.75,412.1,1,0.8831456113390087,1,HIGH RISK,2026-08-30 13:02:06
8628-MFKAX,Female,1,Yes,No,72,Yes,Fiber optic,Two year,Credit card (automatic),116.75,8277.05,0,0.14365596192684763,0,LOW RISK,2026-08-30 13:02:06
2397-BRLOM,Male,1,Yes,Yes,8,Yes,Fiber optic,Month-to-month,Credit card (automatic),80.45,583.45,1,0.8241407756626151,1,HIGH RISK,2026-08-30 13:02:06
7629-WIXZF,Female,0,No,No,7,Yes,DSL,One year,Electronic check,59.1,369.25,0,0.5274553434337659,1,MEDIUM RISK,2026-08-30 13:02:06
5445-GLVOT,Female,0,No,No,22,Yes,DSL,Month-to-month,Electronic check,49.8,1049.05,0,0.3957421865908323,0,LOW RISK,2026-08-30 13:02:06
3976-HXHCE,Male,0,No,No,72,Yes,No,Two year,Bank transfer (automatic),19.3,1414.8,0,0.01148089434141896,0,LOW RISK,2026-08-30 13:02:06
2466-NEJOJ,Male,0,Yes,Yes,8,Yes,No,Month-to-month,Credit card (automatic),19.65,169.75,0,0.2942675982603793,0,LOW RISK,2026-08-30 13:02:06
0254-KCJGT,Male,0,Yes,No,52,Yes,DSL,One year,Credit card (automatic),81.4,4354.45,0,0.13125546155009324,0,LOW RISK,2026-08-30 13:02:06
5472-CVMDX,Female,0,No,No,68,No,DSL,Two year,Mailed check,38.9,2719.2,0,0.02764328001114335,0,LOW RISK,2026-08-30 13:02:06
6461-SZMCV,Female,0,Yes,No,71,Yes,DSL,Two year,Bank transfer (automatic),87.95,6365.35,0,0.032766464390526995,0,LOW RISK,2026-08-30 13:02:06
8150-QUDFX,Male,0,No,No,2,Yes,No,Month-to-month,Mailed check,19.85,51.6,0,0.3928050936522688,0,LOW RISK,2026-08-30 13:02:06
9508-ILZDG,Female,1,No,No,34,Yes,Fiber optic,Month-to-month,Electronic check,96.35,3190.25,0,0.7053776810871564,1,HIGH RISK,2026-08-30 13:02:06
2346-DJQTB,Female,0,No,No,35,No,DSL,Month-to-month,Electronic check,24.15,812.5,0,0.41486004280156147,0,MEDIUM RISK,2026-08-30 13:02:06
1697-LYYYX,Female,0,Yes,Yes,61,Yes,No,One year,Credit card (automatic),19.1,1143.8,0,0.032071356615228495,0,LOW RISK,2026-08-30 13:02:06
1942-OQFRW,Male,0,No,No,1,Yes,DSL,Month-to-month,Electronic check,44.0,44.0,0,0.6977892148697397,1,MEDIUM RISK,2026-08-30 13:02:06
4749-VFKVB,Female,0,No,No,1,Yes,DSL,Month-to-month,Mailed check,50.1,50.1,1,0.7483631970908519,1,HIGH RISK,2026-08-30 13:02:06
9640-ZSLDC,Female,0,Yes,Yes,53,Yes,DSL,One year,Credit card (automatic),60.6,3297.0,0,0.14780864122295287,0,LOW RISK,2026-08-30 13:02:06
4231-LZUYM,Female,0,Yes,No,72,Yes,No,Two year,Bank transfer (automatic),25.65,1887.0,0,0.015645098532459642,0,LOW RISK,2026-08-30 13:02:06
7598-UAASY,Male,0,Yes,No,2,Yes,Fiber optic,Month-to-month,Electronic check,76.4,151.8,1,0.8259294827297348,1,HIGH RISK,2026-08-30 13:02:06
7938-OUHIO,Male,0,No,No,3,Yes,Fiber optic,Month-to-month,Electronic check,98.7,293.65,1,0.900917563754792,1,HIGH RISK,2026-08-30 13:02:06
8510-AWCXC,Female,1,No,No,13,Yes,Fiber optic,Month-to-month,Electronic check,100.8,1308.1,1,0.8546470714398825,1,HIGH RISK,2026-08-30 13:02:06
6128-AQBMT,Male,1,Yes,No,41,No,DSL,Month-to-month,Electronic check,53.95,2215.4,0,0.6360874413314422,1,MEDIUM RISK,2026-08-30 13:02:06
3594-BDSOA,Female,0,Yes,No,24,Yes,No,One year,Credit card (automatic),20.4,482.8,0,0.07633199613333773,0,LOW RISK,2026-08-30 13:02:06
0431-APWVY,Female,0,Yes,Yes,28,Yes,Fiber optic,One year,Bank transfer (automatic),90.1,2598.95,1,0.5135023625413544,1,MEDIUM RISK,2026-08-30 13:02:06
5133-VRSAB,Male,0,No,No,8,No,DSL,Month-to-month,Mailed check,29.35,216.45,0,0.5497099913019059,1,MEDIUM RISK,2026-08-30 13:02:06
5996-DAOQL,Male,0,No,No,1,Yes,No,Month-to-month,Mailed check,20.45,20.45,0,0.47929983451177594,0,MEDIUM RISK,2026-08-30 13:02:06
6838-YAUVY,Female,0,No,No,54,Yes,Fiber optic,Two year,Bank transfer (automatic),95.1,5064.85,0,0.22728436358224807,0,LOW RISK,2026-08-30 13:02:06
0484-JPBRU,Male,0,No,No,41,Yes,No,Month-to-month,Bank transfer (automatic),25.25,996.45,0,0.17136560651792737,0,LOW RISK,2026-08-30 13:02:06
7883-ROJOC,Female,0,Yes,No,19,Yes,DSL,Month-to-month,Mailed check,44.9,839.65,0,0.354171172990527,0,LOW RISK,2026-08-30 13:02:06
0244-LGNFY,Female,0,Yes,Yes,72,Yes,DSL,Two year,Bank transfer (automatic),92.65,6733.0,0,0.024001797122869446,0,LOW RISK,2026-08-30 13:02:06
7274-CGTOD,Male,0,No,No,62,No,DSL,Two year,Bank transfer (automatic),43.7,2618.3,0,0.040982418396230805,0,LOW RISK,2026-08-30 13:02:06
4295-YURET,Female,1,Yes,Yes,56,Yes,DSL,Two year,Credit card (automatic),72.6,4084.35,0,0.05942933355958781,0,LOW RISK,2026-08-30 13:02:06
3426-NIYYL,Male,0,No,No,15,Yes,DSL,Month-to-month,Electronic check,51.55,765.5,1,0.5428114396346191,1,MEDIUM RISK,2026-08-30 13:02:06
8225-BTJAU,Male,1,No,No,10,Yes,Fiber optic,Month-to-month,Electronic check,79.25,793.55,1,0.8915796927282531,1,HIGH RISK,2026-08-30 13:02:06
4635-EJYPD,Male,0,Yes,Yes,32,Yes,No,Two year,Mailed check,18.95,613.95,0,0.028259544298491868,0,LOW RISK,2026-08-30 13:02:06
1866-ZSLJM,Male,0,No,No,21,Yes,No,Month-to-month,Credit card (automatic),20.5,402.85,0,0.16148747154521942,0,LOW RISK,2026-08-30 13:02:06
4636-TVXVG,Male,0,Yes,Yes,62,Yes,No,One year,Bank transfer (automatic),19.95,1244.8,0,0.03046164049391426,0,LOW RISK,2026-08-30 13:02:06
4236-UJPWO,Female,0,No,No,2,No,DSL,Month-to-month,Electronic check,24.5,46.4,0,0.755533650470295,1,HIGH RISK,2026-08-30 13:02:06
9392-XBGTD,Male,0,No,Yes,27,Yes,No,Two year,Mailed check,20.6,581.85,0,0.03228935080779276,0,LOW RISK,2026-08-30 13:02:06
3387-VATUS,Male,0,No,No,5,Yes,Fiber optic,Month-to-month,Bank transfer (automatic),94.85,462.8,1,0.9082313390684839,1,HIGH RISK,2026-08-30 13:02:06
6402-SSEJG,Female,0,No,No,25,No,DSL,One year,Electronic check,61.05,1540.2,0,0.3649289796267504,0,LOW RISK,2026-08-30 13:02:06
1143-NMNQJ,Female,0,No,No,2,Yes,Fiber optic,Month-to-month,Electronic check,85.7,169.8,1,0.9215580057818715,1,HIGH RISK,2026-08-30 13:02:06
1169-SAOCL,Male,0,No,No,49,Yes,Fiber optic,One year,Bank transfer (automatic),106.65,5168.1,0,0.4814263018987218,0,MEDIUM RISK,2026-08-30 13:02:06
1110-KYLGQ,Female,0,No,No,63,Yes,Fiber optic,Month-to-month,Credit card (automatic),108.25,6780.1,0,0.4604901693347584,0,MEDIUM RISK,2026-08-30 13:02:06
9929-PLVPA,Female,0,No,Yes,4,Yes,No,Month-to-month,Credit card (automatic),20.4,94.5,0,0.31296691064761545,0,LOW RISK,2026-08-30 13:02:06
3518-PZXZQ,Female,0,Yes,No,1,Yes,DSL,Month-to-month,Mailed check,55.3,55.3,0,0.7523826080543514,1,HIGH RISK,2026-08-30 13:02:06
2371-JUNGC,Male,0,No,No,11,Yes,No,Month-to-month,Mailed check,20.25,208.0,0,0.3051872443930334,0,LOW RISK,2026-08-30 13:02:06
7693-QPEFS,Male,1,No,No,52,Yes,Fiber optic,Month-to-month,Bank transfer (automatic),72.95,3829.75,0,0.6263779417802984,1,MEDIUM RISK,2026-08-30 13:02:06
0924-BJCRC,Female,1,Yes,No,60,Yes,Fiber optic,Month-to-month,Electronic check,89.45,5294.6,0,0.6192922264568823,1,MEDIUM RISK,2026-08-30 13:02:06
5074-FBGHB,Male,0,No,No,64,Yes,Fiber optic,One year,Credit card (automatic),104.65,6889.8,0,0.4103415597594918,0,MEDIUM RISK,2026-08-30 13:02:06
2351-BKRZW,Female,0,Yes,Yes,43,Yes,DSL,Two year,Bank transfer (automatic),75.2,3254.35,0,0.04393936642472245,0,LOW RISK,2026-08-30 13:02:06
4455-BFSPD,Female,0,Yes,No,61,Yes,Fiber optic,One year,Bank transfer (automatic),101.15,6383.9,0,0.33761514428565276,0,LOW RISK,2026-08-30 13:02:06
0415-MOSGF,Female,0,No,No,1,Yes,DSL,Month-to-month,Mailed check,44.4,44.4,1,0.6114041662515505,1,MEDIUM RISK,2026-08-30 13:02:06
1724-BQUHA,Male,1,No,No,5,Yes,Fiber optic,Month-to-month,Electronic check,89.5,477.7,1,0.9298043545540025,1,HIGH RISK,2026-08-30 13:02:06
3948-KXDUF,Male,0,No,No,66,Yes,DSL,Two year,Bank transfer (automatic),68.75,4447.55,0,0.01922052230446374,0,LOW RISK,2026-08-30 13:02:06
2323-ARSVR,Male,0,Yes,No,67,Yes,Fiber optic,Two year,Electronic check,111.05,7321.05,0,0.15491881068398108,0,LOW RISK,2026-08-30 13:02:06
0815-MFZGM,Female,0,Yes,No,42,Yes,Fiber optic,Two year,Credit card (automatic),99.0,4135.0,0,0.2276933411735376,0,LOW RISK,2026-08-30 13:02:06
4826-XTSOH,Male,1,Yes,No,1,Yes,Fiber optic,Month-to-month,Electronic check,86.05,86.05,1,0.9367411865338129,1,HIGH RISK,2026-08-30 13:02:06
5480-XTFFL,Female,0,Yes,Yes,31,Yes,No,Two year,Mailed check,21.0,697.7,0,0.02834161787232521,0,LOW RISK,2026-08-30 13:02:06
8295-FHIVV,Male,0,No,No,7,Yes,No,Month-to-month,Mailed check,19.4,168.65,0,0.43025116994766827,0,MEDIUM RISK,2026-08-30 13:02:06
2495-INZWQ,Male,0,No,No,4,No,DSL,Month-to-month,Electronic check,44.55,174.3,1,0.8846094529204895,1,HIGH RISK,2026-08-30 13:02:06
9086-YJYXS,Male,0,Yes,Yes,34,Yes,DSL,One year,Bank transfer (automatic),77.2,2753.8,0,0.21787550105596462,0,LOW RISK,2026-08-30 13:02:06
1179-INLAT,Male,0,No,No,3,Yes,No,One year,Mailed check,19.45,69.25,0,0.29456416624760706,0,LOW RISK,2026-08-30 13:02:06
7909-FIOIY,Female,0,Yes,Yes,19,No,DSL,Month-to-month,Mailed check,24.85,434.8,0,0.4657014431955355,0,MEDIUM RISK,2026-08-30 13:02:06
4139-SUGLD,Male,0,Yes,Yes,31,No,DSL,Month-to-month,Bank transfer (automatic),35.4,1077.5,1,0.19868660533518281,0,LOW RISK,2026-08-30 13:02:06
6857-VWJDT,Female,0,No,No,1,Yes,Fiber optic,Month-to-month,Mailed check,95.65,95.65,1,0.8909698784761254,1,HIGH RISK,2026-08-30 13:02:06
6351-SCJKT,Male,0,No,No,3,No,DSL,Month-to-month,Mailed check,41.35,107.25,0,0.5178585777558791,1,MEDIUM RISK,2026-08-30 13:02:06
5468-BPMMO,Male,0,Yes,No,46,Yes,No,Month-to-month,Electronic check,19.6,851.2,0,0.12000785583187387,0,LOW RISK,2026-08-30 13:02:06
5624-BQSSA,Female,0,No,No,1,Yes,No,Month-to-month,Mailed check,20.95,20.95,1,0.3860217539343933,0,LOW RISK,2026-08-30 13:02:06
0197-PNKNK,Female,0,Yes,Yes,69,Yes,Fiber optic,One year,Bank transfer (automatic),84.45,5848.6,0,0.1299609307816699,0,LOW RISK,2026-08-30 13:02:06
2439-QKJUL,Male,0,No,No,5,Yes,No,Month-to-month,Mailed check,20.25,109.8,0,0.359965133292872,0,LOW RISK,2026-08-30 13:02:06
1194-SPVSP,Male,0,No,No,1,Yes,No,Month-to-month,Bank transfer (automatic),19.65,19.65,0,0.3869077353736228,0,LOW RISK,2026-08-30 13:02:06
9534-NSXEM,Male,0,No,No,26,Yes,No,One year,Credit card (automatic),20.65,595.5,0,0.11684838440767739,0,LOW RISK,2026-08-30 13:02:06
2408-WITXK,Female,1,No,No,10,No,DSL,Month-to-month,Electronic check,34.7,329.8,1,0.8376160724672898,1,HIGH RISK,2026-08-30 13:02:06
8929-KSWIH,Male,0,No,No,25,Yes,Fiber optic,Two year,Bank transfer (automatic),99.3,2513.5,0,0.2631207692794868,0,LOW RISK,2026-08-30 13:02:06
2250-IVBWA,Male,0,Yes,Yes,64,Yes,Fiber optic,Month-to-month,Electronic check,81.05,5135.35,0,0.2593549867942285,0,LOW RISK,2026-08-30 13:02:06
1810-MVMAI,Male,0,Yes,Yes,30,Yes,DSL,Month-to-month,Electronic check,67.6,2000.2,0,0.20295085991895626,0,LOW RISK,2026-08-30 13:02:06
9506-UXUSK,Male,0,No,No,13,Yes,Fiber optic,Month-to-month,Electronic check,70.15,931.75,0,0.7486997670385831,1,HIGH RISK,2026-08-30 13:02:06
1229-RCALF,Female,0,Yes,No,64,Yes,Fiber optic,One year,Electronic check,115.0,7396.15,0,0.3831405676804344,0,LOW RISK,2026-08-30 13:02:06
3572-UOLYZ,Female,0,No,Yes,46,Yes,Fiber optic,Month-to-month,Bank transfer (automatic),84.8,3958.85,0,0.389505391835185,0,LOW RISK,2026-08-30 13:02:06
1429-UYJSV,Female,0,No,No,12,Yes,No,One year,Mailed check,19.7,260.9,0,0.16688817756403154,0,LOW RISK,2026-08-30 13:02:06
5577-OTWWW,Female,0,No,No,15,Yes,No,Month-to-month,Bank transfer (automatic),19.75,297.3,1,0.1901085730931723,0,LOW RISK,2026-08-30 13:02:06
6100-QQHEB,Male,0,Yes,Yes,17,Yes,Fiber optic,Month-to-month,Electronic check,92.55,1515.1,1,0.8492333609254036,1,HIGH RISK,2026-08-30 13:02:06
6366-XIVKZ,Female,0,Yes,Yes,13,Yes,DSL,Month-to-month,Mailed check,63.15,816.8,0,0.44119829978989217,0,MEDIUM RISK,2026-08-30 13:02:06
3470-OBUET,Female,0,Yes,Yes,67,Yes,DSL,Two year,Credit card (automatic),74.0,4868.4,0,0.02096180884332763,0,LOW RISK,2026-08-30 13:02:06
2770-NSVDG,Male,0,Yes,No,24,No,DSL,Month-to-month,Electronic check,29.1,688.0,0,0.4909270432130824,0,MEDIUM RISK,2026-08-30 13:02:06
9375-MHRRS,Male,0,No,No,6,Yes,DSL,Month-to-month,Mailed check,50.05,288.35,0,0.4964931088840172,0,MEDIUM RISK,2026-08-30 13:02:06
2634-HCZGT,Male,1,Yes,No,53,Yes,DSL,One year,Electronic check,60.05,3229.65,1,0.21094543682612718,0,LOW RISK,2026-08-30 13:02:06
7503-QQRVF,Male,1,Yes,No,16,Yes,Fiber optic,Month-to-month,Credit card (automatic),74.3,1178.25,1,0.6668141458146825,1,MEDIUM RISK,2026-08-30 13:02:06
4860-YZGZM,Male,0,No,No,10,Yes,No,Month-to-month,Electronic check,20.0,185.4,0,0.39429365201845906,0,LOW RISK,2026-08-30 13:02:06
6599-GZWCM,Female,0,No,No,13,Yes,Fiber optic,One year,Mailed check,74.65,966.25,0,0.4618524064886924,0,MEDIUM RISK,2026-08-30 13:02:06
2691-NZETQ,Male,0,No,No,9,Yes,Fiber optic,Month-to-month,Electronic check,85.35,758.6,1,0.9037227313262035,1,HIGH RISK,2026-08-30 13:02:06
4404-HIBDJ,Female,0,No,No,25,Yes,DSL,One year,Mailed check,74.3,1863.8,1,0.10397017124946399,0,LOW RISK,2026-08-30 13:02:06
5533-NHFRF,Male,1,No,No,7,No,DSL,Month-to-month,Electronic check,44.4,265.8,0,0.7953499666930358,1,HIGH RISK,2026-08-30 13:02:06
7037-MTYVW,Male,0,Yes,Yes,38,Yes,DSL,Two year,Bank transfer (automatic),85.4,3297.0,0,0.07672091495590301,0,LOW RISK,2026-08-30 13:02:06
4760-THGOT,Female,0,Yes,No,43,Yes,Fiber optic,Month-to-month,Electronic check,94.1,4107.3,0,0.6050420981996508,1,MEDIUM RISK,2026-08-30 13:02:06
7295-JOMMD,Female,0,No,Yes,4,Yes,Fiber optic,Month-to-month,Bank transfer (automatic),98.1,396.3,1,0.825831835434947,1,HIGH RISK,2026-08-30 13:02:06
4016-BJKTZ,Female,0,No,No,25,Yes,Fiber optic,Two year,Electronic check,108.9,2809.05,0,0.39314082378825405,0,LOW RISK,2026-08-30 13:02:06
6584-VQMYT,Male,0,No,Yes,27,Yes,DSL,One year,Mailed check,56.2,1567.55,0,0.10349788695834464,0,LOW RISK,2026-08-30 13:02:06
9838-BFCQT,Male,0,Yes,Yes,72,Yes,No,Two year,Mailed check,26.1,1851.45,0,0.01345828300635955,0,LOW RISK,2026-08-30 13:02:06
2790-XUYMV,Male,0,No,Yes,71,Yes,Fiber optic,One year,Credit card (automatic),85.45,6028.95,0,0.14612923690743423,0,LOW RISK,2026-08-30 13:02:06
0581-MDMPW,Female,0,No,No,24,Yes,Fiber optic,Month-to-month,Credit card (automatic),88.95,2072.75,0,0.7178637504009675,1,HIGH RISK,2026-08-30 13:02:06
5013-SBUIH,Female,0,No,No,50,Yes,Fiber optic,Two year,Electronic check,109.65,5551.15,1,0.30148329804857865,0,LOW RISK,2026-08-30 13:02:06
1023-BQXZE,Male,0,No,No,57,Yes,DSL,Two year,Bank transfer (automatic),74.35,4317.35,0,0.0751675307061333,0,LOW RISK,2026-08-30 13:02:06
9163-GHAYE,Female,0,No,No,15,Yes,DSL,Month-to-month,Electronic check,48.85,736.8,0,0.44121680596683416,0,MEDIUM RISK,2026-08-30 13:02:06
3904-UKFRE,Male,0,No,No,4,Yes,Fiber optic,Month-to-month,Electronic check,80.1,336.15,0,0.8529631356086725,1,HIGH RISK,2026-08-30 13:02:06
5353-WILCI,Female,0,No,No,28,Yes,DSL,Month-to-month,Electronic check,56.05,1522.65,0,0.2824584320373565,0,LOW RISK,2026-08-30 13:02:06
0709-TVGUR,Female,1,No,No,9,Yes,Fiber optic,Month-to-month,Electronic check,74.55,622.9,1,0.8866217739932671,1,HIGH RISK,2026-08-30 13:02:06
0058-EVZWM,Female,0,Yes,No,55,Yes,Fiber optic,Month-to-month,Bank transfer (automatic),89.8,4959.6,0,0.5477125441934293,1,MEDIUM RISK,2026-08-30 13:02:06
6023-YEBUP,Male,0,No,No,3,Yes,Fiber optic,Month-to-month,Electronic check,100.95,329.95,1,0.9422707843917633,1,HIGH RISK,2026-08-30 13:02:06
7209-JCUDS,Male,0,No,No,10,Yes,Fiber optic,Month-to-month,Electronic check,94.9,1048.85,1,0.907738366268961,1,HIGH RISK,2026-08-30 13:02:06
7009-PCARS,Male,0,No,Yes,55,Yes,No,One year,Bank transfer (automatic),19.1,1001.5,0,0.03863000519689703,0,LOW RISK,2026-08-30 13:02:06
0519-DRGTI,Female,0,Yes,Yes,20,Yes,No,Month-to-month,Mailed check,20.35,442.6,0,0.14449319137853836,0,LOW RISK,2026-08-30 13:02:06
1017-FBQMM,Female,0,Yes,Yes,62,Yes,Fiber optic,One year,Credit card (automatic),106.05,6703.5,0,0.339874755353194,0,LOW RISK,2026-08-30 13:02:06
3001-CBHLQ,Male,1,Yes,No,32,Yes,Fiber optic,Month-to-month,Electronic check,104.9,3351.55,1,0.8197413542130438,1,HIGH RISK,2026-08-30 13:02:06
1985-MBRYP,Female,0,No,No,43,Yes,No,Two year,Bank transfer (automatic),19.65,779.25,0,0.028659490456432252,0,LOW RISK,2026-08-30 13:02:06
6158-DWPZT,Male,0,Yes,No,9,No,DSL,One year,Bank transfer (automatic),24.1,259.8,1,0.4520404982780938,0,MEDIUM RISK,2026-08-30 13:02:06
9372-TXXPS,Female,0,Yes,No,60,Yes,DSL,Two year,Bank transfer (automatic),59.85,3483.45,0,0.02305726049289629,0,LOW RISK,2026-08-30 13:02:06
3259-QMXUN,Male,0,Yes,No,58,Yes,DSL,Two year,Electronic check,86.1,4890.5,0,0.12378340111320797,0,LOW RISK,2026-08-30 13:02:06
1015-JPFYW,Male,0,No,Yes,7,Yes,No,One year,Mailed check,19.45,136.75,0,0.16787483379151077,0,LOW RISK,2026-08-30 13:02:06
6645-MXQJT,Male,0,Yes,Yes,2,Yes,Fiber optic,Month-to-month,Electronic check,97.1,184.15,0,0.8243455390928435,1,HIGH RISK,2026-08-30 13:02:06
4360-QRAVE,Male,1,No,No,37,No,DSL,Month-to-month,Electronic check,36.65,1315.0,0,0.40765739243476234,0,MEDIUM RISK,2026-08-30 13:02:06
8433-WPJTV,Female,1,Yes,Yes,65,Yes,Fiber optic,One year,Bank transfer (automatic),103.9,6767.1,0,0.3828694041132127,0,LOW RISK,2026-08-30 13:02:06
5804-JMYIO,Female,0,Yes,Yes,39,Yes,No,Two year,Mailed check,19.75,757.95,0,0.021094825835903892,0,LOW RISK,2026-08-30 13:02:06
3763-GCZHZ,Male,0,Yes,No,66,Yes,Fiber optic,One year,Electronic check,104.05,6890.0,1,0.4547793066640552,0,MEDIUM RISK,2026-08-30 13:02:06
6484-LATFU,Male,0,No,No,68,Yes,No,Two year,Mailed check,24.55,1657.4,0,0.0191088632788975,0,LOW RISK,2026-08-30 13:02:06
7599-NTMDP,Female,0,Yes,Yes,62,No,DSL,Two year,Bank transfer (automatic),48.7,3008.55,0,0.033150212347399885,0,LOW RISK,2026-08-30 13:02:06
0772-GYEQQ,Male,0,No,No,3,Yes,Fiber optic,Month-to-month,Mailed check,88.35,262.05,1,0.8241595012442302,1,HIGH RISK,2026-08-30 13:02:06
0536-ACXIP,Female,0,Yes,No,72,Yes,Fiber optic,Two year,Electronic check,109.55,8165.1,0,0.22422522925843932,0,LOW RISK,2026-08-30 13:02:06
0936-NQLJU,Female,0,Yes,No,41,Yes,No,Two year,Credit card (automatic),20.65,875.55,0,0.02346759064141592,0,LOW RISK,2026-08-30 13:02:06
4831-EOBFE,Male,0,Yes,Yes,29,Yes,Fiber optic,Month-to-month,Credit card (automatic),94.65,2649.15,1,0.5215606971357832,1,MEDIUM RISK,2026-08-30 13:02:06
1575-KRZZE,Female,0,No,No,4,Yes,DSL,Month-to-month,Electronic check,55.2,220.65,0,0.5440862486389545,1,MEDIUM RISK,2026-08-30 13:02:06
3251-YMVWZ,Male,0,No,No,53,Yes,No,One year,Bank transfer (automatic),24.05,1301.9,0,0.06933881912812596,0,LOW RISK,2026-08-30 13:02:06
4102-OQUPX,Male,1,Yes,No,1,Yes,Fiber optic,Month-to-month,Electronic check,74.4,74.4,1,0.9191911945368301,1,HIGH RISK,2026-08-30 13:02:06
9170-GYZJC,Female,0,Yes,Yes,41,Yes,DSL,Month-to-month,Credit card (automatic),79.9,3326.2,1,0.1384855196132934,0,LOW RISK,2026-08-30 13:02:06
4884-LEVMQ,Male,0,Yes,No,39,Yes,No,Two year,Bank transfer (automatic),20.45,790.0,0,0.03521249229438418,0,LOW RISK,2026-08-30 13:02:06
8857-CUPFQ,Male,0,Yes,No,63,Yes,No,Two year,Mailed check,19.25,1237.65,0,0.017623800734013085,0,LOW RISK,2026-08-30 13:02:06
7610-TVOPG,Male,0,No,No,15,Yes,No,Month-to-month,Electronic check,26.35,378.6,0,0.3996874013255543,0,LOW RISK,2026-08-30 13:02:06
3638-DIMPH,Female,0,Yes,No,13,Yes,DSL,One year,Electronic check,43.8,592.65,0,0.3199283369962705,0,LOW RISK,2026-08-30 13:02:06
1845-ZLLIG,Male,0,No,No,1,Yes,DSL,Month-to-month,Mailed check,50.15,50.15,0,0.6643587435102243,1,MEDIUM RISK,2026-08-30 13:02:06
8559-WNQZS,Male,0,No,No,1,Yes,No,Two year,Mailed check,20.45,20.45,0,0.12311221323181204,0,LOW RISK,2026-08-30 13:02:06
3999-QGRJH,Male,1,No,No,8,Yes,Fiber optic,Month-to-month,Electronic check,69.7,560.85,1,0.8622478917556895,1,HIGH RISK,2026-08-30 13:02:06
1699-UOTXU,Male,0,No,No,60,Yes,DSL,Two year,Electronic check,61.4,3638.25,0,0.04403104483288797,0,LOW RISK,2026-08-30 13:02:06
2454-RPBRZ,Female,1,Yes,No,12,Yes,Fiber optic,Month-to-month,Electronic check,98.1,1060.2,1,0.8914998387499106,1,HIGH RISK,2026-08-30 13:02:06
0635-WKOLD,Male,0,Yes,No,40,Yes,DSL,One year,Credit card (automatic),70.75,2921.75,0,0.12021950774623306,0,LOW RISK,2026-08-30 13:02:06
5993-JSUWV,Female,0,No,No,66,Yes,DSL,Two year,Bank transfer (automatic),61.15,4017.45,0,0.03328253784283798,0,LOW RISK,2026-08-30 13:02:06
4518-FZBSX,Male,0,Yes,Yes,42,Yes,No,One year,Mailed check,20.25,854.9,0,0.04133736934308283,0,LOW RISK,2026-08-30 13:02:06
5387-ASZNZ,Female,1,No,No,66,Yes,DSL,One year,Credit card (automatic),63.85,4174.35,0,0.08864471909770875,0,LOW RISK,2026-08-30 13:02:06
6988-CJEYV,Male,0,No,No,49,Yes,Fiber optic,Month-to-month,Electronic check,98.7,4920.55,0,0.7419761596475486,1,HIGH RISK,2026-08-30 13:02:06
2002-MZHWP,Female,0,No,No,1,Yes,No,Month-to-month,Mailed check,20.5,20.5,1,0.38796469935731454,0,LOW RISK,2026-08-30 13:02:06
3097-FQTVJ,Female,0,No,No,41,Yes,No,Two year,Mailed check,20.0,810.3,0,0.023140879298774397,0,LOW RISK,2026-08-30 13:02:06
5465-BUBFA,Female,0,Yes,Yes,41,Yes,No,Two year,Bank transfer (automatic),19.3,772.4,0,0.018788743420572986,0,LOW RISK,2026-08-30 13:02:06
7299-GNVPL,Female,0,Yes,Yes,23,Yes,Fiber optic,Month-to-month,Mailed check,84.4,1936.85,0,0.2820017772615435,0,LOW RISK,2026-08-30 13:02:06
9743-DQKQW,Male,0,No,No,3,No,DSL,Month-to-month,Electronic check,25.1,79.8,0,0.7530381339950605,1,HIGH RISK,2026-08-30 13:02:06
1215-VFYVK,Female,0,No,No,4,No,DSL,Month-to-month,Mailed check,48.25,202.25,0,0.6013900609864441,1,MEDIUM RISK,2026-08-30 13:02:06
9371-BITHB,Female,0,Yes,Yes,52,Yes,No,Two year,Mailed check,19.85,1070.5,0,0.021170203038556427,0,LOW RISK,2026-08-30 13:02:06
2265-CYWIV,Female,1,Yes,No,4,Yes,Fiber optic,Month-to-month,Electronic check,99.6,347.65,1,0.9233849352913953,1,HIGH RISK,2026-08-30 13:02:06
9093-FPDLG,Female,0,No,No,11,Yes,Fiber optic,Month-to-month,Electronic check,94.2,999.9,0,0.8137337196103875,1,HIGH RISK,2026-08-30 13:02:06
0541-FITGH,Female,0,Yes,No,2,Yes,DSL,Month-to-month,Mailed check,62.15,113.1,0,0.6620570003473916,1,MEDIUM RISK,2026-08-30 13:02:06
6985-HAYWX,Female,0,Yes,No,26,Yes,Fiber optic,Month-to-month,Bank transfer (automatic),79.3,2015.8,0,0.5682255525311108,1,MEDIUM RISK,2026-08-30 13:02:06
7508-KBIMB,Male,0,Yes,Yes,24,Yes,DSL,One year,Credit card (automatic),56.25,1454.25,0,0.15004845108531525,0,LOW RISK,2026-08-30 13:02:06
6838-HVLXG,Female,0,No,No,12,Yes,No,Month-to-month,Mailed check,20.3,246.7,0,0.29271044184571426,0,LOW RISK,2026-08-30 13:02:06
2277-DJJDL,Male,1,Yes,No,60,Yes,Fiber optic,Month-to-month,Electronic check,99.0,6017.9,0,0.7410606318887352,1,HIGH RISK,2026-08-30 13:02:06
1897-OKVMW,Female,0,Yes,Yes,64,Yes,DSL,Two year,Mailed check,90.6,5817.45,0,0.04717302708496679,0,LOW RISK,2026-08-30 13:02:06
5485-ITNPC,Male,0,Yes,No,66,Yes,DSL,Two year,Bank transfer (automatic),85.9,5595.3,0,0.03840017725923689,0,LOW RISK,2026-08-30 13:02:06
0233-FTHAV,Female,0,No,No,60,Yes,Fiber optic,One year,Bank transfer (automatic),79.2,4765.0,0,0.3319111869107483,0,LOW RISK,2026-08-30 13:02:06
4644-PIZRT,Male,0,Yes,Yes,17,Yes,DSL,One year,Bank transfer (automatic),70.35,1201.65,0,0.2276096335514511,0,LOW RISK,2026-08-30 13:02:06
8922-NPKBJ,Male,0,Yes,Yes,42,Yes,No,Two year,Mailed check,19.35,867.3,0,0.019584463122392,0,LOW RISK,2026-08-30 13:02:06
2740-TVLFN,Male,0,No,No,1,Yes,DSL,Month-to-month,Electronic check,50.15,50.15,0,0.8123397306031643,1,HIGH RISK,2026-08-30 13:02:06
7771-CFQRQ,Female,0,Yes,Yes,47,Yes,DSL,Two year,Bank transfer (automatic),63.8,3007.25,0,0.03716597613492118,0,LOW RISK,2026-08-30 13:02:06
9512-PHSMG,Female,0,Yes,No,10,Yes,No,Month-to-month,Mailed check,20.55,252.75,0,0.3990562998894852,0,LOW RISK,2026-08-30 13:02:06
6963-EZQEE,Male,1,Yes,No,70,Yes,DSL,Two year,Credit card (automatic),88.55,6306.5,0,0.05759779019681552,0,LOW RISK,2026-08-30 13:02:06
2452-KDRRH,Male,1,No,No,67,Yes,Fiber optic,Month-to-month,Credit card (automatic),101.4,6841.05,0,0.6604909828118325,1,MEDIUM RISK,2026-08-30 13:02:06
2004-OCQXK,Female,0,No,No,1,Yes,Fiber optic,Month-to-month,Electronic check,81.95,81.95,1,0.8980809606266619,1,HIGH RISK,2026-08-30 13:02:06
5027-QPKTE,Male,0,Yes,No,7,Yes,Fiber optic,Month-to-month,Electronic check,69.35,451.1,1,0.8492777444517454,1,HIGH RISK,2026-08-30 13:02:06
4146-SVFUD,Male,0,No,No,1,Yes,DSL,Month-to-month,Mailed check,44.6,44.6,0,0.6167233113745759,1,MEDIUM RISK,2026-08-30 13:02:06
1564-HJUVY,Male,0,No,No,4,Yes,DSL,Month-to-month,Bank transfer (automatic),63.75,226.2,0,0.6300948663846272,1,MEDIUM RISK,2026-08-30 13:02:06
3617-XLSGQ,Female,0,Yes,Yes,66,Yes,Fiber optic,Two year,Bank transfer (automatic),109.25,7082.5,0,0.11636493183091602,0,LOW RISK,2026-08-30 13:02:06
7517-LDMPS,Female,0,No,No,12,Yes,Fiber optic,Month-to-month,Electronic check,84.6,1017.35,0,0.8475449257012821,1,HIGH RISK,2026-08-30 13:02:06
7244-KXYZN,Female,0,No,No,24,Yes,No,One year,Credit card (automatic),20.45,527.35,0,0.0744641465129527,0,LOW RISK,2026-08-30 13:02:06
5226-NOZFC,Male,0,No,No,26,Yes,Fiber optic,Month-to-month,Electronic check,85.75,2146.5,0,0.7259277819658293,1,HIGH RISK,2026-08-30 13:02:06
2672-HUYVI,Female,0,No,No,6,Yes,Fiber optic,Month-to-month,Electronic check,91.1,455.3,1,0.9046603477318941,1,HIGH RISK,2026-08-30 13:02:06
1400-WIVLL,Male,0,Yes,No,57,Yes,Fiber optic,Two year,Electronic check,107.95,5969.85,0,0.2789705877768712,0,LOW RISK,2026-08-30 13:02:06
7508-MYBOG,Male,0,Yes,No,14,Yes,Fiber optic,Month-to-month,Electronic check,86.1,1235.55,1,0.8434301992962954,1,HIGH RISK,2026-08-30 13:02:06
8148-NLEGT,Female,0,Yes,Yes,42,Yes,No,Two year,Electronic check,22.95,1014.25,0,0.03722835127176342,0,LOW RISK,2026-08-30 13:02:06
0148-DCDOS,Male,0,No,No,25,Yes,Fiber optic,Month-to-month,Bank transfer (automatic),94.7,2362.1,1,0.803513588656362,1,HIGH RISK,2026-08-30 13:02:06
8347-GDTMP,Female,0,Yes,No,64,Yes,No,Two year,Credit card (automatic),19.45,1225.65,0,0.016154945396917746,0,LOW RISK,2026-08-30 13:02:06
9992-RRAMN,Male,0,Yes,No,22,Yes,Fiber optic,Month-to-month,Electronic check,85.1,1873.7,1,0.8070023222779946,1,HIGH RISK,2026-08-30 13:02:06
6746-WAUWT,Male,0,No,No,19,Yes,No,One year,Credit card (automatic),19.7,386.5,0,0.125257910089246,0,LOW RISK,2026-08-30 13:02:06
0310-MVLET,Female,0,Yes,Yes,61,Yes,Fiber optic,Month-to-month,Electronic check,99.15,6010.05,1,0.6811594991675467,1,MEDIUM RISK,2026-08-30 13:02:06
0428-IKYCP,Male,0,Yes,No,22,Yes,Fiber optic,Month-to-month,Bank transfer (automatic),87.0,1850.65,0,0.6620928113813193,1,MEDIUM RISK,2026-08-30 13:02:06
4550-VBOFE,Male,1,Yes,No,70,Yes,Fiber optic,Month-to-month,Electronic check,102.95,7101.5,1,0.707886597331415,1,HIGH RISK,2026-08-30 13:02:06
2187-PKZAY,Male,0,No,No,12,Yes,Fiber optic,Month-to-month,Bank transfer (automatic),79.95,1043.4,0,0.8166208814376513,1,HIGH RISK,2026-08-30 13:02:06
4003-OCTMP,Female,0,Yes,No,31,Yes,DSL,One year,Electronic check,64.0,1910.75,0,0.2313898849861128,0,LOW RISK,2026-08-30 13:02:06
6652-YFFJO,Female,0,No,No,11,Yes,DSL,Month-to-month,Electronic check,64.9,716.1,0,0.7460621044994418,1,HIGH RISK,2026-08-30 13:02:06
7225-IILWY,Male,0,Yes,Yes,68,Yes,No,Two year,Mailed check,25.75,1686.15,0,0.015703081706876062,0,LOW RISK,2026-08-30 13:02:06
5248-RPYWW,Female,1,Yes,Yes,72,Yes,DSL,Two year,Bank transfer (automatic),90.15,6716.45,0,0.04129702972777729,0,LOW RISK,2026-08-30 13:02:06
7923-IYJWY,Male,1,No,No,67,Yes,Fiber optic,Two year,Credit card (automatic),116.1,7839.85,0,0.16869562914854438,0,LOW RISK,2026-08-30 13:02:06
3170-GWYKC,Female,0,No,No,60,Yes,Fiber optic,Month-to-month,Bank transfer (automatic),104.95,6236.75,0,0.43919624481532005,0,MEDIUM RISK,2026-08-30 13:02:06
5696-QURRL,Male,0,No,No,1,Yes,DSL,Month-to-month,Mailed check,45.05,45.05,1,0.6928560529158296,1,MEDIUM RISK,2026-08-30 13:02:06
7409-KIUTL,Female,1,No,Yes,1,Yes,Fiber optic,Month-to-month,Electronic check,71.0,71.0,1,0.8613721028167998,1,HIGH RISK,2026-08-30 13:02:06
9830-ECLEN,Male,0,Yes,Yes,58,No,DSL,One year,Mailed check,50.0,2919.85,0,0.11120674404955777,0,LOW RISK,2026-08-30 13:02:06
1732-VHUBQ,Female,1,Yes,Yes,47,Yes,Fiber optic,Month-to-month,Bank transfer (automatic),70.55,3309.25,1,0.3271237350283985,0,LOW RISK,2026-08-30 13:02:06
0495-RVCBF,Female,0,No,No,1,Yes,Fiber optic,Month-to-month,Electronic check,79.7,79.7,1,0.9017686225281063,1,HIGH RISK,2026-08-30 13:02:06
2668-TZSPS,Male,0,No,No,1,Yes,No,Month-to-month,Mailed check,20.45,20.45,0,0.39439366682621824,0,LOW RISK,2026-08-30 13:02:06
7854-EDSSA,Male,0,No,No,22,Yes,DSL,Month-to-month,Electronic check,59.0,1254.7,1,0.36752401932039264,0,LOW RISK,2026-08-30 13:02:06
8869-TORSS,Female,0,No,No,48,Yes,DSL,One year,Credit card (automatic),60.35,2896.4,1,0.07353992454459812,0,LOW RISK,2026-08-30 13:02:06
7446-SFAOA,Female,0,Yes,No,37,Yes,No,One year,Bank transfer (automatic),19.85,717.5,0,0.07877235265196338,0,LOW RISK,2026-08-30 13:02:06
9522-ZSINC,Male,0,No,No,13,Yes,No,One year,Electronic check,19.95,253.8,0,0.20558285290129172,0,LOW RISK,2026-08-30 13:02:06
8234-GSZYK,Male,0,No,No,43,Yes,No,Two year,Bank transfer (automatic),26.45,1110.05,0,0.027879080139494045,0,LOW RISK,2026-08-30 13:02:06
6505-OZNPG,Female,0,No,No,6,No,DSL,Two year,Mailed check,63.4,348.8,0,0.3284749018980499,0,LOW RISK,2026-08-30 13:02:06
6164-HAQTX,Male,0,No,No,71,No,DSL,Two year,Bank transfer (automatic),53.95,3888.65,0,0.030035524993348432,0,LOW RISK,2026-08-30 13:02:06
0679-IDSTG,Female,1,Yes,Yes,1,Yes,Fiber optic,Month-to-month,Electronic check,69.25,69.25,1,0.8691288873615292,1,HIGH RISK,2026-08-30 13:02:06
7765-LWVVH,Female,0,Yes,Yes,72,Yes,Fiber optic,Two year,Electronic check,95.1,6843.15,0,0.13282033584871128,0,LOW RISK,2026-08-30 13:02:06
1658-TJVOA,Female,1,No,No,6,Yes,Fiber optic,Month-to-month,Electronic check,74.1,450.9,0,0.8211785646863428,1,HIGH RISK,2026-08-30 13:02:06
0953-LGOVU,Male,0,Yes,Yes,12,No,DSL,Month-to-month,Mailed check,35.5,432.25,0,0.4547093132473991,0,MEDIUM RISK,2026-08-30 13:02:06
2115-BFTIW,Male,0,No,No,25,Yes,Fiber optic,Month-to-month,Mailed check,70.95,1767.35,1,0.5349385321801309,1,MEDIUM RISK,2026-08-30 13:02:06
4692-NNQRU,Female,0,Yes,No,21,Yes,Fiber optic,One year,Electronic check,79.2,1742.45,0,0.3734472870665742,0,LOW RISK,2026-08-30 13:02:06
7742-MYPGI,Female,0,Yes,Yes,6,Yes,DSL,Month-to-month,Mailed check,48.8,297.35,0,0.5404719702765659,1,MEDIUM RISK,2026-08-30 13:02:06
0611-DFXKO,Male,0,Yes,No,20,Yes,Fiber optic,Month-to-month,Mailed check,89.0,1820.45,1,0.7640895626637001,1,HIGH RISK,2026-08-30 13:02:06
7780-OTDSO,Male,0,Yes,No,18,Yes,Fiber optic,Month-to-month,Electronic check,99.4,1742.95,1,0.819055924169278,1,HIGH RISK,2026-08-30 13:02:06
9619-GSATL,Female,0,No,No,43,Yes,DSL,One year,Electronic check,55.45,2444.25,0,0.10687786410680197,0,LOW RISK,2026-08-30 13:02:06
5622-UEJFI,Female,0,Yes,Yes,35,Yes,No,Two year,Credit card (automatic),25.4,949.8,0,0.04580274070735042,0,LOW RISK,2026-08-30 13:02:06
9747-DDZOS,Female,0,No,No,1,Yes,Fiber optic,Month-to-month,Bank transfer (automatic),73.5,73.5,1,0.7668783620081657,1,HIGH RISK,2026-08-30 13:02:06
0674-DGMAQ,Male,1,Yes,No,32,Yes,Fiber optic,Month-to-month,Electronic check,93.5,2970.8,0,0.7992146342484562,1,HIGH RISK,2026-08-30 13:02:06
6203-HBZPA,Male,0,No,No,52,No,DSL,Two year,Credit card (automatic),63.9,3334.95,0,0.08367007464249038,0,LOW RISK,2026-08-30 13:02:06
0484-FFVBJ,Male,0,No,No,32,Yes,DSL,One year,Bank transfer (automatic),64.85,2010.95,0,0.26360278604563164,0,LOW RISK,2026-08-30 13:02:06
0301-FIDRB,Female,0,Yes,Yes,72,No,DSL,Two year,Bank transfer (automatic),63.8,4684.3,0,0.04708583218157009,0,LOW RISK,2026-08-30 13:02:06
4139-JPIAM,Male,0,No,No,51,No,DSL,Month-to-month,Credit card (automatic),44.45,2181.55,0,0.3212623865816644,0,LOW RISK,2026-08-30 13:02:06
2181-TIDSV,Male,0,Yes,Yes,68,Yes,No,Two year,Bank transfer (automatic),19.95,1303.25,0,0.015566468755832919,0,LOW RISK,2026-08-30 13:02:06
2761-XECQW,Male,1,Yes,No,8,No,DSL,Month-to-month,Mailed check,43.35,371.4,0,0.7953251054806542,1,HIGH RISK,2026-08-30 13:02:06
1936-CZAKF,Male,0,Yes,No,49,No,DSL,Two year,Credit card (automatic),49.65,2409.9,0,0.15733672472891036,0,LOW RISK,2026-08-30 13:02:06
9453-PATOS,Female,0,Yes,No,72,Yes,DSL,Two year,Mailed check,85.1,6155.4,0,0.02325227624632425,0,LOW RISK,2026-08-30 13:02:06
0564-JJHGS,Male,0,No,No,9,Yes,Fiber optic,Month-to-month,Electronic check,95.5,829.1,1,0.9274875371476616,1,HIGH RISK,2026-08-30 13:02:06
3348-CFRNX,Female,0,Yes,No,28,Yes,Fiber optic,Month-to-month,Mailed check,92.35,2602.9,1,0.6740476018039218,1,MEDIUM RISK,2026-08-30 13:02:06
4402-FTBXC,Male,0,No,No,54,Yes,Fiber optic,Month-to-month,Mailed check,89.8,4667.0,0,0.4017026573970631,0,MEDIUM RISK,2026-08-30 13:02:06
1428-GTBJJ,Male,0,No,No,11,Yes,Fiber optic,Month-to-month,Electronic check,74.55,824.75,1,0.8110149273815948,1,HIGH RISK,2026-08-30 13:02:06
2931-XIQBR,Female,0,Yes,Yes,50,Yes,Fiber optic,One year,Mailed check,103.05,5153.5,0,0.3094695268689625,0,LOW RISK,2026-08-30 13:02:06
0106-UGRDO,Female,0,Yes,No,69,Yes,Fiber optic,Two year,Electronic check,116.0,8182.85,0,0.19208155893627454,0,LOW RISK,2026-08-30 13:02:06
5542-TBBWB,Male,0,No,No,1,Yes,Fiber optic,Month-to-month,Electronic check,69.9,69.9,0,0.8724116463015797,1,HIGH RISK,2026-08-30 13:02:06
1930-QPBVZ,Male,0,Yes,Yes,68,Yes,Fiber optic,Two year,Bank transfer (automatic),95.1,6683.4,0,0.04766593856379073,0,LOW RISK,2026-08-30 13:02:06
2606-PKWJB,Male,0,No,Yes,40,No,DSL,One year,Mailed check,40.25,1564.05,0,0.06971237322436638,0,LOW RISK,2026-08-30 13:02:06
5322-ZSMZY,Male,0,Yes,Yes,31,Yes,No,Two year,Mailed check,25.75,755.6,0,0.03886947824396594,0,LOW RISK,2026-08-30 13:02:06
8059-UDZFY,Female,1,No,Yes,33,Yes,Fiber optic,Month-to-month,Bank transfer (automatic),105.35,3465.05,0,0.7231973232749154,1,HIGH RISK,2026-08-30 13:02:06
7740-BTPUX,Male,1,Yes,No,55,Yes,Fiber optic,Two year,Electronic check,113.6,6292.7,0,0.3845436595419604,0,LOW RISK,2026-08-30 13:02:06
5220-AGAAX,Male,0,Yes,Yes,68,Yes,No,Two year,Bank transfer (automatic),24.0,1664.3,0,0.021832987842631973,0,LOW RISK,2026-08-30 13:02:06
0208-BPQEJ,Female,0,Yes,Yes,12,Yes,No,Month-to-month,Bank transfer (automatic),19.4,198.1,0,0.24930930953298847,0,LOW RISK,2026-08-30 13:02:06
9435-JMLSX,Male,0,Yes,No,71,Yes,DSL,Two year,Bank transfer (automatic),86.1,6045.9,0,0.032283300353470754,0,LOW RISK,2026-08-30 13:02:06
3352-ALMCK,Male,0,No,No,40,Yes,Fiber optic,Month-to-month,Mailed check,102.65,4108.15,0,0.7080456871758134,1,HIGH RISK,2026-08-30 13:02:06
5312-IRCFR,Female,0,Yes,Yes,64,Yes,Fiber optic,One year,Electronic check,92.85,5980.75,0,0.41063947276065305,0,MEDIUM RISK,2026-08-30 13:02:06
5294-IMHHT,Male,0,Yes,No,53,Yes,Fiber optic,One year,Bank transfer (automatic),97.75,5043.2,0,0.2948276998646471,0,LOW RISK,2026-08-30 13:02:06
8802-UNOJF,Male,1,No,No,12,Yes,Fiber optic,Month-to-month,Mailed check,83.8,1029.75,1,0.7277028480857618,1,HIGH RISK,2026-08-30 13:02:06
6313-GIDIT,Male,1,No,No,53,No,DSL,Month-to-month,Electronic check,54.45,2854.55,1,0.6439287933282356,1,MEDIUM RISK,2026-08-30 13:02:06
6176-YJWAS,Male,0,Yes,No,72,Yes,Fiber optic,Two year,Credit card (automatic),97.95,7114.25,0,0.12607367818603923,0,LOW RISK,2026-08-30 13:02:06
5310-NOOVA,Male,0,No,No,46,Yes,No,Two year,Electronic check,19.95,907.05,0,0.027605863120474344,0,LOW RISK,2026-08-30 13:02:06
4526-EXKKN,Male,0,No,No,40,Yes,No,Two year,Mailed check,24.6,973.95,0,0.04693207503253511,0,LOW RISK,2026-08-30 13:02:06
5311-IHLEI,Male,0,No,No,12,No,DSL,Month-to-month,Bank transfer (automatic),50.95,605.75,0,0.5534549883980101,1,MEDIUM RISK,2026-08-30 13:02:06
3987-KQDDU,Male,0,No,No,9,Yes,Fiber optic,Month-to-month,Electronic check,75.6,661.55,0,0.7098785454663917,1,HIGH RISK,2026-08-30 13:02:06
3404-JNXAX,Female,0,Yes,Yes,51,Yes,Fiber optic,Month-to-month,Electronic check,80.75,4116.9,0,0.5657317514486547,1,MEDIUM RISK,2026-08-30 13:02:06
5131-PONJI,Male,0,Yes,Yes,49,Yes,Fiber optic,Month-to-month,Credit card (automatic),90.4,4494.65,0,0.5487382966107592,1,MEDIUM RISK,2026-08-30 13:02:06
2845-AFFTX,Male,1,Yes,No,41,Yes,Fiber optic,Month-to-month,Electronic check,99.8,4259.3,1,0.8182770081138278,1,HIGH RISK,2026-08-30 13:02:06
3489-VSFRD,Female,0,No,No,56,Yes,DSL,One year,Credit card (automatic),60.25,3282.75,0,0.08865945323168015,0,LOW RISK,2026-08-30 13:02:06
3345-JHUEO,Male,0,No,No,4,Yes,No,Month-to-month,Electronic check,20.2,55.7,0,0.5326563411979081,1,MEDIUM RISK,2026-08-30 13:02:06
5815-HGGHV,Male,0,Yes,No,20,Yes,DSL,One year,Mailed check,64.15,1274.45,0,0.21159967932448107,0,LOW RISK,2026-08-30 13:02:06
5260-UMPWX,Female,0,Yes,Yes,26,Yes,No,Month-to-month,Credit card (automatic),20.25,493.95,0,0.18355969712246073,0,LOW RISK,2026-08-30 13:02:06
2249-YPRNG,Female,0,Yes,Yes,20,Yes,Fiber optic,Month-to-month,Bank transfer (automatic),105.85,2239.65,1,0.7465482018835506,1,HIGH RISK,2026-08-30 13:02:06
7410-YTJIK,Female,0,No,No,7,Yes,Fiber optic,Month-to-month,Mailed check,75.45,480.75,1,0.7773018866892158,1,HIGH RISK,2026-08-30 13:02:06
4626-GYCZP,Male,0,No,No,7,Yes,Fiber optic,Month-to-month,Electronic check,93.85,635.6,1,0.9329481319332754,1,HIGH RISK,2026-08-30 13:02:06
5649-RXQTV,Male,0,No,No,51,Yes,Fiber optic,Month-to-month,Electronic check,99.0,5038.15,0,0.735677698065266,1,HIGH RISK,2026-08-30 13:02:06
2674-MIAHT,Female,0,No,No,4,Yes,Fiber optic,Month-to-month,Mailed check,80.3,324.2,0,0.833198046428185,1,HIGH RISK,2026-08-30 13:02:06
2576-HXMPA,Female,0,No,No,1,Yes,No,Month-to-month,Credit card (automatic),19.55,19.55,0,0.38842046104578437,0,LOW RISK,2026-08-30 13:02:06
7587-AOVVU,Male,0,Yes,Yes,27,Yes,Fiber optic,Month-to-month,Electronic check,100.75,2793.55,0,0.5331953460658595,1,MEDIUM RISK,2026-08-30 13:02:06
5590-BYNII,Male,0,No,No,22,Yes,Fiber optic,Month-to-month,Electronic check,100.75,2095.0,1,0.7855465731212871,1,HIGH RISK,2026-08-30 13:02:06
6898-MDLZW,Male,0,No,No,12,Yes,DSL,Month-to-month,Mailed check,53.75,648.65,0,0.5031445591879895,1,MEDIUM RISK,2026-08-30 13:02:06
3237-AJGEH,Female,0,Yes,Yes,3,No,DSL,Month-to-month,Mailed check,31.0,95.05,1,0.6463801847935725,1,MEDIUM RISK,2026-08-30 13:02:06
4707-YNOQA,Female,0,Yes,Yes,34,Yes,No,One year,Credit card (automatic),25.6,917.15,0,0.09866490413305701,0,LOW RISK,2026-08-30 13:02:06
9357-UJRUN,Male,0,Yes,No,24,Yes,DSL,One year,Electronic check,58.35,1346.9,0,0.24463092960705712,0,LOW RISK,2026-08-30 13:02:06
1591-NFNLQ,Male,0,No,No,51,Yes,Fiber optic,Month-to-month,Credit card (automatic),80.0,4242.35,1,0.5211611775358115,1,MEDIUM RISK,2026-08-30 13:02:06
8648-PFRMP,Female,1,No,No,14,No,DSL,Month-to-month,Electronic check,46.35,672.7,0,0.7987022676666744,1,HIGH RISK,2026-08-30 13:02:06
7663-CUXZB,Male,0,Yes,No,59,Yes,Fiber optic,Two year,Electronic check,113.75,6561.25,0,0.1947622358176879,0,LOW RISK,2026-08-30 13:02:06
0258-NOKBL,Male,0,No,No,3,Yes,Fiber optic,Month-to-month,Electronic check,90.4,268.45,0,0.8445560003321615,1,HIGH RISK,2026-08-30 13:02:06
1163-VIPRI,Female,0,Yes,Yes,65,Yes,Fiber optic,Two year,Electronic check,109.3,7337.55,0,0.1524710587288488,0,LOW RISK,2026-08-30 13:02:06
2815-CPTUL,Male,1,No,No,5,Yes,Fiber optic,Month-to-month,Mailed check,70.25,331.9,1,0.8273723290712844,1,HIGH RISK,2026-08-30 13:02:06
9348-ROUAI,Female,0,Yes,Yes,59,Yes,DSL,Two year,Credit card (automatic),90.3,5194.05,0,0.039044540615612744,0,LOW RISK,2026-08-30 13:02:06
9443-JUBUO,Male,0,Yes,Yes,72,No,DSL,Two year,Credit card (automatic),65.25,4478.85,0,0.03463388944466779,0,LOW RISK,2026-08-30 13:02:06
0596-BQCEQ,Female,0,Yes,Yes,62,Yes,Fiber optic,Month-to-month,Electronic check,100.15,6283.3,1,0.6058054319181276,1,MEDIUM RISK,2026-08-30 13:02:06
1481-ZUWZA,Male,0,No,No,28,Yes,Fiber optic,Month-to-month,Credit card (automatic),94.5,2659.4,1,0.6380511690754228,1,MEDIUM RISK,2026-08-30 13:02:06
3043-TYBNO,Male,0,No,No,3,Yes,DSL,Month-to-month,Mailed check,60.65,196.9,0,0.60635071252928,1,MEDIUM RISK,2026-08-30 13:02:06
4830-FAXFM,Male,0,No,Yes,19,Yes,No,Month-to-month,Credit card (automatic),24.1,439.2,0,0.24971980358228116,0,LOW RISK,2026-08-30 13:02:06
5906-BFOZT,Male,0,No,No,1,Yes,No,Month-to-month,Mailed check,19.5,19.5,0,0.4836164502998237,0,MEDIUM RISK,2026-08-30 13:02:06
2960-NKRSO,Male,0,No,No,24,Yes,Fiber optic,Month-to-month,Electronic check,85.95,2107.15,0,0.5731542182845314,1,MEDIUM RISK,2026-08-30 13:02:06
8996-ZROXE,Male,1,No,No,57,Yes,DSL,One year,Electronic check,53.5,3035.8,0,0.19431461368848366,0,LOW RISK,2026-08-30 13:02:06
5598-IKHQQ,Female,0,No,No,72,Yes,No,Two year,Credit card (automatic),25.45,1866.45,0,0.015616886997884155,0,LOW RISK,2026-08-30 13:02:06
0397-ZXWQF,Male,0,No,No,67,Yes,No,Two year,Bank transfer (automatic),20.5,1430.95,0,0.013745039288908417,0,LOW RISK,2026-08-30 13:02:06
5266-PFRQK,Male,0,Yes,Yes,52,Yes,No,One year,Credit card (automatic),20.85,1071.6,0,0.06251046475671146,0,LOW RISK,2026-08-30 13:02:06
4674-HGNUA,Male,0,Yes,Yes,71,Yes,DSL,Two year,Credit card (automatic),89.9,6457.15,0,0.02731617524075439,0,LOW RISK,2026-08-30 13:02:06
6765-MBQNU,Female,0,Yes,No,26,Yes,No,One year,Mailed check,26.0,684.05,0,0.11579872994221317,0,LOW RISK,2026-08-30 13:02:06
9786-IJYDL,Female,0,No,No,35,Yes,Fiber optic,Two year,Mailed check,113.2,3914.05,0,0.2393031753475237,0,LOW RISK,2026-08-30 13:02:06
1303-SRDOK,Female,0,Yes,Yes,55,Yes,Fiber optic,Two year,Credit card (automatic),69.05,3842.6,0,0.1425104695368558,0,LOW RISK,2026-08-30 13:02:06
3769-MHZNV,Female,0,Yes,Yes,33,Yes,No,Two year,Mailed check,20.1,670.35,0,0.026470182830960743,0,LOW RISK,2026-08-30 13:02:06
6295-OSINB,Male,0,Yes,No,72,Yes,Fiber optic,Two year,Electronic check,109.65,7880.25,0,0.22324240352548422,0,LOW RISK,2026-08-30 13:02:06
3308-MHOOC,Male,0,No,Yes,1,Yes,No,Month-to-month,Mailed check,19.2,19.2,0,0.4325434341157915,0,MEDIUM RISK,2026-08-30 13:02:06
2309-OSFEU,Male,0,No,No,10,No,DSL,Month-to-month,Mailed check,33.9,298.45,1,0.7612149629218071,1,HIGH RISK,2026-08-30 13:02:06
2207-QPJED,Female,1,Yes,No,37,Yes,Fiber optic,Month-to-month,Electronic check,90.0,3371.75,0,0.5805927776440373,1,MEDIUM RISK,2026-08-30 13:02:06
4177-JPDFU,Male,0,No,No,12,No,DSL,Month-to-month,Mailed check,34.0,442.45,0,0.5078142727732589,1,MEDIUM RISK,2026-08-30 13:02:06
2239-CFOUJ,Male,0,Yes,Yes,1,Yes,No,One year,Mailed check,20.4,20.4,0,0.2061534749341347,0,LOW RISK,2026-08-30 13:02:06
8046-DNVTL,Male,0,Yes,No,62,No,DSL,Two year,Credit card (automatic),38.6,2345.55,0,0.04273833773665874,0,LOW RISK,2026-08-30 13:02:06
2209-XADXF,Female,0,No,No,1,No,DSL,Month-to-month,Bank transfer (automatic),25.25,25.25,0,0.6818241671193648,1,MEDIUM RISK,2026-08-30 13:02:06
6620-JDYNW,Female,0,No,No,18,Yes,DSL,Month-to-month,Mailed check,60.6,1156.35,0,0.42882807523072636,0,MEDIUM RISK,2026-08-30 13:02:06
1891-FZYSA,Male,1,Yes,No,69,Yes,Fiber optic,Month-to-month,Electronic check,89.95,6143.15,1,0.6250622832421192,1,MEDIUM RISK,2026-08-30 13:02:06
4770-UEZOX,Male,0,No,No,2,Yes,Fiber optic,Month-to-month,Electronic check,74.75,144.8,0,0.8521446863373896,1,HIGH RISK,2026-08-30 13:02:06
1038-RQOST,Male,0,Yes,Yes,19,Yes,No,Month-to-month,Mailed check,20.6,414.95,0,0.15186358919720147,0,LOW RISK,2026-08-30 13:02:06
7613-LLQFO,Male,0,No,No,12,Yes,Fiber optic,Month-to-month,Electronic check,84.45,1059.55,1,0.89739511435696,1,HIGH RISK,2026-08-30 13:02:06
4568-TTZRT,Male,0,No,No,9,Yes,No,Month-to-month,Mailed check,20.4,181.8,0,0.32251025724790466,0,LOW RISK,2026-08-30 13:02:06
9513-DXHDA,Male,0,No,No,27,Yes,DSL,One year,Electronic check,81.7,2212.55,0,0.1919722167852607,0,LOW RISK,2026-08-30 13:02:06
2640-PMGFL,Male,0,No,Yes,27,Yes,Fiber optic,Month-to-month,Electronic check,79.5,2180.55,1,0.6491998840262171,1,MEDIUM RISK,2026-08-30 13:02:06
3801-HMYNL,Male,0,Yes,Yes,1,Yes,Fiber optic,Month-to-month,Mailed check,89.15,89.15,1,0.8421073001302489,1,HIGH RISK,2026-08-30 13:02:06
0516-QREYC,Female,1,No,No,24,Yes,No,Month-to-month,Mailed check,20.3,459.95,0,0.2203541255074904,0,LOW RISK,2026-08-30 13:02:06
9685-WKZGT,Male,1,No,No,14,Yes,Fiber optic,Month-to-month,Electronic check,74.95,1036.75,1,0.8201175622347476,1,HIGH RISK,2026-08-30 13:02:06
6022-UGGSO,Female,1,No,No,32,Yes,Fiber optic,Month-to-month,Electronic check,74.4,2276.95,1,0.6470922819283356,1,MEDIUM RISK,2026-08-30 13:02:06
8084-OIVBS,Female,0,No,No,11,Yes,No,One year,Mailed check,20.0,211.95,0,0.17002042978675896,0,LOW RISK,2026-08-30 13:02:06
8896-BQTTI,Male,0,No,No,1,Yes,No,Month-to-month,Mailed check,25.0,25.0,0,0.556935246053322,1,MEDIUM RISK,2026-08-30 13:02:06
3865-QBWSJ,Male,1,No,Yes,38,Yes,Fiber optic,Month-to-month,Mailed check,80.45,3162.65,0,0.49017320780580276,0,MEDIUM RISK,2026-08-30 13:02:06
3352-RICWQ,Female,0,Yes,Yes,9,Yes,No,Two year,Mailed check,19.75,210.65,0,0.0792640065268789,0,LOW RISK,2026-08-30 13:02:06
2160-GPFXD,Male,0,Yes,Yes,54,Yes,DSL,Two year,Credit card (automatic),65.65,3566.7,0,0.0343439653401363,0,LOW RISK,2026-08-30 13:02:06
2065-MMKGR,Female,0,No,No,29,Yes,DSL,One year,Credit card (automatic),71.0,2080.1,0,0.3529033901580465,0,LOW RISK,2026-08-30 13:02:06
5857-TYBCJ,Male,1,Yes,No,44,Yes,Fiber optic,Month-to-month,Electronic check,89.2,4040.2,0,0.7429038194187814,1,HIGH RISK,2026-08-30 13:02:06
1498-NHTLT,Male,0,Yes,Yes,59,Yes,DSL,Two year,Electronic check,86.75,5186.0,0,0.058221546327797385,0,LOW RISK,2026-08-30 13:02:06
4484-CGXFK,Female,0,No,No,3,Yes,DSL,Month-to-month,Electronic check,55.3,196.15,1,0.8042046085646792,1,HIGH RISK,2026-08-30 13:02:06
1402-PTHGN,Female,0,Yes,Yes,18,Yes,DSL,One year,Mailed check,61.5,1087.45,0,0.12203490558341056,0,LOW RISK,2026-08-30 13:02:06
4176-RELJR,Male,1,No,No,67,Yes,No,Two year,Credit card (automatic),25.1,1672.15,0,0.022737960618725628,0,LOW RISK,2026-08-30 13:02:06
6214-EDAKZ,Female,0,Yes,Yes,22,Yes,DSL,Month-to-month,Electronic check,55.15,1206.05,1,0.2726019643484864,0,LOW RISK,2026-08-30 13:02:06
5199-FPUSP,Male,0,No,Yes,33,No,DSL,One year,Credit card (automatic),34.05,1113.95,0,0.10020693826483586,0,LOW RISK,2026-08-30 13:02:06
6377-KSLXC,Male,0,No,No,5,Yes,No,Month-to-month,Mailed check,19.95,107.05,0,0.36098962523486017,0,LOW RISK,2026-08-30 13:02:06
1796-JANOW,Female,0,No,No,2,Yes,No,Month-to-month,Mailed check,19.95,38.15,0,0.380304026260481,0,LOW RISK,2026-08-30 13:02:06
0238-WHBIQ,Male,0,Yes,Yes,72,Yes,DSL,Two year,Credit card (automatic),89.7,6339.3,0,0.02595192822632619,0,LOW RISK,2026-08-30 13:02:06
8735-NBLWT,Male,0,No,Yes,9,Yes,No,Month-to-month,Mailed check,20.4,184.1,0,0.27835904794792854,0,LOW RISK,2026-08-30 13:02:06
6651-RLGGM,Male,0,Yes,Yes,67,Yes,No,Two year,Mailed check,26.3,1688.9,0,0.01617236993662231,0,LOW RISK,2026-08-30 13:02:06
6127-ISGTU,Female,0,Yes,No,16,Yes,Fiber optic,Month-to-month,Electronic check,84.95,1378.25,1,0.8323954473688202,1,HIGH RISK,2026-08-30 13:02:06
1614-JBEBI,Female,0,No,No,8,Yes,No,Month-to-month,Mailed check,20.7,137.6,0,0.40094062428468974,0,MEDIUM RISK,2026-08-30 13:02:06
8740-XLHDR,Male,0,No,No,5,No,DSL,Month-to-month,Mailed check,43.25,219.0,1,0.572514621333167,1,MEDIUM RISK,2026-08-30 13:02:06
1208-DNHLN,Male,0,Yes,Yes,23,Yes,DSL,One year,Credit card (automatic),48.35,1067.15,1,0.2648863213336716,0,LOW RISK,2026-08-30 13:02:06
1761-AEZZR,Male,0,No,No,1,Yes,Fiber optic,Month-to-month,Electronic check,79.55,79.55,1,0.9022622529326204,1,HIGH RISK,2026-08-30 13:02:06
3923-CSIHK,Female,1,Yes,No,50,Yes,Fiber optic,Month-to-month,Electronic check,71.05,3444.85,1,0.6482331631639338,1,MEDIUM RISK,2026-08-30 13:02:06
5696-EXCYS,Male,0,No,No,17,Yes,No,Two year,Credit card (automatic),19.45,369.05,0,0.04785861996420671,0,LOW RISK,2026-08-30 13:02:06
5795-KTGUD,Female,0,Yes,No,68,Yes,Fiber optic,Two year,Bank transfer (automatic),110.8,7553.6,0,0.17578865030779678,0,LOW RISK,2026-08-30 13:02:06
7120-RFMVS,Male,0,No,No,1,Yes,Fiber optic,Month-to-month,Electronic check,84.5,84.5,1,0.8985198624884815,1,HIGH RISK,2026-08-30 13:02:06
7924-GJZFI,Female,1,Yes,No,25,Yes,Fiber optic,Month-to-month,Electronic check,69.3,1813.1,0,0.7410641557794814,1,HIGH RISK,2026-08-30 13:02:06
4702-HDRKD,Male,0,No,No,67,No,DSL,One year,Bank transfer (automatic),49.35,3321.35,0,0.11025320693727074,0,LOW RISK,2026-08-30 13:02:06
8512-WIWYV,Male,0,No,No,32,Yes,No,One year,Credit card (automatic),20.35,707.5,0,0.07020884930276976,0,LOW RISK,2026-08-30 13:02:06
5897-ZYEKH,Female,1,Yes,No,67,Yes,Fiber optic,One year,Electronic check,105.6,7112.15,0,0.45349756237649713,0,MEDIUM RISK,2026-08-30 13:02:06
5456-ITGIC,Male,1,Yes,No,72,No,DSL,Two year,Credit card (automatic),64.45,4641.1,0,0.06937573063527128,0,LOW RISK,2026-08-30 13:02:06
7317-GGVPB,Male,0,Yes,No,71,Yes,Fiber optic,Two year,Credit card (automatic),108.6,7690.9,1,0.18566038844105445,0,LOW RISK,2026-08-30 13:02:06
1406-PUQVY,Male,0,No,Yes,1,Yes,DSL,Month-to-month,Electronic check,49.9,49.9,0,0.695541174246793,1,MEDIUM RISK,2026-08-30 13:02:06
1322-AGOQM,Male,0,No,No,46,No,DSL,Month-to-month,Bank transfer (automatic),30.3,1380.1,1,0.2185392266736625,0,LOW RISK,2026-08-30 13:02:06
3677-IYRBF,Female,1,No,No,2,No,DSL,Month-to-month,Electronic check,30.4,78.65,1,0.8413691256970095,1,HIGH RISK,2026-08-30 13:02:06
5692-FPTAH,Female,0,No,No,1,Yes,DSL,Month-to-month,Mailed check,45.4,45.4,1,0.685906502115842,1,MEDIUM RISK,2026-08-30 13:02:06
9114-AAFQH,Female,0,Yes,No,48,Yes,DSL,One year,Electronic check,65.65,3094.65,0,0.1664638503493269,0,LOW RISK,2026-08-30 13:02:06
8715-KKTFG,Female,0,Yes,No,61,Yes,Fiber optic,One year,Bank transfer (automatic),103.3,6518.35,0,0.43599681439795696,0,MEDIUM RISK,2026-08-30 13:02:06
1550-LOAHA,Female,0,Yes,No,32,Yes,Fiber optic,Month-to-month,Bank transfer (automatic),84.15,2585.95,1,0.5186414852426703,1,MEDIUM RISK,2026-08-30 13:02:06
1728-BQDMA,Female,0,No,No,2,Yes,DSL,Month-to-month,Electronic check,44.45,82.7,0,0.6799136632580565,1,MEDIUM RISK,2026-08-30 13:02:06
0268-QKIWO,Female,0,No,No,3,Yes,No,Month-to-month,Electronic check,19.75,58.85,1,0.45736597409667334,0,MEDIUM RISK,2026-08-30 13:02:06
0876-WDUUZ,Female,0,No,No,5,Yes,Fiber optic,Month-to-month,Credit card (automatic),85.4,425.9,1,0.8036657134735667,1,HIGH RISK,2026-08-30 13:02:06
5117-ZSMHQ,Female,0,Yes,Yes,71,Yes,DSL,Two year,Bank transfer (automatic),89.9,6342.7,0,0.025549380791837998,0,LOW RISK,2026-08-30 13:02:06
5151-HQRDG,Male,0,Yes,No,37,Yes,DSL,Month-to-month,Mailed check,55.05,2030.75,0,0.319793130063976,0,LOW RISK,2026-08-30 13:02:06
0960-HUWBM,Male,0,Yes,Yes,65,Yes,Fiber optic,Two year,Bank transfer (automatic),104.1,6700.05,0,0.19536259249711746,0,LOW RISK,2026-08-30 13:02:06
6465-GSRCL,Female,0,No,Yes,67,Yes,Fiber optic,One year,Bank transfer (automatic),106.6,7244.7,0,0.28638796020186386,0,LOW RISK,2026-08-30 13:02:06
0617-FHSGK,Male,0,No,Yes,49,Yes,Fiber optic,Month-to-month,Credit card (automatic),75.2,3678.3,1,0.47421365062819804,0,MEDIUM RISK,2026-08-30 13:02:06
0263-FJTQO,Male,0,Yes,Yes,50,Yes,DSL,Two year,Credit card (automatic),70.5,3486.65,0,0.05960811887830017,0,LOW RISK,2026-08-30 13:02:06
7319-ZNRTR,Male,0,Yes,Yes,25,Yes,No,One year,Electronic check,19.6,411.15,0,0.104380931686356,0,LOW RISK,2026-08-30 13:02:06
2858-MOFSQ,Female,0,No,Yes,17,Yes,DSL,One year,Mailed check,55.85,937.5,1,0.2969735230406286,0,LOW RISK,2026-08-30 13:02:06
7503-EPSZW,Female,0,Yes,Yes,64,Yes,No,Two year,Mailed check,24.05,1559.15,0,0.02587225139845715,0,LOW RISK,2026-08-30 13:02:06
7089-XXAYG,Male,0,Yes,No,25,No,DSL,One year,Credit card (automatic),38.1,970.4,0,0.42422311847461347,0,MEDIUM RISK,2026-08-30 13:02:06
8118-LSUEL,Male,1,No,No,23,Yes,Fiber optic,Month-to-month,Electronic check,106.4,2483.5,1,0.8464983664108434,1,HIGH RISK,2026-08-30 13:02:06
8070-AAWZP,Male,1,Yes,No,24,No,DSL,Month-to-month,Mailed check,34.25,828.2,0,0.3766854390732653,0,LOW RISK,2026-08-30 13:02:06
1666-JXLKU,Female,0,No,No,37,Yes,Fiber optic,Month-to-month,Electronic check,100.05,3810.55,0,0.8037939427855991,1,HIGH RISK,2026-08-30 13:02:06
7855-DIWPO,Female,0,No,No,21,Yes,Fiber optic,Month-to-month,Electronic check,68.65,1493.2,0,0.6909606679834771,1,MEDIUM RISK,2026-08-30 13:02:06
5133-POWUA,Male,0,No,No,1,Yes,DSL,Month-to-month,Mailed check,45.8,45.8,0,0.6899435629785586,1,MEDIUM RISK,2026-08-30 13:02:06
5652-MSDEY,Female,0,No,No,10,Yes,Fiber optic,Month-to-month,Mailed check,75.75,777.3,0,0.822575607122013,1,HIGH RISK,2026-08-30 13:02:06
7005-CCBKV,Male,0,No,No,6,Yes,Fiber optic,Month-to-month,Electronic check,84.4,556.35,1,0.877973968434575,1,HIGH RISK,2026-08-30 13:02:06
1810-BOHSY,Male,0,Yes,No,51,Yes,Fiber optic,One year,Credit card (automatic),96.4,4911.05,0,0.3837289695429178,0,LOW RISK,2026-08-30 13:02:06
1784-BXEFA,Female,0,No,No,10,Yes,No,Month-to-month,Mailed check,20.55,187.35,0,0.3844396343051872,0,LOW RISK,2026-08-30 13:02:06
7351-MHQVU,Female,0,No,No,6,No,DSL,Month-to-month,Credit card (automatic),50.95,307.6,0,0.5311221799339524,1,MEDIUM RISK,2026-08-30 13:02:06
9224-VTYID,Male,0,Yes,Yes,47,Yes,DSL,Two year,Mailed check,90.5,4318.35,0,0.053178588373920366,0,LOW RISK,2026-08-30 13:02:06
9500-IWPXQ,Female,0,Yes,Yes,61,Yes,DSL,One year,Electronic check,79.4,4820.55,0,0.1118438579116938,0,LOW RISK,2026-08-30 13:02:06
5762-TJXGK,Female,0,No,No,52,No,DSL,Two year,Bank transfer (automatic),58.75,3038.55,0,0.13784097438980306,0,LOW RISK,2026-08-30 13:02:06
4504-YOULA,Female,0,Yes,Yes,35,Yes,DSL,Month-to-month,Credit card (automatic),59.45,2136.9,0,0.2624786597442196,0,LOW RISK,2026-08-30 13:02:06
5569-IDSEY,Male,0,Yes,No,71,Yes,Fiber optic,One year,Bank transfer (automatic),105.7,7472.15,0,0.3815500822307615,0,LOW RISK,2026-08-30 13:02:06
4250-FDVOU,Female,0,No,No,6,Yes,DSL,Month-to-month,Electronic check,56.25,389.1,1,0.5291489103925554,1,MEDIUM RISK,2026-08-30 13:02:06
7284-ZZLOH,Male,0,Yes,No,45,Yes,DSL,Two year,Credit card (automatic),53.3,2296.25,0,0.038194722993723944,0,LOW RISK,2026-08-30 13:02:06
5277-ZLOOR,Female,1,No,No,2,Yes,Fiber optic,Month-to-month,Electronic check,85.55,187.45,1,0.9332432219501462,1,HIGH RISK,2026-08-30 13:02:06
2141-RRYGO,Female,0,No,No,4,Yes,DSL,Month-to-month,Bank transfer (automatic),68.65,261.25,1,0.6905607687239944,1,MEDIUM RISK,2026-08-30 13:02:06
1777-JYQPJ,Male,0,No,No,2,No,DSL,Month-to-month,Mailed check,24.3,38.45,0,0.6887158265060003,1,MEDIUM RISK,2026-08-30 13:02:06
6376-GAHQE,Male,0,No,No,4,Yes,Fiber optic,Month-to-month,Electronic check,77.85,299.2,1,0.856680294553724,1,HIGH RISK,2026-08-30 13:02:06
3401-URHDA,Male,0,No,No,51,Yes,DSL,One year,Credit card (automatic),59.9,3043.6,0,0.10357916852385925,0,LOW RISK,2026-08-30 13:02:06
1599-EAHXY,Male,0,Yes,Yes,60,Yes,No,One year,Credit card (automatic),23.95,1506.4,0,0.04698652848118297,0,LOW RISK,2026-08-30 13:02:06
8631-XVRZL,Male,0,No,No,9,Yes,No,One year,Mailed check,20.15,163.7,0,0.24186598031917442,0,LOW RISK,2026-08-30 13:02:06
5052-PNLOS,Male,0,No,No,3,Yes,Fiber optic,Month-to-month,Bank transfer (automatic),105.35,323.25,1,0.9050224506407185,1,HIGH RISK,2026-08-30 13:02:06
3853-LYGAM,Male,0,No,No,17,Yes,Fiber optic,Month-to-month,Bank transfer (automatic),95.65,1640.0,0,0.7121122924606356,1,HIGH RISK,2026-08-30 13:02:06
6979-ZNSFF,Female,0,No,No,8,Yes,Fiber optic,Month-to-month,Electronic check,87.05,762.1,1,0.9051134329837565,1,HIGH RISK,2026-08-30 13:02:06
5751-USDBL,Male,0,Yes,Yes,46,Yes,DSL,Two year,Mailed check,81.0,3846.35,0,0.03261724183178553,0,LOW RISK,2026-08-30 13:02:06
5680-LQOGP,Female,0,No,No,68,Yes,DSL,Two year,Credit card (automatic),82.45,5646.6,0,0.036988488472276766,0,LOW RISK,2026-08-30 13:02:06
2386-LAHRK,Male,0,No,No,1,Yes,DSL,Month-to-month,Mailed check,53.5,53.5,1,0.7568545507497346,1,HIGH RISK,2026-08-30 13:02:06
8189-DUKMV,Female,0,Yes,No,4,Yes,No,One year,Bank transfer (automatic),20.5,79.05,0,0.20897702840676266,0,LOW RISK,2026-08-30 13:02:06
6032-IGALN,Female,0,No,No,1,No,DSL,Month-to-month,Mailed check,25.1,25.1,1,0.7607760988211133,1,HIGH RISK,2026-08-30 13:02:06
9931-DCEZH,Male,0,No,Yes,28,Yes,DSL,One year,Credit card (automatic),54.4,1516.6,0,0.1466971079211369,0,LOW RISK,2026-08-30 13:02:06
1898-JSNDC,Female,0,No,No,39,Yes,DSL,One year,Credit card (automatic),58.6,2224.5,0,0.1993240841027735,0,LOW RISK,2026-08-30 13:02:06
0315-LVCRK,Male,0,No,No,11,Yes,Fiber optic,Month-to-month,Electronic check,84.8,888.75,0,0.8249787745854285,1,HIGH RISK,2026-08-30 13:02:06
3911-RSNHI,Female,0,Yes,No,71,No,DSL,Two year,Credit card (automatic),61.4,4310.35,0,0.08101686704079146,0,LOW RISK,2026-08-30 13:02:06
2410-CIYFZ,Male,0,No,Yes,2,Yes,No,Month-to-month,Mailed check,20.4,42.9,0,0.3374404729108289,0,LOW RISK,2026-08-30 13:02:06
4248-HCETZ,Male,1,Yes,No,30,Yes,Fiber optic,Month-to-month,Mailed check,79.65,2365.15,1,0.602815588926591,1,MEDIUM RISK,2026-08-30 13:02:06
5505-OVWQW,Female,0,No,No,17,Yes,No,One year,Mailed check,20.15,353.65,0,0.09711756045267411,0,LOW RISK,2026-08-30 13:02:06
7271-AJDTL,Female,0,Yes,No,55,Yes,Fiber optic,Month-to-month,Credit card (automatic),94.45,5073.1,0,0.6174472731763551,1,MEDIUM RISK,2026-08-30 13:02:06
1867-TJHTS,Female,0,No,No,58,Yes,Fiber optic,Month-to-month,Bank transfer (automatic),79.8,4526.85,0,0.4283386501151777,0,MEDIUM RISK,2026-08-30 13:02:06
0516-WJVXC,Female,0,No,No,5,Yes,DSL,Month-to-month,Electronic check,54.2,308.25,1,0.5072135990105829,1,MEDIUM RISK,2026-08-30 13:02:06
9174-FKWZE,Female,1,No,No,1,Yes,No,Month-to-month,Electronic check,19.45,19.45,1,0.6037814633740762,1,MEDIUM RISK,2026-08-30 13:02:06
6860-YRJZP,Male,1,No,No,9,Yes,Fiber optic,Month-to-month,Electronic check,74.05,678.45,0,0.8943153649157599,1,HIGH RISK,2026-08-30 13:02:06
4429-WYGFR,Male,0,No,No,26,Yes,DSL,Month-to-month,Bank transfer (automatic),49.15,1237.3,0,0.2712967572062893,0,LOW RISK,2026-08-30 13:02:06
2817-LVCPP,Female,0,No,No,50,Yes,No,Two year,Credit card (automatic),19.4,1023.95,0,0.02698899411875974,0,LOW RISK,2026-08-30 13:02:06
5038-ETMLM,Female,0,Yes,No,72,Yes,Fiber optic,Two year,Bank transfer (automatic),113.65,8182.75,0,0.1278704098980273,0,LOW RISK,2026-08-30 13:02:06
5056-FIMPT,Female,0,No,Yes,43,Yes,Fiber optic,One year,Credit card (automatic),106.0,4532.3,0,0.22384193621326057,0,LOW RISK,2026-08-30 13:02:06
4521-WFJAI,Male,0,No,No,56,Yes,No,Two year,Bank transfer (automatic),25.95,1444.05,0,0.03947373197345765,0,LOW RISK,2026-08-30 13:02:06
6569-KTMDU,Female,0,No,No,1,Yes,No,Month-to-month,Mailed check,19.1,19.1,0,0.39403199093485486,0,LOW RISK,2026-08-30 13:02:06
8809-RIHDD,Male,0,Yes,Yes,72,Yes,Fiber optic,Two year,Electronic check,103.4,7372.65,1,0.25074923284611594,0,LOW RISK,2026-08-30 13:02:06
8809-XKHMD,Male,0,Yes,No,72,Yes,Fiber optic,Two year,Bank transfer (automatic),100.55,7325.1,0,0.09317463387472578,0,LOW RISK,2026-08-30 13:02:06
0396-YCHWO,Male,0,Yes,No,36,Yes,Fiber optic,Month-to-month,Electronic check,95.4,3474.2,0,0.8129173640017475,1,HIGH RISK,2026-08-30 13:02:06
0867-LDTTC,Male,0,No,No,5,Yes,DSL,Month-to-month,Bank transfer (automatic),75.15,392.65,0,0.5743910773820742,1,MEDIUM RISK,2026-08-30 13:02:06
4822-NGOCH,Female,0,No,No,13,Yes,Fiber optic,Month-to-month,Electronic check,84.45,1058.6,1,0.7780166621352328,1,HIGH RISK,2026-08-30 13:02:06
9391-DXGGG,Female,1,No,No,44,Yes,Fiber optic,One year,Credit card (automatic),89.15,3990.75,0,0.29535050661688744,0,LOW RISK,2026-08-30 13:02:06
9844-FELAJ,Female,1,Yes,Yes,70,Yes,Fiber optic,One year,Electronic check,107.9,7475.85,0,0.41110575616513917,0,MEDIUM RISK,2026-08-30 13:02:06
2122-SZZZD,Male,0,No,No,44,Yes,No,One year,Credit card (automatic),19.5,835.5,0,0.04510507383604035,0,LOW RISK,2026-08-30 13:02:06
5307-DZCVC,Female,1,Yes,No,32,Yes,Fiber optic,Month-to-month,Credit card (automatic),85.95,2628.6,1,0.7290757316351094,1,HIGH RISK,2026-08-30 13:02:06
3148-AOIQT,Female,0,Yes,No,69,Yes,No,Two year,Credit card (automatic),24.95,1718.35,0,0.025509970649467462,0,LOW RISK,2026-08-30 13:02:06
8679-JOEVF,Female,1,No,No,16,Yes,DSL,Month-to-month,Electronic check,59.4,1023.9,1,0.51057901093433,1,MEDIUM RISK,2026-08-30 13:02:06
8395-ETZKQ,Male,1,Yes,Yes,68,Yes,No,One year,Bank transfer (automatic),19.5,1193.55,0,0.028131874365931658,0,LOW RISK,2026-08-30 13:02:06
6692-YQHXC,Male,0,No,No,16,Yes,Fiber optic,Month-to-month,Credit card (automatic),69.95,1205.5,0,0.6541893256440636,1,MEDIUM RISK,2026-08-30 13:02:06
3889-VWBID,Male,0,Yes,Yes,68,Yes,DSL,Two year,Bank transfer (automatic),82.85,5776.45,0,0.02015846933863148,0,LOW RISK,2026-08-30 13:02:06
5222-JCXZT,Male,0,No,No,4,Yes,No,Month-to-month,Mailed check,19.0,78.9,0,0.3734227817719875,0,LOW RISK,2026-08-30 13:02:06
9754-CLVZW,Female,0,Yes,Yes,26,No,DSL,Month-to-month,Credit card (automatic),38.85,1025.15,0,0.21620836764383525,0,LOW RISK,2026-08-30 13:02:06
1432-FPAXX,Female,0,No,No,29,No,DSL,Month-to-month,Electronic check,30.6,856.35,1,0.5225399338710925,1,MEDIUM RISK,2026-08-30 13:02:06
2739-CCZMB,Male,0,No,Yes,5,Yes,No,Month-to-month,Credit card (automatic),20.35,122.0,0,0.31105886154305296,0,LOW RISK,2026-08-30 13:02:06
7080-TNUWP,Male,0,Yes,No,70,Yes,Fiber optic,One year,Bank transfer (automatic),95.0,6602.9,0,0.3111469618396379,0,LOW RISK,2026-08-30 13:02:06
0496-AHOOK,Male,0,Yes,No,24,Yes,DSL,One year,Bank transfer (automatic),74.4,1712.9,0,0.13136235131996857,0,LOW RISK,2026-08-30 13:02:06
8336-TAVKX,Female,1,Yes,No,72,Yes,DSL,Two year,Bank transfer (automatic),78.45,5682.25,0,0.02639769331333594,0,LOW RISK,2026-08-30 13:02:06
2468-SJFLM,Male,0,No,No,1,Yes,Fiber optic,Month-to-month,Mailed check,74.3,74.3,0,0.7853543322271951,1,HIGH RISK,2026-08-30 13:02:06
3181-VTHOE,Male,0,Yes,No,70,No,DSL,One year,Bank transfer (automatic),51.05,3635.15,0,0.12781878307631325,0,LOW RISK,2026-08-30 13:02:06
7168-HDQHG,Female,0,Yes,Yes,36,Yes,No,Month-to-month,Bank transfer (automatic),19.2,702.9,0,0.09807307433458817,0,LOW RISK,2026-08-30 13:02:06
4803-AXVYP,Female,1,No,No,38,Yes,Fiber optic,Month-to-month,Electronic check,99.55,3734.25,1,0.7728587159777517,1,HIGH RISK,2026-08-30 13:02:06
3884-HCSWG,Female,0,No,No,17,Yes,Fiber optic,Month-to-month,Electronic check,70.0,1144.5,1,0.7117656336756945,1,HIGH RISK,2026-08-30 13:02:06
4567-AKPIA,Female,0,Yes,Yes,41,Yes,Fiber optic,One year,Bank transfer (automatic),109.1,4454.25,0,0.39117159213082303,0,LOW RISK,2026-08-30 13:02:06
5077-DXTCG,Female,0,No,No,1,Yes,DSL,Month-to-month,Electronic check,45.3,45.3,1,0.7564067512519609,1,HIGH RISK,2026-08-30 13:02:06
1142-WACZW,Male,0,No,No,2,No,DSL,Month-to-month,Bank transfer (automatic),29.85,75.6,1,0.6224032676949189,1,MEDIUM RISK,2026-08-30 13:02:06
7901-HXJVA,Male,0,No,No,14,Yes,Fiber optic,Month-to-month,Electronic check,76.45,1117.55,0,0.6702316197970282,1,MEDIUM RISK,2026-08-30 13:02:06
5649-ANRML,Male,1,No,No,2,Yes,Fiber optic,Month-to-month,Credit card (automatic),95.1,180.25,1,0.8285077682641682,1,HIGH RISK,2026-08-30 13:02:06
4892-VLANZ,Male,0,No,No,1,Yes,No,Month-to-month,Mailed check,19.8,19.8,1,0.3972227889871986,0,LOW RISK,2026-08-30 13:02:06
5924-IFQTT,Male,0,Yes,Yes,13,Yes,DSL,Month-to-month,Electronic check,72.8,930.05,0,0.5152985630507566,1,MEDIUM RISK,2026-08-30 13:02:06
7968-QUXNS,Male,0,No,No,6,Yes,No,Month-to-month,Mailed check,18.95,110.15,0,0.35430093190459966,0,LOW RISK,2026-08-30 13:02:06
2919-HBCJO,Female,0,No,No,4,Yes,Fiber optic,Month-to-month,Bank transfer (automatic),76.65,333.6,1,0.7784011247789447,1,HIGH RISK,2026-08-30 13:02:06
4236-XPXAV,Female,0,Yes,Yes,5,Yes,Fiber optic,Month-to-month,Mailed check,99.15,465.05,1,0.8047413648427443,1,HIGH RISK,2026-08-30 13:02:06
8903-WMRNW,Female,0,Yes,No,15,Yes,Fiber optic,Month-to-month,Electronic check,101.75,1669.4,0,0.7235885362697968,1,HIGH RISK,2026-08-30 13:02:06
2452-SNHFZ,Female,0,No,No,47,Yes,Fiber optic,Month-to-month,Credit card (automatic),75.45,3545.1,0,0.26270552831407684,0,LOW RISK,2026-08-30 13:02:06
3629-WEAAM,Female,0,No,No,8,Yes,DSL,Month-to-month,Mailed check,64.1,504.05,0,0.5594632245772743,1,MEDIUM RISK,2026-08-30 13:02:06
6029-CSMJE,Male,0,No,No,17,No,DSL,Month-to-month,Mailed check,25.65,440.2,0,0.5348081888618592,1,MEDIUM RISK,2026-08-30 13:02:06
7993-NQLJE,Male,0,Yes,Yes,15,Yes,Fiber optic,Month-to-month,Mailed check,75.1,1151.55,0,0.44526372930567765,0,MEDIUM RISK,2026-08-30 13:02:06
9909-DFRJA,Female,0,No,No,26,Yes,Fiber optic,One year,Bank transfer (automatic),95.85,2475.35,0,0.3404907286489516,0,LOW RISK,2026-08-30 13:02:06
9099-FTUHS,Female,0,No,No,23,Yes,DSL,Month-to-month,Electronic check,54.4,1249.25,0,0.3820114940996812,0,LOW RISK,2026-08-30 13:02:06
0581-BXBUB,Female,1,No,No,4,Yes,Fiber optic,Month-to-month,Electronic check,72.75,317.75,0,0.8232370351855707,1,HIGH RISK,2026-08-30 13:02:06
4962-CHQPW,Male,0,No,Yes,29,Yes,No,One year,Mailed check,19.85,535.05,0,0.06373452858330467,0,LOW RISK,2026-08-30 13:02:06
9467-ROOLM,Female,0,No,No,25,Yes,No,Month-to-month,Mailed check,19.05,461.3,0,0.170277945848302,0,LOW RISK,2026-08-30 13:02:06
3030-YZADT,Male,0,No,No,9,Yes,DSL,Month-to-month,Mailed check,44.95,431.0,1,0.5444790436971495,1,MEDIUM RISK,2026-08-30 13:02:06
7410-KTVFV,Male,0,Yes,No,18,Yes,DSL,Month-to-month,Mailed check,49.55,878.35,1,0.4578292014638924,0,MEDIUM RISK,2026-08-30 13:02:06
5150-ITWWB,Male,1,No,No,3,Yes,Fiber optic,Month-to-month,Electronic check,94.85,335.75,0,0.952217688000343,1,HIGH RISK,2026-08-30 13:02:06
2253-KPMNB,Female,0,Yes,Yes,69,No,DSL,Two year,Bank transfer (automatic),46.25,3121.4,0,0.0183286812590819,0,LOW RISK,2026-08-30 13:02:06
1345-ZUKID,Male,0,No,No,14,Yes,No,One year,Mailed check,19.35,324.8,0,0.11320894211529377,0,LOW RISK,2026-08-30 13:02:06
6429-SHBCB,Male,0,No,No,19,Yes,DSL,Month-to-month,Mailed check,69.6,1394.55,0,0.5078293057120412,1,MEDIUM RISK,2026-08-30 13:02:06
9281-OFDMF,Male,1,No,No,39,Yes,Fiber optic,Month-to-month,Electronic check,90.7,3413.25,0,0.6643740460506252,1,MEDIUM RISK,2026-08-30 13:02:06
2603-HVKCG,Male,0,No,No,31,Yes,Fiber optic,Month-to-month,Electronic check,101.4,3143.65,0,0.7639141395607979,1,HIGH RISK,2026-08-30 13:02:06
1834-WULEG,Male,0,Yes,Yes,24,Yes,No,One year,Mailed check,20.25,439.75,0,0.06485138887275427,0,LOW RISK,2026-08-30 13:02:06
9097-ZUBYC,Male,0,Yes,No,14,Yes,DSL,Month-to-month,Bank transfer (automatic),48.8,664.4,0,0.33243003658687986,0,LOW RISK,2026-08-30 13:02:06
5148-ORICT,Female,0,Yes,No,64,Yes,DSL,Two year,Mailed check,74.35,4759.55,0,0.03147030635942316,0,LOW RISK,2026-08-30 13:02:06
4893-GYUJU,Female,0,No,No,50,Yes,No,One year,Mailed check,19.35,1033.0,0,0.08087287916356929,0,LOW RISK,2026-08-30 13:02:06
4578-PHJYZ,Male,0,Yes,Yes,52,Yes,DSL,One year,Electronic check,68.75,3482.85,0,0.15387942777598984,0,LOW RISK,2026-08-30 13:02:06
7272-QDCKA,Male,0,No,No,28,Yes,Fiber optic,One year,Electronic check,100.2,2688.45,0,0.6177295949364177,1,MEDIUM RISK,2026-08-30 13:02:06
8908-SLFCJ,Female,0,No,No,21,Yes,No,Two year,Credit card (automatic),20.85,435.25,0,0.05406112250733114,0,LOW RISK,2026-08-30 13:02:06
8393-DLHGA,Male,0,No,Yes,25,Yes,Fiber optic,Month-to-month,Electronic check,95.9,2448.75,1,0.7598345749142282,1,HIGH RISK,2026-08-30 13:02:06
9766-HGEDE,Female,0,Yes,No,17,Yes,No,One year,Mailed check,19.35,307.0,0,0.10067150718734912,0,LOW RISK,2026-08-30 13:02:06
6968-MHOMU,Male,0,Yes,No,58,No,DSL,One year,Credit card (automatic),45.0,2689.35,0,0.3231733225337716,0,LOW RISK,2026-08-30 13:02:06
7395-IGJOS,Male,1,Yes,No,17,Yes,Fiber optic,Month-to-month,Bank transfer (automatic),81.5,1329.2,1,0.66401756147387,1,MEDIUM RISK,2026-08-30 13:02:06
5044-XDPYX,Female,0,Yes,No,51,Yes,No,Two year,Mailed check,25.5,1281.25,0,0.03615189781922804,0,LOW RISK,2026-08-30 13:02:06
1814-WFGVS,Male,0,Yes,Yes,72,No,DSL,Two year,Mailed check,48.9,3527.0,0,0.028245289331248317,0,LOW RISK,2026-08-30 13:02:06
2834-SPCJV,Male,0,Yes,No,52,Yes,Fiber optic,Month-to-month,Electronic check,84.1,4348.65,1,0.515446791747218,1,MEDIUM RISK,2026-08-30 13:02:06
3721-WKIIL,Female,0,No,No,27,Yes,No,Two year,Mailed check,19.6,561.15,0,0.05463376189231235,0,LOW RISK,2026-08-30 13:02:06
6734-CKRSM,Female,0,No,No,3,Yes,No,Month-to-month,Mailed check,20.0,63.6,0,0.37267445228489887,0,LOW RISK,2026-08-30 13:02:06
1265-ZFOSD,Female,0,Yes,No,64,Yes,DSL,Two year,Mailed check,81.3,5129.3,0,0.041364482899006405,0,LOW RISK,2026-08-30 13:02:06
6568-POCUI,Female,0,Yes,No,45,Yes,Fiber optic,Two year,Credit card (automatic),95.2,4285.8,0,0.20346806892933067,0,LOW RISK,2026-08-30 13:02:06
7890-VYYWG,Male,1,Yes,No,3,No,DSL,Month-to-month,Mailed check,36.45,93.7,1,0.8253239443663769,1,HIGH RISK,2026-08-30 13:02:06
5197-LQXXH,Female,0,Yes,No,71,Yes,DSL,Two year,Credit card (automatic),83.3,5894.5,0,0.06439887368868823,0,LOW RISK,2026-08-30 13:02:06
9907-SWKKF,Female,1,No,No,1,No,DSL,Month-to-month,Mailed check,25.05,25.05,1,0.7258338559934553,1,HIGH RISK,2026-08-30 13:02:06
3457-PQBYH,Female,0,Yes,Yes,58,Yes,No,Two year,Credit card (automatic),20.3,1160.75,0,0.01633724911461369,0,LOW RISK,2026-08-30 13:02:06
7682-AZNDK,Male,0,Yes,Yes,34,Yes,Fiber optic,Month-to-month,Electronic check,89.85,3091.75,0,0.6432340529653104,1,MEDIUM RISK,2026-08-30 13:02:06
0587-DMGBH,Female,0,No,No,8,Yes,DSL,Month-to-month,Electronic check,49.85,365.55,1,0.6202488910458358,1,MEDIUM RISK,2026-08-30 13:02:06
5384-ZTTWP,Female,0,Yes,Yes,15,Yes,No,Month-to-month,Mailed check,19.8,272.95,0,0.16964646253202062,0,LOW RISK,2026-08-30 13:02:06
3745-HRPHI,Male,0,Yes,Yes,66,No,DSL,Two year,Bank transfer (automatic),54.65,3632.0,0,0.06529399469095057,0,LOW RISK,2026-08-30 13:02:06
7636-OWBPG,Male,1,No,No,12,No,DSL,Month-to-month,Credit card (automatic),29.35,381.2,0,0.6896823085441697,1,MEDIUM RISK,2026-08-30 13:02:06
1231-YNDEK,Male,0,No,No,58,Yes,No,Two year,Bank transfer (automatic),19.15,1035.5,0,0.027408860609416566,0,LOW RISK,2026-08-30 13:02:06
1407-DIGZV,Female,0,Yes,Yes,3,Yes,No,Two year,Mailed check,19.1,52.0,0,0.09739392471782765,0,LOW RISK,2026-08-30 13:02:06
6397-JNZZG,Female,1,Yes,No,43,No,DSL,Month-to-month,Credit card (automatic),55.55,2342.2,1,0.42892245948012486,0,MEDIUM RISK,2026-08-30 13:02:06
0570-BFQHT,Female,0,No,No,9,Yes,Fiber optic,Month-to-month,Electronic check,80.55,653.9,0,0.7506186958784962,1,HIGH RISK,2026-08-30 13:02:06
4393-OBCRR,Female,0,No,No,3,Yes,No,One year,Mailed check,20.25,71.2,0,0.22089421734515566,0,LOW RISK,2026-08-30 13:02:06
3523-QRQLL,Female,0,Yes,Yes,22,Yes,DSL,One year,Bank transfer (automatic),69.5,1498.2,1,0.23521852527475604,0,LOW RISK,2026-08-30 13:02:06
8564-LDKFL,Male,0,Yes,No,40,Yes,Fiber optic,One year,Bank transfer (automatic),106.0,4178.65,0,0.5170176254837971,1,MEDIUM RISK,2026-08-30 13:02:06
3696-DFHHB,Female,0,No,No,68,Yes,No,Two year,Bank transfer (automatic),25.5,1821.8,0,0.017748280200638393,0,LOW RISK,2026-08-30 13:02:06
0895-DQHEW,Male,0,Yes,No,54,Yes,Fiber optic,Month-to-month,Electronic check,104.3,5278.15,1,0.7730867202569426,1,HIGH RISK,2026-08-30 13:02:06
4717-GHADL,Female,0,No,No,50,Yes,DSL,Two year,Mailed check,79.6,4024.2,0,0.12109883646824011,0,LOW RISK,2026-08-30 13:02:06
5501-TVMGM,Male,0,No,No,1,Yes,DSL,Month-to-month,Electronic check,55.25,55.25,0,0.8141340571773356,1,HIGH RISK,2026-08-30 13:02:06
5879-HMFFH,Female,0,Yes,No,72,Yes,DSL,Two year,Bank transfer (automatic),88.05,6520.8,0,0.03180611955046377,0,LOW RISK,2026-08-30 13:02:06
6772-WFQRD,Male,0,No,Yes,40,Yes,No,One year,Bank transfer (automatic),20.4,854.9,0,0.05745868976784493,0,LOW RISK,2026-08-30 13:02:06
3810-DVDQQ,Female,0,Yes,Yes,72,Yes,Fiber optic,Two year,Bank transfer (automatic),117.6,8308.9,0,0.09936931477655128,0,LOW RISK,2026-08-30 13:02:06
6972-SNKKW,Female,0,No,No,6,Yes,No,Month-to-month,Mailed check,20.0,109.2,0,0.3430449523327361,0,LOW RISK,2026-08-30 13:02:06
3694-GLTJM,Female,0,No,No,5,Yes,No,Month-to-month,Credit card (automatic),19.65,92.05,0,0.4325721329670069,0,MEDIUM RISK,2026-08-30 13:02:06
8550-XSXUQ,Male,0,Yes,No,48,Yes,DSL,One year,Credit card (automatic),70.55,3420.5,0,0.16507630157104394,0,LOW RISK,2026-08-30 13:02:06
8149-RSOUN,Female,0,No,No,1,Yes,Fiber optic,Month-to-month,Electronic check,93.85,93.85,1,0.9442592066588519,1,HIGH RISK,2026-08-30 13:02:06
9055-MOJJJ,Female,0,Yes,Yes,64,Yes,DSL,One year,Mailed check,65.8,4068.0,0,0.04028608867417883,0,LOW RISK,2026-08-30 13:02:06
4359-INNWN,Female,0,No,No,17,Yes,No,One year,Credit card (automatic),20.05,337.9,0,0.09560904027469307,0,LOW RISK,2026-08-30 13:02:06
0585-EGDDA,Male,0,Yes,No,40,Yes,Fiber optic,Month-to-month,Electronic check,80.0,3168.75,0,0.5647953341730297,1,MEDIUM RISK,2026-08-30 13:02:06
4032-RMHCI,Female,0,Yes,Yes,41,No,DSL,One year,Credit card (automatic),35.4,1412.4,0,0.09777757889750104,0,LOW RISK,2026-08-30 13:02:06
0549-CYCQN,Male,1,No,No,51,Yes,Fiber optic,One year,Bank transfer (automatic),79.6,3974.7,0,0.41428189713147784,0,MEDIUM RISK,2026-08-30 13:02:06
3481-JHUZH,Male,0,Yes,No,41,Yes,Fiber optic,Month-to-month,Electronic check,80.25,3439.0,0,0.6314317323890168,1,MEDIUM RISK,2026-08-30 13:02:06
7250-EQKIY,Female,0,Yes,Yes,1,Yes,DSL,Month-to-month,Mailed check,50.45,50.45,1,0.5667464652885595,1,MEDIUM RISK,2026-08-30 13:02:06
3594-IVHJZ,Female,0,No,No,2,Yes,No,Month-to-month,Mailed check,20.45,42.45,0,0.4637394606576069,0,MEDIUM RISK,2026-08-30 13:02:06
6869-FGJJC,Male,0,No,No,68,Yes,Fiber optic,One year,Credit card (automatic),79.6,5461.45,0,0.15303862534592785,0,LOW RISK,2026-08-30 13:02:06
3896-ZVNET,Female,0,Yes,Yes,24,Yes,No,Two year,Mailed check,24.7,571.75,0,0.04064481682987954,0,LOW RISK,2026-08-30 13:02:06
8205-VSLRB,Male,0,Yes,No,70,Yes,DSL,Two year,Credit card (automatic),77.3,5498.2,0,0.02710337189911138,0,LOW RISK,2026-08-30 13:02:06
5960-MVTUK,Male,0,No,No,3,No,DSL,Month-to-month,Electronic check,29.75,96.85,0,0.7659517294835416,1,HIGH RISK,2026-08-30 13:02:06
6817-WTYHE,Male,0,No,No,2,Yes,DSL,Month-to-month,Bank transfer (automatic),44.9,111.05,0,0.6046776384769894,1,MEDIUM RISK,2026-08-30 13:02:06
3082-VQXNH,Male,0,Yes,No,3,No,DSL,Month-to-month,Credit card (automatic),29.8,94.4,0,0.6596378127818854,1,MEDIUM RISK,2026-08-30 13:02:06
4013-UBXWQ,Female,0,No,No,7,Yes,DSL,Month-to-month,Electronic check,74.65,521.1,1,0.7740079413987431,1,HIGH RISK,2026-08-30 13:02:06
4931-TRZWN,Female,0,No,No,13,Yes,DSL,Month-to-month,Electronic check,71.95,923.85,0,0.5457506115372892,1,MEDIUM RISK,2026-08-30 13:02:06
0750-EKNGL,Male,0,No,No,7,Yes,No,Month-to-month,Mailed check,20.75,141.1,0,0.3381257208843326,0,LOW RISK,2026-08-30 13:02:06
7669-LCRSD,Male,0,Yes,Yes,12,Yes,DSL,Month-to-month,Mailed check,56.3,628.65,0,0.6182406514839843,1,MEDIUM RISK,2026-08-30 13:02:06
3567-PQTSO,Male,0,Yes,Yes,53,Yes,Fiber optic,One year,Electronic check,105.25,5576.3,0,0.5825202523061843,1,MEDIUM RISK,2026-08-30 13:02:06
5519-NPHVG,Female,0,No,No,12,Yes,Fiber optic,Month-to-month,Electronic check,94.2,1046.1,1,0.9186753904991667,1,HIGH RISK,2026-08-30 13:02:06
8043-PNYSD,Male,0,Yes,Yes,63,Yes,No,Two year,Mailed check,19.55,1245.6,0,0.014234331854844021,0,LOW RISK,2026-08-30 13:02:06
9938-EKRGF,Female,0,No,No,15,Yes,DSL,Month-to-month,Mailed check,84.45,1287.85,0,0.28409478328734383,0,LOW RISK,2026-08-30 13:02:06
2703-AMTUL,Male,0,Yes,Yes,36,Yes,DSL,One year,Mailed check,53.65,1939.35,0,0.08122386514806984,0,LOW RISK,2026-08-30 13:02:06
0928-JMXNP,Male,1,Yes,No,4,No,DSL,Month-to-month,Electronic check,29.9,118.25,0,0.8357923959302076,1,HIGH RISK,2026-08-30 13:02:06
8173-RXAYP,Female,0,Yes,Yes,24,Yes,No,Two year,Mailed check,19.7,452.55,0,0.030151012183942373,0,LOW RISK,2026-08-30 13:02:06
4825-XJGDM,Female,0,No,No,61,No,DSL,One year,Credit card (automatic),43.7,2696.55,0,0.06713100577456985,0,LOW RISK,2026-08-30 13:02:06
5402-HTOTQ,Male,0,No,No,16,Yes,DSL,Month-to-month,Electronic check,55.3,875.35,0,0.5076894869846564,1,MEDIUM RISK,2026-08-30 13:02:06
6734-JDTTV,Male,0,Yes,Yes,65,Yes,No,Two year,Credit card (automatic),19.85,1267.05,0,0.0180916249396263,0,LOW RISK,2026-08-30 13:02:06
7850-THJMU,Female,0,Yes,Yes,26,Yes,No,Two year,Credit card (automatic),19.65,494.9,0,0.03358226174206638,0,LOW RISK,2026-08-30 13:02:06
3890-RTCMS,Male,0,No,No,16,Yes,DSL,Month-to-month,Mailed check,49.45,799.0,0,0.39687379409952,0,LOW RISK,2026-08-30 13:02:06
8849-GYOKR,Female,0,Yes,No,54,Yes,Fiber optic,One year,Bank transfer (automatic),106.55,5763.3,1,0.3409183214000116,0,LOW RISK,2026-08-30 13:02:06
3148-BLQJT,Male,0,No,No,1,Yes,No,Month-to-month,Mailed check,20.1,20.1,1,0.39591617392215606,0,LOW RISK,2026-08-30 13:02:06
3717-FDJFU,Male,0,No,Yes,5,Yes,No,Two year,Mailed check,20.45,106.9,0,0.08884150939159546,0,LOW RISK,2026-08-30 13:02:06
3665-JATSN,Female,0,No,No,19,No,DSL,Month-to-month,Electronic check,39.7,710.05,0,0.6480421261545183,1,MEDIUM RISK,2026-08-30 13:02:06
7966-YOTQW,Male,0,No,No,10,Yes,DSL,Month-to-month,Credit card (automatic),54.5,568.2,0,0.6020366558537565,1,MEDIUM RISK,2026-08-30 13:02:06
0461-CVKMU,Female,0,Yes,Yes,23,Yes,Fiber optic,Month-to-month,Electronic check,83.8,1900.25,1,0.45102170796390006,0,MEDIUM RISK,2026-08-30 13:02:06
8806-EAGWC,Male,0,No,No,3,Yes,DSL,Month-to-month,Mailed check,55.15,159.15,1,0.6630985208834186,1,MEDIUM RISK,2026-08-30 13:02:06
8853-TZDGH,Female,0,No,No,72,Yes,Fiber optic,Two year,Bank transfer (automatic),111.6,8012.75,0,0.161456956195096,0,LOW RISK,2026-08-30 13:02:06
7779-LGOVN,Male,1,Yes,No,10,Yes,Fiber optic,Month-to-month,Electronic check,86.65,856.65,1,0.9168724160212787,1,HIGH RISK,2026-08-30 13:02:06
4324-BZCKL,Female,0,Yes,Yes,10,Yes,DSL,Month-to-month,Mailed check,55.55,551.3,0,0.5366466887683808,1,MEDIUM RISK,2026-08-30 13:02:06
6924-TDGMT,Male,0,Yes,No,11,Yes,No,One year,Mailed check,20.55,184.95,0,0.23133499368450378,0,LOW RISK,2026-08-30 13:02:06
9710-ZUSHQ,Female,1,No,No,37,Yes,Fiber optic,Month-to-month,Bank transfer (automatic),106.75,4056.75,1,0.6562203123215645,1,MEDIUM RISK,2026-08-30 13:02:06
1536-YHDOE,Male,0,Yes,Yes,17,Yes,DSL,One year,Mailed check,62.1,1096.65,0,0.1865272602404701,0,LOW RISK,2026-08-30 13:02:06
8123-QBNAZ,Female,0,Yes,Yes,36,Yes,Fiber optic,Month-to-month,Credit card (automatic),104.5,3684.95,0,0.6276157561902121,1,MEDIUM RISK,2026-08-30 13:02:06
3629-ZNKXA,Male,1,No,No,17,Yes,Fiber optic,Month-to-month,Electronic check,101.8,1752.45,0,0.8316970235690183,1,HIGH RISK,2026-08-30 13:02:06
4827-LTQRJ,Female,1,Yes,Yes,66,Yes,Fiber optic,One year,Credit card (automatic),110.6,7210.85,0,0.2668272061347167,0,LOW RISK,2026-08-30 13:02:06
7711-YIJWC,Male,0,Yes,Yes,61,Yes,DSL,One year,Bank transfer (automatic),84.9,5264.5,0,0.058601534182998335,0,LOW RISK,2026-08-30 13:02:06
5482-VXSXJ,Male,0,No,No,22,Yes,Fiber optic,Month-to-month,Mailed check,93.2,2157.3,0,0.7258804200780439,1,HIGH RISK,2026-08-30 13:02:06
7365-BVCJH,Male,0,No,No,1,No,DSL,Month-to-month,Electronic check,24.4,24.4,0,0.8243313747212874,1,HIGH RISK,2026-08-30 13:02:06
9620-ENEJV,Female,0,No,No,6,Yes,Fiber optic,Month-to-month,Credit card (automatic),70.55,433.95,0,0.7305830825337722,1,HIGH RISK,2026-08-30 13:02:06
4183-WCSEP,Male,0,No,No,31,Yes,Fiber optic,Month-to-month,Electronic check,78.45,2435.15,1,0.5652342722308096,1,MEDIUM RISK,2026-08-30 13:02:06
2378-YIZKA,Female,0,Yes,Yes,68,Yes,DSL,Two year,Credit card (automatic),85.0,5607.75,0,0.029430893222179774,0,LOW RISK,2026-08-30 13:02:06
5498-TXHLF,Female,0,Yes,Yes,34,Yes,Fiber optic,Month-to-month,Electronic check,87.45,2874.15,1,0.6609176542474315,1,MEDIUM RISK,2026-08-30 13:02:06
0689-DSXGL,Female,0,Yes,Yes,52,Yes,Fiber optic,Month-to-month,Bank transfer (automatic),85.8,4433.3,0,0.28396123196413353,0,LOW RISK,2026-08-30 13:02:06
6818-DJXAA,Female,0,No,Yes,10,Yes,Fiber optic,Month-to-month,Electronic check,91.1,964.35,0,0.8026835055953315,1,HIGH RISK,2026-08-30 13:02:06
9722-UJOJR,Male,0,Yes,Yes,29,Yes,Fiber optic,Month-to-month,Electronic check,70.75,1974.8,1,0.6236062354994801,1,MEDIUM RISK,2026-08-30 13:02:06
0464-WJTKO,Female,0,Yes,Yes,72,Yes,No,Two year,Bank transfer (automatic),20.1,1460.85,0,0.009276563114493498,0,LOW RISK,2026-08-30 13:02:06
8902-ZEOVF,Male,0,Yes,Yes,47,Yes,No,One year,Mailed check,20.05,951.55,0,0.03435590159899923,0,LOW RISK,2026-08-30 13:02:06
6778-EICRF,Male,0,Yes,Yes,24,Yes,DSL,One year,Mailed check,74.8,1821.2,0,0.18972561808193364,0,LOW RISK,2026-08-30 13:02:06
2662-NNTDK,Male,0,No,No,65,Yes,No,One year,Credit card (automatic),24.8,1600.95,0,0.04523424688590548,0,LOW RISK,2026-08-30 13:02:06
4132-KALRO,Female,0,No,No,4,Yes,Fiber optic,Month-to-month,Mailed check,100.85,399.25,0,0.8858308067429491,1,HIGH RISK,2026-08-30 13:02:06
3902-FOIGH,Male,1,Yes,No,12,Yes,Fiber optic,Month-to-month,Electronic check,101.35,1218.55,1,0.9250846301863884,1,HIGH RISK,2026-08-30 13:02:06
6772-KSATR,Male,0,No,No,1,Yes,Fiber optic,Month-to-month,Electronic check,81.7,81.7,1,0.8607941875123247,1,HIGH RISK,2026-08-30 13:02:06
7112-OPOTK,Male,0,No,No,33,Yes,Fiber optic,Month-to-month,Electronic check,68.25,2171.15,1,0.5575969717709868,1,MEDIUM RISK,2026-08-30 13:02:06
2874-YXVVA,Female,0,No,No,34,Yes,Fiber optic,Month-to-month,Electronic check,105.1,3634.8,0,0.689538472163956,1,MEDIUM RISK,2026-08-30 13:02:06
1245-HARPS,Female,0,Yes,No,14,Yes,No,Two year,Mailed check,20.4,292.4,0,0.05348588809536706,0,LOW RISK,2026-08-30 13:02:06
4210-QFJMF,Female,0,No,No,4,Yes,Fiber optic,Month-to-month,Electronic check,79.15,317.25,1,0.8928083451348798,1,HIGH RISK,2026-08-30 13:02:06
4323-ELYYB,Male,0,Yes,Yes,13,Yes,No,One year,Mailed check,20.0,218.55,0,0.09645270222401235,0,LOW RISK,2026-08-30 13:02:06
4293-ETKAP,Female,0,Yes,Yes,65,Yes,DSL,Two year,Bank transfer (automatic),79.4,5071.9,0,0.0597373125289682,0,LOW RISK,2026-08-30 13:02:06
6064-PUPMC,Male,0,Yes,Yes,23,Yes,DSL,One year,Credit card (automatic),57.2,1423.35,0,0.08667149344854494,0,LOW RISK,2026-08-30 13:02:06
6504-VBLFL,Male,0,Yes,No,55,Yes,DSL,Two year,Electronic check,58.6,3068.6,0,0.05578048022985529,0,LOW RISK,2026-08-30 13:02:06
6322-PJJDJ,Male,0,Yes,No,49,Yes,Fiber optic,Two year,Electronic check,94.8,4690.65,0,0.3926945543408944,0,LOW RISK,2026-08-30 13:02:06
0330-BGYZE,Male,0,Yes,No,60,Yes,Fiber optic,One year,Bank transfer (automatic),102.5,6157.6,0,0.4019784812762849,0,MEDIUM RISK,2026-08-30 13:02:06
1085-LDWAM,Female,0,Yes,Yes,69,Yes,No,One year,Credit card (automatic),20.35,1442.65,0,0.03270953002987202,0,LOW RISK,2026-08-30 13:02:06
7586-ZATGZ,Male,0,No,No,40,Yes,Fiber optic,Month-to-month,Electronic check,84.9,3369.05,0,0.7218751501755443,1,HIGH RISK,2026-08-30 13:02:06
7197-VOJMM,Male,0,Yes,No,67,Yes,DSL,Two year,Credit card (automatic),69.2,4671.65,0,0.02797379648936959,0,LOW RISK,2026-08-30 13:02:06
3318-OSATS,Male,1,No,No,35,Yes,Fiber optic,Month-to-month,Electronic check,95.45,3474.05,1,0.8382238724937644,1,HIGH RISK,2026-08-30 13:02:06
5828-AVIPD,Male,0,Yes,Yes,19,Yes,Fiber optic,One year,Electronic check,100.95,1875.55,1,0.6410617366471999,1,MEDIUM RISK,2026-08-30 13:02:06
1843-TLSGD,Female,0,Yes,Yes,13,Yes,No,Two year,Mailed check,20.85,272.35,0,0.04499683360801656,0,LOW RISK,2026-08-30 13:02:06
9626-VFRGG,Female,0,No,Yes,41,Yes,Fiber optic,Month-to-month,Bank transfer (automatic),88.5,3645.05,0,0.5486196003056274,1,MEDIUM RISK,2026-08-30 13:02:06
7075-BNDVQ,Female,0,No,No,4,No,DSL,Month-to-month,Mailed check,35.0,135.75,0,0.5826299854967719,1,MEDIUM RISK,2026-08-30 13:02:06
9143-CANJF,Female,0,Yes,Yes,24,Yes,DSL,Month-to-month,Electronic check,55.15,1319.85,0,0.21458696052545004,0,LOW RISK,2026-08-30 13:02:06
7284-BUYEC,Female,0,No,No,5,No,DSL,Month-to-month,Credit card (automatic),50.95,229.4,0,0.8082521312773333,1,HIGH RISK,2026-08-30 13:02:06
2041-JIJCI,Female,0,No,No,5,Yes,DSL,Month-to-month,Electronic check,64.0,370.25,0,0.8233583279523627,1,HIGH RISK,2026-08-30 13:02:06
1086-LXKFY,Female,0,Yes,Yes,1,Yes,Fiber optic,Month-to-month,Mailed check,69.1,69.1,1,0.7996373726018247,1,HIGH RISK,2026-08-30 13:02:06
4900-MSOMT,Female,0,Yes,Yes,72,Yes,DSL,Two year,Bank transfer (automatic),80.2,5714.2,0,0.01731162926282509,0,LOW RISK,2026-08-30 13:02:06
2229-VWQJH,Female,0,No,No,24,Yes,DSL,Month-to-month,Credit card (automatic),49.3,1233.25,0,0.3886399756821352,0,LOW RISK,2026-08-30 13:02:06
9194-GFVOI,Female,0,Yes,No,42,Yes,DSL,Two year,Credit card (automatic),84.35,3571.6,0,0.0602431680979803,0,LOW RISK,2026-08-30 13:02:06
1336-EZFZY,Female,0,No,No,4,Yes,No,Month-to-month,Mailed check,20.05,83.3,0,0.36299320640561805,0,LOW RISK,2026-08-30 13:02:06
4282-MSACW,Male,0,No,No,68,Yes,Fiber optic,One year,Credit card (automatic),117.2,8035.95,0,0.2659454157146217,0,LOW RISK,2026-08-30 13:02:06
1403-LKLIK,Female,0,Yes,Yes,33,Yes,No,One year,Mailed check,20.1,579.4,0,0.054891546990048064,0,LOW RISK,2026-08-30 13:02:06
2636-ALXXZ,Female,1,No,No,1,Yes,Fiber optic,Month-to-month,Electronic check,69.6,69.6,1,0.8873143928218309,1,HIGH RISK,2026-08-30 13:02:06
7774-OJSXI,Male,0,No,No,31,Yes,Fiber optic,One year,Electronic check,103.45,3066.45,1,0.6829525851836672,1,MEDIUM RISK,2026-08-30 13:02:06
7786-WBJYI,Female,0,No,No,4,Yes,Fiber optic,Month-to-month,Bank transfer (automatic),77.95,305.55,1,0.7773246671372124,1,HIGH RISK,2026-08-30 13:02:06
0136-IFMYD,Male,1,Yes,No,69,Yes,Fiber optic,Two year,Electronic check,109.95,7634.25,0,0.29011353436330456,0,LOW RISK,2026-08-30 13:02:06
5144-TVGLP,Male,1,No,No,38,Yes,Fiber optic,Month-to-month,Electronic check,94.75,3653.0,0,0.7671259495495304,1,HIGH RISK,2026-08-30 13:02:06
9643-AVVWI,Female,0,Yes,Yes,3,Yes,Fiber optic,Month-to-month,Electronic check,80.0,241.3,0,0.7742899758652146,1,HIGH RISK,2026-08-30 13:02:06
0253-ZTEOB,Female,0,Yes,Yes,48,Yes,DSL,Two year,Electronic check,79.65,3870.3,0,0.06968409952178918,0,LOW RISK,2026-08-30 13:02:06
2706-QZIHY,Female,0,Yes,No,15,Yes,No,Two year,Mailed check,25.2,387.9,0,0.06907053766847114,0,LOW RISK,2026-08-30 13:02:06
6061-PQHMK,Female,0,No,No,25,Yes,No,One year,Credit card (automatic),19.9,527.5,0,0.08721005496823304,0,LOW RISK,2026-08-30 13:02:06
9885-CSMWE,Female,1,No,No,1,Yes,Fiber optic,Month-to-month,Electronic check,78.45,78.45,1,0.8841459017207963,1,HIGH RISK,2026-08-30 13:02:06
6137-MFAJN,Female,0,No,No,48,No,DSL,Month-to-month,Electronic check,44.8,2104.55,0,0.33842112209528535,0,LOW RISK,2026-08-30 13:02:06
9122-UMROB,Male,0,No,No,1,Yes,No,Month-to-month,Mailed check,20.3,20.3,0,0.39504592076503553,0,LOW RISK,2026-08-30 13:02:06
4232-JGKIY,Male,0,No,No,1,Yes,No,Month-to-month,Electronic check,19.2,19.2,0,0.4860233046597023,0,MEDIUM RISK,2026-08-30 13:02:06
2402-TAIRZ,Female,0,No,No,37,Yes,Fiber optic,One year,Electronic check,80.05,3019.1,0,0.31653011738223913,0,LOW RISK,2026-08-30 13:02:06
9659-ZTWSM,Male,1,Yes,No,66,Yes,Fiber optic,One year,Bank transfer (automatic),107.35,7051.95,0,0.4090231018158723,0,MEDIUM RISK,2026-08-30 13:02:06
9139-TWBAS,Female,0,Yes,No,26,No,DSL,One year,Bank transfer (automatic),47.85,1190.5,0,0.2240314229978263,0,LOW RISK,2026-08-30 13:02:06
6685-GBWJZ,Male,0,Yes,No,63,Yes,DSL,One year,Credit card (automatic),70.8,4448.8,0,0.04700766072624595,0,LOW RISK,2026-08-30 13:02:06
5016-ETTFF,Male,0,No,No,10,No,DSL,Month-to-month,Mailed check,29.5,255.25,1,0.6212131132466552,1,MEDIUM RISK,2026-08-30 13:02:06
3866-MDTUB,Female,0,No,No,2,Yes,DSL,Month-to-month,Electronic check,70.75,146.9,1,0.7337995940420113,1,HIGH RISK,2026-08-30 13:02:06
2195-VVRJF,Male,1,Yes,No,18,Yes,DSL,Month-to-month,Credit card (automatic),59.1,1011.05,0,0.4798223329746417,0,MEDIUM RISK,2026-08-30 13:02:06
3913-RDSJZ,Female,0,Yes,No,64,Yes,No,Two year,Mailed check,25.55,1714.95,0,0.022344684844332417,0,LOW RISK,2026-08-30 13:02:06
8058-JMEQO,Female,1,No,No,9,Yes,Fiber optic,Month-to-month,Electronic check,84.45,762.5,1,0.9183061469960069,1,HIGH RISK,2026-08-30 13:02:06
4203-QGNZA,Female,0,No,Yes,28,Yes,No,Month-to-month,Mailed check,20.25,535.35,0,0.12612331210457667,0,LOW RISK,2026-08-30 13:02:06
5043-TRZWM,Female,0,No,No,1,Yes,Fiber optic,Month-to-month,Electronic check,75.55,75.55,0,0.824866750073036,1,HIGH RISK,2026-08-30 13:02:06
0697-ZMSWS,Male,0,No,No,4,Yes,Fiber optic,Month-to-month,Electronic check,85.65,338.9,1,0.9182589544719619,1,HIGH RISK,2026-08-30 13:02:06
7657-DYEPJ,Male,1,No,No,38,Yes,DSL,One year,Credit card (automatic),70.15,2497.35,1,0.14366745958185437,0,LOW RISK,2026-08-30 13:02:06
9494-BDNNC,Male,0,Yes,No,66,Yes,Fiber optic,One year,Electronic check,95.3,6273.4,0,0.35843331567107845,0,LOW RISK,2026-08-30 13:02:06
1640-PLFMP,Female,0,No,No,1,Yes,Fiber optic,Month-to-month,Electronic check,70.25,70.25,0,0.8687552075118982,1,HIGH RISK,2026-08-30 13:02:06
5366-OBVMR,Female,0,Yes,No,18,Yes,DSL,Month-to-month,Mailed check,50.3,908.75,0,0.3772889953933126,0,LOW RISK,2026-08-30 13:02:06
8276-MQBYC,Male,1,No,No,51,Yes,Fiber optic,Month-to-month,Electronic check,97.8,4913.3,1,0.8359437790563571,1,HIGH RISK,2026-08-30 13:02:06
7644-OMVMY,Male,0,Yes,Yes,0,Yes,No,Two year,Mailed check,19.85,0.0,0,0.10341400388571664,0,LOW RISK,2026-08-30 13:02:06
7593-XFKDI,Male,0,No,No,1,Yes,DSL,Month-to-month,Mailed check,46.3,46.3,1,0.6093837794802103,1,MEDIUM RISK,2026-08-30 13:02:06
4573-JKNAE,Male,0,No,Yes,12,Yes,No,Two year,Bank transfer (automatic),19.35,212.3,0,0.06665344699717178,0,LOW RISK,2026-08-30 13:02:06
0337-CNPZE,Female,0,No,No,41,Yes,Fiber optic,Month-to-month,Electronic check,106.3,4443.45,1,0.7555825985480314,1,HIGH RISK,2026-08-30 13:02:06
9817-APLHW,Male,0,No,No,12,Yes,No,Month-to-month,Electronic check,25.0,316.2,0,0.45271433914800163,0,MEDIUM RISK,2026-08-30 13:02:06
8380-MQINP,Female,0,Yes,Yes,55,Yes,No,Two year,Mailed check,20.3,1079.05,0,0.0185707910182093,0,LOW RISK,2026-08-30 13:02:06
0840-DFEZH,Female,0,No,No,7,Yes,Fiber optic,Month-to-month,Electronic check,75.35,564.65,0,0.8803034579593788,1,HIGH RISK,2026-08-30 13:02:06
1513-XNPPH,Female,0,No,No,12,Yes,Fiber optic,Month-to-month,Electronic check,89.4,1095.65,1,0.8296693778372172,1,HIGH RISK,2026-08-30 13:02:06
8690-ZVLCL,Female,0,Yes,Yes,68,Yes,DSL,Two year,Credit card (automatic),88.0,6161.9,0,0.030658389524686185,0,LOW RISK,2026-08-30 13:02:06
6015-VVHHE,Female,1,No,No,5,Yes,Fiber optic,Month-to-month,Credit card (automatic),83.15,446.05,1,0.9003969829527784,1,HIGH RISK,2026-08-30 13:02:06
1125-SNVCK,Female,1,No,No,49,Yes,DSL,Month-to-month,Mailed check,43.8,2106.05,0,0.29279329506761637,0,LOW RISK,2026-08-30 13:02:06
0384-LPITE,Male,0,No,No,40,No,DSL,One year,Credit card (automatic),62.05,2511.55,0,0.18809020507696547,0,LOW RISK,2026-08-30 13:02:06
4616-EWBNJ,Female,0,No,No,16,Yes,No,One year,Bank transfer (automatic),20.1,318.6,0,0.09627224819826531,0,LOW RISK,2026-08-30 13:02:06
6347-DCUIK,Male,0,No,No,10,Yes,Fiber optic,Month-to-month,Mailed check,74.15,811.8,1,0.8332576192927812,1,HIGH RISK,2026-08-30 13:02:06
1335-HQMKX,Female,0,Yes,No,72,Yes,Fiber optic,One year,Electronic check,101.35,7323.15,0,0.4802572097417372,0,MEDIUM RISK,2026-08-30 13:02:06
2545-EBUPK,Female,1,No,No,2,Yes,Fiber optic,Month-to-month,Electronic check,84.05,186.05,0,0.936491570047255,1,HIGH RISK,2026-08-30 13:02:06
6923-AQONU,Male,0,Yes,Yes,23,Yes,No,Two year,Mailed check,20.9,454.0,0,0.03144763899459399,0,LOW RISK,2026-08-30 13:02:06
2172-EJXVF,Female,1,No,No,71,Yes,Fiber optic,One year,Electronic check,105.9,7521.95,0,0.5037701903837218,1,MEDIUM RISK,2026-08-30 13:02:06
0897-FEGMU,Female,0,Yes,No,11,Yes,Fiber optic,Month-to-month,Electronic check,99.5,1056.95,1,0.9254103253527206,1,HIGH RISK,2026-08-30 13:02:06
7663-RGWBC,Male,0,No,No,1,Yes,DSL,Month-to-month,Mailed check,44.15,44.15,1,0.6963308397140267,1,MEDIUM RISK,2026-08-30 13:02:06
1120-BMWUB,Female,0,No,No,16,Yes,DSL,Month-to-month,Mailed check,53.9,834.15,1,0.36129351185505876,0,LOW RISK,2026-08-30 13:02:06
9124-LHCJQ,Female,0,No,No,1,Yes,Fiber optic,Month-to-month,Mailed check,85.45,85.45,1,0.896280577767175,1,HIGH RISK,2026-08-30 13:02:06
4536-PLEQY,Male,0,Yes,No,12,Yes,Fiber optic,Month-to-month,Credit card (automatic),85.05,999.8,0,0.8013495790876703,1,HIGH RISK,2026-08-30 13:02:06
7029-IJEJK,Female,0,No,No,54,No,DSL,One year,Bank transfer (automatic),44.1,2369.7,0,0.11989669426488087,0,LOW RISK,2026-08-30 13:02:06
8871-JLMHM,Female,0,Yes,No,68,Yes,Fiber optic,Two year,Credit card (automatic),90.2,6297.65,0,0.08050811772174275,0,LOW RISK,2026-08-30 13:02:06
2235-ZGKPT,Female,0,Yes,Yes,4,Yes,DSL,Month-to-month,Mailed check,50.85,239.55,1,0.6165282918573978,1,MEDIUM RISK,2026-08-30 13:02:06
3891-PUQOD,Female,0,No,Yes,1,Yes,DSL,Month-to-month,Electronic check,59.2,59.2,1,0.7158317256017318,1,HIGH RISK,2026-08-30 13:02:06
5447-VYTKW,Male,0,No,No,27,Yes,DSL,Month-to-month,Mailed check,53.45,1461.45,0,0.21067839573042305,0,LOW RISK,2026-08-30 13:02:06
3623-FQBOX,Male,0,No,No,21,Yes,No,Month-to-month,Mailed check,19.95,416.4,0,0.2191204897463245,0,LOW RISK,2026-08-30 13:02:06
0689-NKYLF,Male,0,No,No,13,Yes,Fiber optic,Month-to-month,Electronic check,83.2,1060.6,1,0.8064992236121137,1,HIGH RISK,2026-08-30 13:02:06
8659-HDIYE,Female,1,No,No,64,Yes,DSL,Month-to-month,Credit card (automatic),74.65,4869.35,0,0.19053231441939825,0,LOW RISK,2026-08-30 13:02:06
3658-KIBGF,Female,0,No,No,1,Yes,DSL,Month-to-month,Electronic check,54.9,54.9,1,0.6548150952589071,1,MEDIUM RISK,2026-08-30 13:02:06
3474-BAFSJ,Male,0,Yes,No,57,No,DSL,Two year,Bank transfer (automatic),57.5,3265.95,0,0.13549388559364223,0,LOW RISK,2026-08-30 13:02:06
5519-YLDGW,Female,0,Yes,No,21,Yes,Fiber optic,Month-to-month,Electronic check,103.9,2254.2,1,0.8072466606456192,1,HIGH RISK,2026-08-30 13:02:06
3865-ZFZIB,Male,0,No,No,19,Yes,No,Two year,Mailed check,19.65,358.15,0,0.04433063646859228,0,LOW RISK,2026-08-30 13:02:06
1855-AGAWH,Male,0,Yes,No,31,Yes,Fiber optic,One year,Electronic check,93.8,2939.8,0,0.65349326120894,1,MEDIUM RISK,2026-08-30 13:02:06
7109-CQYUZ,Male,0,No,No,52,Yes,DSL,Two year,Mailed check,89.25,4652.4,0,0.08637876458621294,0,LOW RISK,2026-08-30 13:02:06
1370-GGAWX,Female,0,No,No,46,Yes,Fiber optic,One year,Electronic check,94.15,4408.45,0,0.4815556171074694,0,MEDIUM RISK,2026-08-30 13:02:06
4680-KUTAJ,Female,1,No,No,11,Yes,DSL,Month-to-month,Electronic check,55.6,580.8,0,0.6979321230439754,1,MEDIUM RISK,2026-08-30 13:02:06
5307-UVGNB,Female,0,Yes,Yes,53,No,DSL,Month-to-month,Bank transfer (automatic),48.7,2495.2,0,0.2967300081716103,0,LOW RISK,2026-08-30 13:02:06
4946-EDSEW,Female,0,Yes,Yes,11,Yes,No,Month-to-month,Mailed check,19.25,180.3,1,0.3389276460462566,0,LOW RISK,2026-08-30 13:02:06
2883-ILGWO,Male,1,No,No,57,Yes,Fiber optic,Month-to-month,Bank transfer (automatic),104.9,5913.95,0,0.6414254802725525,1,MEDIUM RISK,2026-08-30 13:02:06
2516-VQRRV,Female,1,No,No,2,Yes,Fiber optic,Month-to-month,Mailed check,75.45,158.4,1,0.8785509761289243,1,HIGH RISK,2026-08-30 13:02:06
7580-UGXNC,Female,1,No,No,2,Yes,DSL,Month-to-month,Mailed check,54.85,104.2,1,0.5148487195978106,1,MEDIUM RISK,2026-08-30 13:02:06
3642-BYHDO,Female,0,Yes,Yes,71,Yes,No,Two year,Bank transfer (automatic),19.9,1389.35,0,0.009634279136977102,0,LOW RISK,2026-08-30 13:02:06
9629-NHXFW,Female,0,Yes,Yes,1,Yes,No,Month-to-month,Mailed check,19.4,19.4,0,0.4337636058925766,0,MEDIUM RISK,2026-08-30 13:02:06
2696-RZVZW,Male,0,Yes,No,68,Yes,No,Two year,Credit card (automatic),25.05,1629.2,0,0.01921078969037841,0,LOW RISK,2026-08-30 13:02:06
5766-FTRTS,Male,0,Yes,No,72,Yes,DSL,Two year,Mailed check,84.45,6033.1,0,0.023886259570088636,0,LOW RISK,2026-08-30 13:02:06
0396-HUJBP,Female,0,No,No,2,Yes,No,Month-to-month,Mailed check,19.3,44.4,0,0.38633746558386917,0,LOW RISK,2026-08-30 13:02:06
5178-LMXOP,Male,1,Yes,No,1,Yes,Fiber optic,Month-to-month,Electronic check,95.1,95.1,1,0.953888650292454,1,HIGH RISK,2026-08-30 13:02:06
8879-ZKJOF,Female,0,No,No,41,Yes,DSL,One year,Bank transfer (automatic),79.85,3320.75,0,0.12348662615362098,0,LOW RISK,2026-08-30 13:02:06
6285-FTQBF,Male,0,Yes,Yes,72,Yes,No,Two year,Credit card (automatic),25.55,1867.7,0,0.013435673302957541,0,LOW RISK,2026-08-30 13:02:06
8185-UPYBR,Male,0,Yes,No,6,Yes,Fiber optic,Month-to-month,Electronic check,75.5,438.0,1,0.8868686551426004,1,HIGH RISK,2026-08-30 13:02:06
4585-HETAI,Female,0,Yes,Yes,4,Yes,Fiber optic,Month-to-month,Electronic check,73.75,325.45,1,0.8417775338072861,1,HIGH RISK,2026-08-30 13:02:06
7526-BEZQB,Male,0,No,No,12,Yes,Fiber optic,Month-to-month,Electronic check,96.05,1148.1,1,0.9202569848875847,1,HIGH RISK,2026-08-30 13:02:06
1474-JUWSM,Female,0,Yes,No,58,Yes,DSL,One year,Electronic check,68.4,3972.25,0,0.16136984646865926,0,LOW RISK,2026-08-30 13:02:06
3530-CRZSB,Female,0,No,No,7,Yes,No,Month-to-month,Mailed check,20.65,155.9,0,0.33463492753497315,0,LOW RISK,2026-08-30 13:02:06
8498-XXGWA,Female,0,Yes,No,65,Yes,DSL,Month-to-month,Mailed check,55.15,3673.15,0,0.17092098254210042,0,LOW RISK,2026-08-30 13:02:06
9617-INGJY,Male,0,No,No,1,Yes,Fiber optic,Month-to-month,Mailed check,70.6,70.6,0,0.8262820604810375,1,HIGH RISK,2026-08-30 13:02:06
0621-TSSMU,Male,0,Yes,No,56,Yes,No,One year,Credit card (automatic),19.95,1126.75,0,0.04820778033447548,0,LOW RISK,2026-08-30 13:02:06
7234-KMNRQ,Male,0,No,No,4,Yes,No,Month-to-month,Mailed check,19.0,73.45,0,0.3722291728050445,0,LOW RISK,2026-08-30 13:02:06
7636-PEPNS,Female,0,Yes,Yes,58,Yes,DSL,One year,Mailed check,44.1,2413.05,0,0.1218325678949426,0,LOW RISK,2026-08-30 13:02:06
4683-WYDOU,Male,0,Yes,No,62,Yes,Fiber optic,Two year,Bank transfer (automatic),107.6,6912.7,0,0.2463576685562777,0,LOW RISK,2026-08-30 13:02:06
9052-DHNKM,Male,0,No,No,26,Yes,DSL,One year,Electronic check,61.55,1581.95,0,0.2195008346282598,0,LOW RISK,2026-08-30 13:02:06
6794-HKIAJ,Male,0,No,No,62,Yes,Fiber optic,Month-to-month,Bank transfer (automatic),90.7,5586.45,0,0.301036860655835,0,LOW RISK,2026-08-30 13:02:06
5578-NKCXI,Female,0,Yes,Yes,58,Yes,Fiber optic,One year,Credit card (automatic),99.25,5846.65,0,0.2222033954302745,0,LOW RISK,2026-08-30 13:02:06
1642-HMARX,Female,0,Yes,No,68,Yes,DSL,Two year,Electronic check,91.7,6424.7,0,0.07022259729548865,0,LOW RISK,2026-08-30 13:02:06
3096-WPXBT,Female,0,Yes,Yes,61,Yes,Fiber optic,One year,Credit card (automatic),100.7,6018.65,0,0.26179041580753093,0,LOW RISK,2026-08-30 13:02:06
8434-PNQZX,Female,0,No,No,42,Yes,DSL,Two year,Credit card (automatic),78.45,3373.4,0,0.11357772274330595,0,LOW RISK,2026-08-30 13:02:06
5950-AAAGJ,Male,0,No,No,18,Yes,Fiber optic,Month-to-month,Bank transfer (automatic),84.3,1537.9,0,0.6881889317379544,1,MEDIUM RISK,2026-08-30 13:02:06
4299-OPXEJ,Female,0,No,No,56,Yes,No,Two year,Bank transfer (automatic),19.55,1080.55,0,0.02886788811618978,0,LOW RISK,2026-08-30 13:02:06
4951-UKAAQ,Female,0,No,No,4,Yes,Fiber optic,Month-to-month,Electronic check,88.95,355.2,1,0.9087376903698667,1,HIGH RISK,2026-08-30 13:02:06
9618-LFJRU,Female,0,No,No,4,Yes,No,Month-to-month,Credit card (automatic),20.45,82.85,0,0.357345986174966,0,LOW RISK,2026-08-30 13:02:06
6693-DJWTY,Female,0,No,Yes,35,Yes,DSL,One year,Credit card (automatic),55.6,2016.45,0,0.07679357199981376,0,LOW RISK,2026-08-30 13:02:06
0744-GKNGE,Female,0,Yes,Yes,64,Yes,Fiber optic,Month-to-month,Bank transfer (automatic),86.8,5327.25,0,0.2704248179592339,0,LOW RISK,2026-08-30 13:02:06
6447-EGDIV,Female,0,No,No,31,Yes,No,One year,Mailed check,20.95,683.25,0,0.07119093152722011,0,LOW RISK,2026-08-30 13:02:06
1167-OYZJF,Female,1,Yes,No,67,Yes,No,Two year,Bank transfer (automatic),20.05,1263.05,0,0.022641628589584326,0,LOW RISK,2026-08-30 13:02:06
2108-YKQTY,Female,0,No,No,4,Yes,DSL,Month-to-month,Credit card (automatic),50.7,151.3,1,0.5310769449814009,1,MEDIUM RISK,2026-08-30 13:02:06
4806-DXQCE,Female,1,Yes,No,70,Yes,Fiber optic,Two year,Electronic check,113.65,7714.65,0,0.21096589979331748,0,LOW RISK,2026-08-30 13:02:06
4918-QLLIW,Male,0,No,No,3,Yes,DSL,Month-to-month,Credit card (automatic),53.4,188.7,1,0.6761741516079641,1,MEDIUM RISK,2026-08-30 13:02:06
7056-IMHCC,Male,1,Yes,No,53,Yes,Fiber optic,Month-to-month,Electronic check,101.9,5549.4,1,0.8049346119544941,1,HIGH RISK,2026-08-30 13:02:06
4854-SSLTN,Male,0,Yes,Yes,2,Yes,DSL,Two year,Mailed check,59.5,130.5,0,0.11549072442191595,0,LOW RISK,2026-08-30 13:02:06
5294-DMSFH,Female,0,Yes,Yes,29,Yes,Fiber optic,Month-to-month,Credit card (automatic),87.8,2621.75,0,0.6965237420289063,1,MEDIUM RISK,2026-08-30 13:02:06
4837-PZTIC,Female,0,No,No,47,No,DSL,Two year,Mailed check,41.9,1875.25,0,0.03374057832098792,0,LOW RISK,2026-08-30 13:02:06
1625-JAIIY,Female,0,Yes,Yes,68,Yes,Fiber optic,One year,Electronic check,83.0,5685.8,1,0.3902335892120198,0,LOW RISK,2026-08-30 13:02:06
0603-OLQDC,Male,0,No,Yes,12,Yes,DSL,Month-to-month,Mailed check,69.85,837.5,0,0.5342233661493674,1,MEDIUM RISK,2026-08-30 13:02:06
3272-VUHPV,Female,0,Yes,Yes,8,Yes,DSL,Month-to-month,Bank transfer (automatic),56.3,401.5,0,0.3766593249966337,0,LOW RISK,2026-08-30 13:02:06
4176-FXYBO,Male,0,Yes,No,54,Yes,Fiber optic,Month-to-month,Electronic check,109.55,6118.95,0,0.6425052171813797,1,MEDIUM RISK,2026-08-30 13:02:06
1063-DHQJF,Male,0,Yes,Yes,69,Yes,Fiber optic,Two year,Mailed check,92.15,6480.9,0,0.08720674466132891,0,LOW RISK,2026-08-30 13:02:06
8663-UPDGF,Female,0,No,No,26,Yes,DSL,Month-to-month,Bank transfer (automatic),69.5,1800.05,0,0.35870143925244347,0,LOW RISK,2026-08-30 13:02:06
6719-FGEDO,Female,0,Yes,No,72,Yes,Fiber optic,Two year,Bank transfer (automatic),97.0,7104.2,0,0.0663587889819645,0,LOW RISK,2026-08-30 13:02:06
1837-YQUCE,Female,0,No,No,70,No,DSL,Two year,Bank transfer (automatic),58.35,4214.25,0,0.06682431377930387,0,LOW RISK,2026-08-30 13:02:06
2947-DOMLJ,Male,0,No,Yes,1,Yes,DSL,Month-to-month,Mailed check,50.6,50.6,1,0.4687653410679938,0,MEDIUM RISK,2026-08-30 13:02:06
4112-LUEIZ,Male,0,No,No,10,Yes,Fiber optic,Month-to-month,Electronic check,89.5,863.1,1,0.9025672911640592,1,HIGH RISK,2026-08-30 13:02:06
0369-ZGOVK,Female,0,Yes,Yes,28,Yes,Fiber optic,One year,Bank transfer (automatic),70.4,1992.2,0,0.3540286928342105,0,LOW RISK,2026-08-30 13:02:06
4510-HIMLV,Male,0,No,No,1,Yes,Fiber optic,Month-to-month,Electronic check,69.8,69.8,1,0.8726140965214101,1,HIGH RISK,2026-08-30 13:02:06
9919-KNPOO,Female,0,Yes,No,21,Yes,Fiber optic,Month-to-month,Electronic check,94.3,1948.35,0,0.8521043450357523,1,HIGH RISK,2026-08-30 13:02:06
8749-JMNKX,Male,1,Yes,No,51,Yes,Fiber optic,Month-to-month,Bank transfer (automatic),93.8,4750.95,1,0.6352081491509117,1,MEDIUM RISK,2026-08-30 13:02:06
7872-BAAZR,Female,0,Yes,Yes,53,Yes,No,One year,Bank transfer (automatic),19.55,1007.9,0,0.041817835555123396,0,LOW RISK,2026-08-30 13:02:06
9391-LMANN,Male,0,No,Yes,53,Yes,Fiber optic,One year,Electronic check,95.95,5036.9,0,0.2571467105942803,0,LOW RISK,2026-08-30 13:02:06
2430-USGXP,Male,0,Yes,No,24,Yes,Fiber optic,Month-to-month,Electronic check,101.05,2391.8,1,0.8402495578840217,1,HIGH RISK,2026-08-30 13:02:06
8174-TBVCF,Female,0,Yes,No,70,Yes,DSL,Two year,Credit card (automatic),94.8,6859.05,0,0.04475267071964539,0,LOW RISK,2026-08-30 13:02:06
1698-XFZCI,Male,0,No,No,61,Yes,Fiber optic,One year,Electronic check,107.75,6521.9,0,0.47766064277939374,0,MEDIUM RISK,2026-08-30 13:02:06
1877-HKBQX,Female,0,No,No,11,Yes,DSL,One year,Mailed check,54.6,617.85,0,0.27451533054276034,0,LOW RISK,2026-08-30 13:02:06
4450-DLLMH,Male,0,No,No,2,Yes,Fiber optic,Month-to-month,Credit card (automatic),71.3,157.75,0,0.8209129945123023,1,HIGH RISK,2026-08-30 13:02:06
0428-AXXLJ,Male,0,No,No,25,Yes,No,One year,Bank transfer (automatic),19.5,516.3,0,0.11918327355083562,0,LOW RISK,2026-08-30 13:02:06
2746-DIJLO,Female,0,No,No,41,Yes,DSL,One year,Credit card (automatic),56.3,2364.0,0,0.18353101493132265,0,LOW RISK,2026-08-30 13:02:06
5955-ERIHD,Male,0,Yes,No,18,Yes,Fiber optic,Month-to-month,Electronic check,94.7,1687.95,1,0.8674650407397144,1,HIGH RISK,2026-08-30 13:02:06
0917-EZOLA,Male,1,Yes,No,72,Yes,Fiber optic,Two year,Bank transfer (automatic),104.15,7689.95,1,0.2495362858915488,0,LOW RISK,2026-08-30 13:02:06
3508-VLHCZ,Female,0,Yes,Yes,71,Yes,DSL,Two year,Credit card (automatic),90.55,6239.05,0,0.03593042513337101,0,LOW RISK,2026-08-30 13:02:06
4086-ATNFV,Female,0,Yes,Yes,34,Yes,DSL,One year,Mailed check,60.8,2042.05,0,0.11391191580922808,0,LOW RISK,2026-08-30 13:02:06
0468-YRPXN,Male,0,No,No,29,Yes,Fiber optic,Month-to-month,Credit card (automatic),98.8,2807.1,0,0.6800714228661516,1,MEDIUM RISK,2026-08-30 13:02:06
5996-NRVXR,Male,1,Yes,No,40,Yes,Fiber optic,One year,Credit card (automatic),98.15,4116.8,0,0.27969761982273217,0,LOW RISK,2026-08-30 13:02:06
3739-YBWAB,Male,0,Yes,No,36,No,DSL,One year,Mailed check,35.35,1317.95,0,0.14625607322406314,0,LOW RISK,2026-08-30 13:02:06
7047-FWEYA,Female,0,Yes,No,46,Yes,Fiber optic,One year,Electronic check,103.15,4594.65,0,0.491984283333307,0,MEDIUM RISK,2026-08-30 13:02:06
2000-MPKCA,Female,0,No,No,58,Yes,Fiber optic,One year,Electronic check,107.75,6332.75,0,0.5007615373759111,1,MEDIUM RISK,2026-08-30 13:02:06
9762-YAQAA,Male,0,No,No,39,Yes,Fiber optic,One year,Credit card (automatic),81.4,3213.75,0,0.2862760177642392,0,LOW RISK,2026-08-30 13:02:06
5949-EBSQK,Male,0,Yes,Yes,4,Yes,DSL,Month-to-month,Credit card (automatic),61.45,229.55,1,0.5386505851907865,1,MEDIUM RISK,2026-08-30 13:02:06
5473-KHBPS,Female,0,Yes,Yes,52,Yes,Fiber optic,One year,Credit card (automatic),95.7,4976.15,0,0.40716380452757645,0,MEDIUM RISK,2026-08-30 13:02:06
0100-DUVFC,Male,1,Yes,No,70,Yes,Fiber optic,One year,Electronic check,104.8,7308.95,0,0.5307255492962866,1,MEDIUM RISK,2026-08-30 13:02:06
5397-TUPSH,Male,1,Yes,No,65,Yes,Fiber optic,One year,Bank transfer (automatic),70.95,4555.2,0,0.2611862383145564,0,LOW RISK,2026-08-30 13:02:06
8950-MTZNV,Male,0,No,No,1,Yes,DSL,Month-to-month,Mailed check,44.95,44.95,0,0.6932432326295236,1,MEDIUM RISK,2026-08-30 13:02:06
0326-VDYXE,Female,0,Yes,No,70,Yes,Fiber optic,One year,Electronic check,97.65,6982.5,0,0.5236101734440718,1,MEDIUM RISK,2026-08-30 13:02:06
6773-LQTVT,Female,1,Yes,Yes,29,No,DSL,Month-to-month,Mailed check,35.65,1025.15,0,0.43709649384762445,0,MEDIUM RISK,2026-08-30 13:02:06
7274-RTAPZ,Male,0,No,No,1,Yes,Fiber optic,Month-to-month,Electronic check,90.55,90.55,1,0.9256313750620098,1,HIGH RISK,2026-08-30 13:02:06
0436-TWFFZ,Female,0,No,No,67,Yes,DSL,Two year,Mailed check,85.25,5714.2,0,0.05620823983624989,0,LOW RISK,2026-08-30 13:02:06
8566-YPRGL,Female,0,No,No,1,Yes,No,Month-to-month,Mailed check,19.5,19.5,0,0.4771053553709594,0,MEDIUM RISK,2026-08-30 13:02:06
0311-UNPFF,Female,0,No,No,26,Yes,Fiber optic,Month-to-month,Bank transfer (automatic),88.8,2274.35,1,0.7401222854860812,1,HIGH RISK,2026-08-30 13:02:06
6609-MXJHJ,Female,0,Yes,Yes,30,Yes,No,Two year,Mailed check,25.1,789.55,0,0.05600008328318019,0,LOW RISK,2026-08-30 13:02:06
2669-OIDSD,Female,0,Yes,No,48,Yes,Fiber optic,Month-to-month,Credit card (automatic),100.05,4834.0,0,0.5236303696382638,1,MEDIUM RISK,2026-08-30 13:02:06
8400-WZICQ,Female,0,Yes,Yes,55,Yes,DSL,Month-to-month,Electronic check,55.7,3131.8,0,0.17314679205605502,0,LOW RISK,2026-08-30 13:02:06
3834-XUIFC,Male,0,No,No,7,Yes,Fiber optic,Month-to-month,Mailed check,85.2,602.55,1,0.8783427359497863,1,HIGH RISK,2026-08-30 13:02:06
9576-SYUHJ,Male,0,No,No,37,Yes,Fiber optic,Month-to-month,Electronic check,91.15,3369.25,0,0.6642946946350543,1,MEDIUM RISK,2026-08-30 13:02:06
0410-IPFTY,Female,0,Yes,No,31,Yes,Fiber optic,Month-to-month,Bank transfer (automatic),83.85,2674.15,0,0.625231133780649,1,MEDIUM RISK,2026-08-30 13:02:06
2831-EBWRN,Male,0,No,No,4,Yes,DSL,Month-to-month,Electronic check,45.9,199.75,0,0.7407761574850856,1,HIGH RISK,2026-08-30 13:02:06
9430-NKQLY,Male,0,Yes,Yes,72,Yes,No,Two year,Credit card (automatic),25.1,1790.8,0,0.018919484495111626,0,LOW RISK,2026-08-30 13:02:06
8414-MYSHR,Male,1,No,No,5,Yes,Fiber optic,Month-to-month,Electronic check,91.4,449.75,1,0.9256044998908411,1,HIGH RISK,2026-08-30 13:02:06
0247-SLUJI,Male,0,Yes,Yes,1,Yes,No,Month-to-month,Mailed check,19.7,19.7,0,0.35619452023175213,0,LOW RISK,2026-08-30 13:02:06
9402-ORRAH,Female,1,No,No,15,Yes,Fiber optic,Month-to-month,Electronic check,91.5,1400.3,0,0.8530455179015756,1,HIGH RISK,2026-08-30 13:02:06
6483-OATDN,Male,0,Yes,Yes,8,Yes,DSL,Month-to-month,Credit card (automatic),51.3,411.6,0,0.4914167424533037,0,MEDIUM RISK,2026-08-30 13:02:06
1293-HHSHJ,Female,0,No,No,35,Yes,No,One year,Mailed check,21.1,741.0,0,0.06105857469911562,0,LOW RISK,2026-08-30 13:02:06
4840-ORQXB,Female,1,No,No,56,Yes,Fiber optic,Month-to-month,Electronic check,104.75,5841.35,0,0.7199873317730601,1,HIGH RISK,2026-08-30 13:02:06
7599-FKVXZ,Male,0,Yes,No,42,Yes,Fiber optic,Month-to-month,Bank transfer (automatic),106.15,4512.7,1,0.6455500152508037,1,MEDIUM RISK,2026-08-30 13:02:06
3982-DQLUS,Male,1,Yes,Yes,65,Yes,Fiber optic,Month-to-month,Electronic check,85.75,5688.45,0,0.44180558675716586,0,MEDIUM RISK,2026-08-30 13:02:06
8610-ZIKJJ,Female,0,Yes,Yes,2,Yes,No,One year,Mailed check,20.3,31.9,0,0.1934813372373322,0,LOW RISK,2026-08-30 13:02:06
3756-VNWDH,Male,1,Yes,No,65,Yes,Fiber optic,One year,Electronic check,100.75,6674.65,0,0.5068735412669639,1,MEDIUM RISK,2026-08-30 13:02:06
7801-KICAO,Female,0,No,No,18,Yes,Fiber optic,Month-to-month,Electronic check,74.15,1345.75,0,0.7694024679706767,1,HIGH RISK,2026-08-30 13:02:06
7673-LPRNY,Female,0,No,No,23,Yes,DSL,One year,Electronic check,78.55,1843.05,0,0.3709902507619877,0,LOW RISK,2026-08-30 13:02:06
8229-TNIQA,Female,0,No,No,4,Yes,DSL,Month-to-month,Mailed check,45.3,196.95,1,0.6646664644540435,1,MEDIUM RISK,2026-08-30 13:02:06
6060-QBMGV,Male,0,Yes,No,70,Yes,No,Two year,Credit card (automatic),19.85,1433.8,0,0.013156626968578722,0,LOW RISK,2026-08-30 13:02:06
7339-POGZN,Female,0,No,No,4,Yes,DSL,Month-to-month,Electronic check,50.7,214.55,0,0.7274231790975166,1,HIGH RISK,2026-08-30 13:02:06
2828-SLQPF,Male,0,No,No,19,Yes,DSL,Month-to-month,Bank transfer (automatic),45.0,865.85,0,0.42428228852715566,0,MEDIUM RISK,2026-08-30 13:02:06
4465-VDKIQ,Female,0,No,No,18,Yes,Fiber optic,Month-to-month,Electronic check,77.8,1358.6,0,0.6112331775679333,1,MEDIUM RISK,2026-08-30 13:02:06
2921-XWDJH,Female,1,Yes,No,38,Yes,Fiber optic,Month-to-month,Electronic check,83.45,3147.15,0,0.6382761935810207,1,MEDIUM RISK,2026-08-30 13:02:06
6221-AVQYL,Male,0,No,No,2,Yes,Fiber optic,Month-to-month,Credit card (automatic),73.25,131.05,1,0.8612736517647158,1,HIGH RISK,2026-08-30 13:02:06
2558-BUOZZ,Male,0,No,No,47,Yes,Fiber optic,One year,Bank transfer (automatic),94.8,4535.85,0,0.22431964384964567,0,LOW RISK,2026-08-30 13:02:06
9257-AZMTZ,Female,0,Yes,Yes,52,Yes,No,Two year,Bank transfer (automatic),20.1,1078.75,0,0.020149789817045,0,LOW RISK,2026-08-30 13:02:06
0003-MKNFE,Male,0,No,No,9,Yes,DSL,Month-to-month,Mailed check,59.9,542.4,0,0.6891023854322408,1,MEDIUM RISK,2026-08-30 13:02:06
0975-UYDTX,Female,0,Yes,No,26,Yes,DSL,One year,Credit card (automatic),90.1,2312.55,0,0.23072879416990738,0,LOW RISK,2026-08-30 13:02:06
7743-EXURX,Male,0,Yes,Yes,8,Yes,DSL,Month-to-month,Electronic check,51.05,415.05,1,0.6727722501054615,1,MEDIUM RISK,2026-08-30 13:02:06
4682-BLBUC,Male,0,Yes,No,44,Yes,DSL,One year,Electronic check,70.95,3250.45,0,0.1524400686067177,0,LOW RISK,2026-08-30 13:02:06
0975-VOOVL,Female,0,No,No,3,No,DSL,Month-to-month,Mailed check,29.2,98.5,0,0.6534835961525536,1,MEDIUM RISK,2026-08-30 13:02:06
5968-VXZLG,Male,0,No,No,2,Yes,DSL,Month-to-month,Bank transfer (automatic),46.6,87.9,0,0.666389152925493,1,MEDIUM RISK,2026-08-30 13:02:06
5569-KGJHX,Female,0,Yes,Yes,9,Yes,Fiber optic,Month-to-month,Bank transfer (automatic),85.35,754.65,1,0.8373353310215835,1,HIGH RISK,2026-08-30 13:02:06
4988-IQIGL,Male,1,No,No,1,Yes,Fiber optic,Month-to-month,Electronic check,75.35,75.35,1,0.9152447076601851,1,HIGH RISK,2026-08-30 13:02:06
5201-FRKKS,Male,0,No,No,25,Yes,Fiber optic,Month-to-month,Bank transfer (automatic),74.3,1952.25,0,0.4444908761126216,0,MEDIUM RISK,2026-08-30 13:02:06
9799-CAYJJ,Female,1,Yes,No,2,Yes,Fiber optic,Month-to-month,Electronic check,69.3,153.8,0,0.8904052673932085,1,HIGH RISK,2026-08-30 13:02:06
7730-IUTDZ,Male,0,No,No,43,Yes,Fiber optic,Month-to-month,Electronic check,75.2,3198.6,1,0.462505680490077,0,MEDIUM RISK,2026-08-30 13:02:06
0426-TIRNE,Female,0,No,No,1,Yes,No,Month-to-month,Mailed check,20.9,20.9,1,0.3862374587976807,0,LOW RISK,2026-08-30 13:02:06
5443-SCMKX,Female,0,Yes,No,58,Yes,Fiber optic,One year,Electronic check,94.3,5610.15,0,0.5128844340093148,1,MEDIUM RISK,2026-08-30 13:02:06
8295-KMENE,Female,0,Yes,Yes,59,Yes,DSL,Two year,Mailed check,76.45,4519.5,0,0.044000640393935524,0,LOW RISK,2026-08-30 13:02:06
6738-ISCBM,Male,0,No,No,44,No,DSL,One year,Electronic check,54.0,2440.25,0,0.3255079189832702,0,LOW RISK,2026-08-30 13:02:06
9821-BESNZ,Male,0,No,No,66,Yes,Fiber optic,One year,Electronic check,104.25,6860.6,0,0.444328792225111,0,MEDIUM RISK,2026-08-30 13:02:06
3678-MNGZX,Male,0,Yes,Yes,68,Yes,No,Two year,Bank transfer (automatic),19.95,1377.7,0,0.011150720671814517,0,LOW RISK,2026-08-30 13:02:06
1335-NTIUC,Male,0,No,No,9,No,DSL,Month-to-month,Electronic check,24.95,190.25,0,0.7701485551550102,1,HIGH RISK,2026-08-30 13:02:06
2916-BQZLN,Male,0,No,No,19,Yes,Fiber optic,Month-to-month,Electronic check,84.75,1651.95,0,0.6987951677350576,1,MEDIUM RISK,2026-08-30 13:02:06
4558-CGYCZ,Male,0,No,No,4,Yes,No,Month-to-month,Mailed check,19.75,78.3,0,0.3694773490228405,0,LOW RISK,2026-08-30 13:02:06
2368-GAKKQ,Female,0,No,No,70,Yes,Fiber optic,Two year,Bank transfer (automatic),113.65,7939.25,0,0.1314533735154239,0,LOW RISK,2026-08-30 13:02:06
8710-YGLWG,Male,0,No,No,1,Yes,DSL,Month-to-month,Mailed check,44.9,44.9,0,0.6934367204132384,1,MEDIUM RISK,2026-08-30 13:02:06
3199-XGZCY,Female,0,No,No,8,Yes,Fiber optic,Month-to-month,Electronic check,75.25,576.7,0,0.8729822944424136,1,HIGH RISK,2026-08-30 13:02:06
3785-KTYSH,Male,0,No,No,53,Yes,No,Two year,Mailed check,24.6,1279.0,0,0.033685111849006556,0,LOW RISK,2026-08-30 13:02:06
6814-ZPWFQ,Male,1,No,No,51,Yes,No,One year,Bank transfer (automatic),25.0,1260.7,0,0.08494999884854233,0,LOW RISK,2026-08-30 13:02:06
4063-EIKNQ,Male,0,Yes,Yes,11,Yes,No,Month-to-month,Bank transfer (automatic),20.95,267.35,0,0.261462946798841,0,LOW RISK,2026-08-30 13:02:06
6993-YCOBK,Male,0,Yes,Yes,60,Yes,Fiber optic,Two year,Electronic check,110.6,6586.85,0,0.22756298318091234,0,LOW RISK,2026-08-30 13:02:06
5206-HPJKM,Male,0,No,No,17,Yes,DSL,Month-to-month,Credit card (automatic),55.5,934.15,0,0.33093758254833067,0,LOW RISK,2026-08-30 13:02:06
7587-RZNME,Male,0,No,No,3,Yes,DSL,Month-to-month,Electronic check,43.3,123.65,1,0.7525041714209555,1,HIGH RISK,2026-08-30 13:02:06
0748-RDGGM,Male,0,Yes,No,70,Yes,Fiber optic,One year,Bank transfer (automatic),109.5,7534.65,1,0.20050304847449676,0,LOW RISK,2026-08-30 13:02:06
8393-JMVMB,Male,0,No,No,1,Yes,No,Month-to-month,Mailed check,19.45,19.45,0,0.39874902653595123,0,LOW RISK,2026-08-30 13:02:06
5019-GQVCR,Male,1,No,No,43,Yes,Fiber optic,Month-to-month,Electronic check,84.85,3645.6,0,0.7335764917887643,1,HIGH RISK,2026-08-30 13:02:06
6036-TTFYU,Female,0,Yes,No,16,Yes,No,Month-to-month,Mailed check,19.6,314.45,0,0.1969785883090926,0,LOW RISK,2026-08-30 13:02:06
2550-AEVRU,Female,0,Yes,Yes,57,Yes,DSL,One year,Electronic check,53.45,3053.0,0,0.08667426098969695,0,LOW RISK,2026-08-30 13:02:06
0969-RGKCU,Male,0,Yes,Yes,37,Yes,No,One year,Credit card (automatic),19.8,677.05,0,0.0490405951221809,0,LOW RISK,2026-08-30 13:02:06
0378-CJKPV,Female,0,Yes,No,72,Yes,Fiber optic,Two year,Credit card (automatic),112.1,7965.95,0,0.0976110125757526,0,LOW RISK,2026-08-30 13:02:06
4706-AXVKM,Female,1,No,No,11,Yes,Fiber optic,Month-to-month,Credit card (automatic),84.8,906.85,1,0.8771382364747239,1,HIGH RISK,2026-08-30 13:02:06
5889-JTMUL,Female,1,Yes,No,50,Yes,Fiber optic,Month-to-month,Electronic check,95.05,4888.7,1,0.7692261867462752,1,HIGH RISK,2026-08-30 13:02:06
9026-RNUJS,Male,1,No,No,5,Yes,DSL,Month-to-month,Electronic check,50.35,237.25,1,0.6950765981240716,1,MEDIUM RISK,2026-08-30 13:02:06
3746-EUBYR,Male,0,Yes,No,1,Yes,Fiber optic,Month-to-month,Bank transfer (automatic),74.6,74.6,1,0.8664328441128507,1,HIGH RISK,2026-08-30 13:02:06
2332-EFBJY,Male,0,No,No,16,Yes,No,Month-to-month,Mailed check,19.7,342.4,1,0.25686099694745895,0,LOW RISK,2026-08-30 13:02:06
2880-FPNAE,Male,1,Yes,No,2,Yes,Fiber optic,Month-to-month,Electronic check,74.2,140.1,0,0.8900739943672535,1,HIGH RISK,2026-08-30 13:02:06
1703-MGIAB,Female,0,No,No,17,Yes,DSL,Month-to-month,Mailed check,69.0,1108.0,0,0.4522386542808399,0,MEDIUM RISK,2026-08-30 13:02:06
4311-QTTAI,Female,0,No,No,16,Yes,No,One year,Credit card (automatic),19.35,295.55,0,0.09986563426425266,0,LOW RISK,2026-08-30 13:02:06
9474-PHLYD,Female,0,No,No,15,Yes,DSL,Month-to-month,Electronic check,59.45,892.65,1,0.6371945045476405,1,MEDIUM RISK,2026-08-30 13:02:06
4318-RAJVY,Female,0,No,No,10,Yes,No,One year,Mailed check,19.8,198.25,0,0.23261988525733085,0,LOW RISK,2026-08-30 13:02:06
2165-VOEGB,Female,0,No,Yes,46,Yes,Fiber optic,One year,Bank transfer (automatic),105.2,4822.85,1,0.20365863907317575,0,LOW RISK,2026-08-30 13:02:06
3612-YUNGG,Male,0,Yes,Yes,64,Yes,Fiber optic,Two year,Credit card (automatic),109.2,6741.15,0,0.18491593682888682,0,LOW RISK,2026-08-30 13:02:06
2254-DLXRI,Female,0,No,No,1,Yes,Fiber optic,Month-to-month,Mailed check,79.15,79.15,0,0.8499607644989211,1,HIGH RISK,2026-08-30 13:02:06
5062-CJJKH,Male,0,Yes,Yes,25,Yes,DSL,One year,Mailed check,53.65,1355.45,0,0.1637046338587395,0,LOW RISK,2026-08-30 13:02:06
9028-LIHRP,Male,0,Yes,Yes,71,Yes,Fiber optic,Two year,Credit card (automatic),100.2,7209.0,0,0.04407222410632472,0,LOW RISK,2026-08-30 13:02:06
2219-MVUSO,Male,0,No,No,8,Yes,DSL,Month-to-month,Mailed check,45.15,438.4,1,0.6422517326480581,1,MEDIUM RISK,2026-08-30 13:02:06
1053-MXTTK,Female,0,Yes,Yes,72,Yes,Fiber optic,Two year,Bank transfer (automatic),108.65,7726.35,0,0.07840946965553902,0,LOW RISK,2026-08-30 13:02:06
1530-ZTDOZ,Female,0,Yes,No,49,No,DSL,Month-to-month,Bank transfer (automatic),40.65,2070.75,0,0.31243488215756443,0,LOW RISK,2026-08-30 13:02:06
1301-LOPVR,Male,0,Yes,Yes,29,No,DSL,One year,Credit card (automatic),55.35,1636.95,0,0.19077873198637618,0,LOW RISK,2026-08-30 13:02:06
0853-TWRVK,Male,0,Yes,No,72,Yes,Fiber optic,Two year,Bank transfer (automatic),105.6,7581.5,0,0.06896332835520853,0,LOW RISK,2026-08-30 13:02:06
8914-RBTSB,Male,0,Yes,No,31,Yes,Fiber optic,Month-to-month,Electronic check,93.8,3019.5,1,0.7115456733578702,1,HIGH RISK,2026-08-30 13:02:06
6212-ATMLK,Female,0,No,No,50,Yes,Fiber optic,Month-to-month,Electronic check,95.7,4729.75,0,0.803475587165601,1,HIGH RISK,2026-08-30 13:02:06
8200-LGKSR,Male,0,Yes,No,71,Yes,DSL,Two year,Electronic check,83.2,6126.1,0,0.054869877090149066,0,LOW RISK,2026-08-30 13:02:06
1568-BEKZM,Male,1,Yes,No,70,Yes,DSL,Two year,Credit card (automatic),90.05,6333.4,0,0.040278527889745924,0,LOW RISK,2026-08-30 13:02:06
0670-ANMUU,Male,0,No,No,71,Yes,Fiber optic,One year,Credit card (automatic),97.65,6687.85,0,0.14742749873453223,0,LOW RISK,2026-08-30 13:02:06
6897-RWMUB,Male,0,Yes,Yes,61,Yes,DSL,Two year,Bank transfer (automatic),68.05,4158.25,0,0.018821531345638545,0,LOW RISK,2026-08-30 13:02:06
0963-ZBDRN,Male,0,No,No,32,Yes,Fiber optic,Month-to-month,Electronic check,96.2,3183.4,1,0.7277672896282299,1,HIGH RISK,2026-08-30 13:02:06
7594-RQHXR,Female,0,No,Yes,1,Yes,Fiber optic,Month-to-month,Electronic check,79.6,79.6,1,0.8815789859775529,1,HIGH RISK,2026-08-30 13:02:06
6999-CHVCF,Male,0,No,No,68,Yes,Fiber optic,Two year,Bank transfer (automatic),102.1,7149.35,0,0.13202534516486691,0,LOW RISK,2026-08-30 13:02:06
6134-KWTBV,Male,0,No,No,62,Yes,No,Two year,Bank transfer (automatic),23.4,1429.65,0,0.02332643147653109,0,LOW RISK,2026-08-30 13:02:06
1077-HUUJM,Female,0,No,Yes,7,Yes,Fiber optic,Month-to-month,Electronic check,71.05,472.65,0,0.8071806759599528,1,HIGH RISK,2026-08-30 13:02:06
6331-EWIEB,Male,0,No,No,20,Yes,Fiber optic,Month-to-month,Electronic check,85.25,1734.5,1,0.8096791130532878,1,HIGH RISK,2026-08-30 13:02:06
0895-LNKRC,Male,0,Yes,Yes,6,Yes,No,One year,Mailed check,19.45,113.5,0,0.178107280750885,0,LOW RISK,2026-08-30 13:02:06
2045-BMBTJ,Female,1,No,No,33,No,DSL,Month-to-month,Bank transfer (automatic),59.45,1884.65,0,0.5041491229996039,1,MEDIUM RISK,2026-08-30 13:02:06
8417-GSODA,Male,0,Yes,Yes,28,Yes,Fiber optic,One year,Bank transfer (automatic),92.2,2568.15,0,0.5192795519506568,1,MEDIUM RISK,2026-08-30 13:02:06
5171-EPLKN,Male,0,No,No,27,Yes,No,Two year,Credit card (automatic),19.85,470.0,0,0.03884380774924338,0,LOW RISK,2026-08-30 13:02:06
4452-QIIEB,Male,0,No,No,7,Yes,DSL,Month-to-month,Mailed check,43.9,278.4,0,0.5609135685461901,1,MEDIUM RISK,2026-08-30 13:02:06
5998-VVEJY,Male,0,No,No,26,Yes,Fiber optic,Month-to-month,Electronic check,80.5,2088.8,1,0.6982356071846674,1,MEDIUM RISK,2026-08-30 13:02:06
1624-NALOJ,Male,1,No,No,5,Yes,Fiber optic,Month-to-month,Electronic check,89.8,502.6,1,0.9224974314244813,1,HIGH RISK,2026-08-30 13:02:06
6741-EGCBI,Male,1,No,No,30,Yes,Fiber optic,Month-to-month,Credit card (automatic),90.5,2595.85,0,0.6725074181438254,1,MEDIUM RISK,2026-08-30 13:02:06
7820-ZYGNY,Male,0,No,No,63,Yes,Fiber optic,One year,Credit card (automatic),90.45,5825.5,0,0.2907550646582061,0,LOW RISK,2026-08-30 13:02:06
4317-VTEOA,Male,0,No,No,1,Yes,DSL,Month-to-month,Electronic check,50.75,50.75,1,0.735375214313155,1,HIGH RISK,2026-08-30 13:02:06
9677-AVKED,Female,0,No,Yes,53,Yes,DSL,One year,Electronic check,84.6,4449.75,0,0.24149052841502017,0,LOW RISK,2026-08-30 13:02:06
1670-SVOWZ,Female,0,Yes,Yes,14,Yes,Fiber optic,Month-to-month,Credit card (automatic),89.65,1208.35,1,0.5965647423850003,1,MEDIUM RISK,2026-08-30 13:02:06
2227-JRSJX,Female,0,No,No,21,Yes,Fiber optic,Month-to-month,Bank transfer (automatic),99.15,1956.4,0,0.643164392505803,1,MEDIUM RISK,2026-08-30 13:02:06
9847-HNVGP,Male,0,No,No,17,Yes,No,One year,Mailed check,19.95,310.6,0,0.09880972471782476,0,LOW RISK,2026-08-30 13:02:06
6696-YDAYZ,Male,0,Yes,Yes,16,Yes,No,Two year,Mailed check,20.5,290.55,0,0.041045183418942095,0,LOW RISK,2026-08-30 13:02:06
8980-WQFWL,Female,0,No,No,35,Yes,DSL,Month-to-month,Electronic check,62.1,2096.1,0,0.4924915472449205,0,MEDIUM RISK,2026-08-30 13:02:06
1730-ZMAME,Female,1,No,No,32,Yes,Fiber optic,Month-to-month,Electronic check,79.5,2665.0,0,0.7533280237313521,1,HIGH RISK,2026-08-30 13:02:06
6506-EYCNH,Female,0,Yes,Yes,28,Yes,No,Month-to-month,Bank transfer (automatic),19.55,543.8,0,0.1702035210231845,0,LOW RISK,2026-08-30 13:02:06
4634-JLRJT,Female,0,No,No,1,Yes,No,Month-to-month,Mailed check,20.35,20.35,0,0.4732473297381925,0,MEDIUM RISK,2026-08-30 13:02:06
9501-UKKNL,Male,0,No,No,59,No,DSL,Month-to-month,Electronic check,51.7,3005.8,0,0.49687402126130564,0,MEDIUM RISK,2026-08-30 13:02:06
2560-QTSBS,Female,0,Yes,Yes,72,Yes,No,One year,Bank transfer (automatic),23.3,1623.15,0,0.03944574034112708,0,LOW RISK,2026-08-30 13:02:06
7541-YLXCL,Male,0,No,No,36,Yes,DSL,One year,Mailed check,65.4,2498.4,1,0.14022947010119932,0,LOW RISK,2026-08-30 13:02:06
4795-WRNVT,Female,0,No,No,40,Yes,DSL,Month-to-month,Mailed check,65.1,2586.0,0,0.15226824908215697,0,LOW RISK,2026-08-30 13:02:06
6080-TCMYC,Male,0,Yes,Yes,40,Yes,Fiber optic,Month-to-month,Electronic check,81.2,3292.3,0,0.6161142179488819,1,MEDIUM RISK,2026-08-30 13:02:06
0260-ZDLGK,Female,0,No,Yes,9,Yes,DSL,Month-to-month,Mailed check,72.9,651.4,1,0.5828873912090973,1,MEDIUM RISK,2026-08-30 13:02:06
7860-UXCRM,Male,0,Yes,Yes,63,Yes,DSL,Two year,Credit card (automatic),74.5,4674.55,0,0.018617051987592698,0,LOW RISK,2026-08-30 13:02:06
6357-JJPQT,Female,0,No,No,3,Yes,Fiber optic,Month-to-month,Electronic check,80.5,232.35,0,0.8905331280219752,1,HIGH RISK,2026-08-30 13:02:06
2292-XQWSV,Male,0,Yes,Yes,40,No,DSL,One year,Mailed check,60.3,2448.5,0,0.18101020440051127,0,LOW RISK,2026-08-30 13:02:06
9552-TGUZV,Male,0,Yes,No,8,Yes,Fiber optic,Month-to-month,Mailed check,75.0,658.1,0,0.7328998428679437,1,HIGH RISK,2026-08-30 13:02:06
5913-INRQV,Male,1,Yes,No,34,Yes,Fiber optic,One year,Mailed check,90.15,3128.8,0,0.2655360602105506,0,LOW RISK,2026-08-30 13:02:06
8722-NGNBH,Male,0,No,No,5,No,DSL,Month-to-month,Mailed check,40.0,223.45,1,0.5145375160241615,1,MEDIUM RISK,2026-08-30 13:02:06
6210-KBBPI,Male,1,No,No,9,Yes,Fiber optic,Month-to-month,Credit card (automatic),99.45,919.4,1,0.9056212570496615,1,HIGH RISK,2026-08-30 13:02:06
9643-YBLUR,Male,0,Yes,No,9,Yes,DSL,Month-to-month,Credit card (automatic),69.05,653.95,0,0.6796441302693537,1,MEDIUM RISK,2026-08-30 13:02:06
8734-FNWVH,Male,0,Yes,Yes,31,Yes,DSL,Month-to-month,Bank transfer (automatic),59.7,1825.5,0,0.39280422979787094,0,LOW RISK,2026-08-30 13:02:06
9447-YPTBX,Female,0,Yes,No,50,Yes,No,One year,Bank transfer (automatic),19.85,943.1,0,0.07841929024913838,0,LOW RISK,2026-08-30 13:02:06
0133-BMFZO,Female,0,No,No,2,Yes,Fiber optic,Month-to-month,Electronic check,86.25,181.65,1,0.7439792681430294,1,HIGH RISK,2026-08-30 13:02:06
6128-CZOMY,Female,0,No,No,1,Yes,DSL,Month-to-month,Electronic check,45.65,45.65,1,0.755231103276976,1,HIGH RISK,2026-08-30 13:02:06
9540-JYROE,Male,0,No,No,8,Yes,Fiber optic,Month-to-month,Mailed check,70.1,551.35,1,0.7872931370579668,1,HIGH RISK,2026-08-30 13:02:06
9026-LHEVG,Female,0,No,No,9,No,DSL,Month-to-month,Electronic check,40.75,359.4,0,0.7368300803045955,1,HIGH RISK,2026-08-30 13:02:06
2260-USTRB,Female,1,No,No,2,Yes,Fiber optic,Month-to-month,Bank transfer (automatic),70.2,115.95,1,0.8285721895047763,1,HIGH RISK,2026-08-30 13:02:06
3656-TKRVZ,Female,0,No,No,3,Yes,DSL,Month-to-month,Electronic check,55.35,165.2,1,0.5524225056868444,1,MEDIUM RISK,2026-08-30 13:02:06
7011-CVEUC,Male,0,Yes,No,25,Yes,Fiber optic,Month-to-month,Credit card (automatic),95.7,2338.35,0,0.7022195526705095,1,HIGH RISK,2026-08-30 13:02:06
6185-TASNN,Male,1,No,No,1,Yes,DSL,Month-to-month,Electronic check,46.3,46.3,0,0.7224609539340905,1,HIGH RISK,2026-08-30 13:02:06
7925-PNRGI,Female,0,Yes,Yes,45,Yes,DSL,Month-to-month,Mailed check,81.3,3541.1,0,0.11667416993579346,0,LOW RISK,2026-08-30 13:02:06
8623-TMRBY,Male,1,Yes,Yes,51,Yes,Fiber optic,Month-to-month,Electronic check,84.2,4146.05,1,0.6547670097074466,1,MEDIUM RISK,2026-08-30 13:02:06
1552-CZCLL,Female,0,Yes,Yes,55,Yes,No,Month-to-month,Credit card (automatic),20.0,1087.25,0,0.08010811168369587,0,LOW RISK,2026-08-30 13:02:06
3038-PQIUY,Female,0,No,No,38,Yes,DSL,Month-to-month,Bank transfer (automatic),66.15,2522.4,0,0.20820456948010757,0,LOW RISK,2026-08-30 13:02:06
1501-SGHBW,Male,0,No,No,2,Yes,DSL,Month-to-month,Mailed check,45.85,81.0,1,0.5976455306029415,1,MEDIUM RISK,2026-08-30 13:02:06
9313-CDOGY,Male,0,Yes,Yes,38,Yes,No,Month-to-month,Electronic check,19.6,717.3,0,0.13154838847939745,0,LOW RISK,2026-08-30 13:02:06
8148-BPLZQ,Male,0,No,No,34,Yes,DSL,Month-to-month,Electronic check,49.8,1734.2,0,0.40468220680904876,0,MEDIUM RISK,2026-08-30 13:02:06
2623-DRYAM,Female,0,Yes,No,70,Yes,Fiber optic,One year,Electronic check,101.75,7069.3,0,0.5035833133264919,1,MEDIUM RISK,2026-08-30 13:02:06
9987-LUTYD,Female,0,No,No,13,Yes,DSL,One year,Mailed check,55.15,742.9,0,0.14242287983241564,0,LOW RISK,2026-08-30 13:02:06
3208-YPIOE,Male,0,No,No,39,Yes,Fiber optic,Month-to-month,Electronic check,75.25,3017.65,1,0.5839557193787779,1,MEDIUM RISK,2026-08-30 13:02:06
4488-KQFDT,Female,0,No,No,61,Yes,Fiber optic,One year,Electronic check,103.95,6423.0,0,0.5588044535775527,1,MEDIUM RISK,2026-08-30 13:02:06
2612-RANWT,Female,0,No,No,12,Yes,Fiber optic,Month-to-month,Bank transfer (automatic),100.15,1164.3,1,0.885142323245141,1,HIGH RISK,2026-08-30 13:02:06
5693-PIPCS,Male,0,No,No,41,Yes,Fiber optic,Two year,Credit card (automatic),99.65,4220.35,0,0.21024773956196097,0,LOW RISK,2026-08-30 13:02:06
0491-KAPQG,Male,0,No,No,21,Yes,Fiber optic,Month-to-month,Electronic check,73.7,1558.7,0,0.7557801976047718,1,HIGH RISK,2026-08-30 13:02:06
1925-LFCZZ,Male,1,No,No,55,No,DSL,One year,Bank transfer (automatic),50.05,2743.45,0,0.37417400316517013,0,LOW RISK,2026-08-30 13:02:06
8039-EQPIM,Male,0,Yes,No,69,No,DSL,Two year,Bank transfer (automatic),60.25,4055.5,0,0.05037364659316542,0,LOW RISK,2026-08-30 13:02:06
6900-PXRMS,Male,1,Yes,Yes,26,Yes,Fiber optic,Month-to-month,Electronic check,105.75,2710.25,1,0.7859534134480712,1,HIGH RISK,2026-08-30 13:02:06
8707-RMEZH,Female,1,Yes,No,69,Yes,Fiber optic,One year,Credit card (automatic),87.3,6055.55,0,0.1717731340024298,0,LOW RISK,2026-08-30 13:02:06
3346-BRMIS,Female,1,Yes,No,18,No,DSL,Month-to-month,Electronic check,48.35,810.7,1,0.7870496235951758,1,HIGH RISK,2026-08-30 13:02:06
3209-ZPKFI,Male,0,Yes,Yes,47,Yes,DSL,Month-to-month,Electronic check,54.25,2538.2,0,0.2533994450718917,0,LOW RISK,2026-08-30 13:02:06
6479-VDGRK,Female,0,Yes,Yes,72,Yes,DSL,Two year,Bank transfer (automatic),85.3,6129.2,0,0.01794573540340588,0,LOW RISK,2026-08-30 13:02:06
9373-WSLOY,Male,1,Yes,No,33,No,DSL,Month-to-month,Electronic check,50.0,1750.85,0,0.5606841471731173,1,MEDIUM RISK,2026-08-30 13:02:06
2933-FILNV,Female,0,Yes,Yes,2,No,DSL,Month-to-month,Mailed check,24.4,36.55,1,0.7174296641761082,1,HIGH RISK,2026-08-30 13:02:06
3569-JFODW,Female,0,Yes,Yes,72,Yes,DSL,Two year,Credit card (automatic),90.95,6652.45,0,0.02543103939701934,0,LOW RISK,2026-08-30 13:02:06
9819-FBNSV,Male,1,Yes,No,37,Yes,Fiber optic,Month-to-month,Bank transfer (automatic),72.25,2575.45,0,0.5411471919565428,1,MEDIUM RISK,2026-08-30 13:02:06
9544-PYPSJ,Female,1,Yes,Yes,62,Yes,Fiber optic,Month-to-month,Credit card (automatic),96.1,6019.35,0,0.5506347274474251,1,MEDIUM RISK,2026-08-30 13:02:06
1591-XWLGB,Female,0,Yes,No,71,Yes,No,Two year,Credit card (automatic),19.85,1379.6,0,0.012240913067040424,0,LOW RISK,2026-08-30 13:02:06
0396-UKGAI,Male,0,No,Yes,23,Yes,DSL,Month-to-month,Bank transfer (automatic),55.3,1284.2,0,0.2542701716829367,0,LOW RISK,2026-08-30 13:02:06
3243-ZHOHY,Female,0,No,No,16,Yes,No,One year,Mailed check,20.1,296.15,0,0.09979370917398711,0,LOW RISK,2026-08-30 13:02:06
5186-EJEGL,Male,0,No,No,9,Yes,DSL,Month-to-month,Mailed check,69.5,653.25,0,0.46699464513005495,0,MEDIUM RISK,2026-08-30 13:02:06
7527-QNRUS,Male,0,Yes,Yes,17,Yes,No,Two year,Mailed check,25.15,412.6,0,0.07418637980632894,0,LOW RISK,2026-08-30 13:02:06
9986-BONCE,Female,0,No,No,4,Yes,No,Month-to-month,Bank transfer (automatic),20.95,85.5,1,0.34842971561423963,0,LOW RISK,2026-08-30 13:02:06
2722-JMONI,Female,1,Yes,No,1,Yes,DSL,Month-to-month,Electronic check,49.55,49.55,1,0.7255207405780538,1,HIGH RISK,2026-08-30 13:02:06
2203-GHNWN,Female,0,Yes,No,24,Yes,Fiber optic,Month-to-month,Mailed check,79.65,1928.7,0,0.6641109970709534,1,MEDIUM RISK,2026-08-30 13:02:06
3878-AVSOQ,Female,1,No,No,1,Yes,Fiber optic,Month-to-month,Electronic check,71.25,71.25,0,0.8842766006450223,1,HIGH RISK,2026-08-30 13:02:06
3258-SYSWS,Male,1,No,No,72,Yes,Fiber optic,Two year,Bank transfer (automatic),113.8,7845.8,0,0.10423470259039451,0,LOW RISK,2026-08-30 13:02:06
5296-PSYVW,Female,0,Yes,No,72,Yes,No,Two year,Electronic check,24.55,1750.7,0,0.023298376979924037,0,LOW RISK,2026-08-30 13:02:06
6319-QSUSR,Female,0,No,Yes,11,Yes,No,Month-to-month,Credit card (automatic),19.7,216.2,0,0.25721431734331773,0,LOW RISK,2026-08-30 13:02:06
4083-EUGRJ,Male,0,No,No,9,Yes,No,Month-to-month,Mailed check,20.25,178.5,1,0.322902184590318,0,LOW RISK,2026-08-30 13:02:06
7579-OOPEC,Female,1,Yes,No,2,Yes,DSL,Month-to-month,Credit card (automatic),50.15,115.1,1,0.6180107729775872,1,MEDIUM RISK,2026-08-30 13:02:06
0512-FLFDW,Female,1,Yes,No,60,Yes,Fiber optic,One year,Credit card (automatic),100.5,6029.0,0,0.5453720351059749,1,MEDIUM RISK,2026-08-30 13:02:06
1771-OADNZ,Male,1,Yes,No,29,Yes,Fiber optic,Month-to-month,Electronic check,95.9,2745.2,1,0.809088457088303,1,HIGH RISK,2026-08-30 13:02:06
0487-CRLZF,Female,0,No,No,49,Yes,DSL,Two year,Bank transfer (automatic),74.45,3721.9,0,0.10317430823778231,0,LOW RISK,2026-08-30 13:02:06
2107-FBPTK,Female,1,No,No,30,Yes,Fiber optic,Month-to-month,Electronic check,104.1,3121.1,0,0.8447317440764256,1,HIGH RISK,2026-08-30 13:02:06
9451-WLYRI,Female,0,Yes,No,53,Yes,No,One year,Credit card (automatic),19.05,990.45,0,0.05310485794559406,0,LOW RISK,2026-08-30 13:02:06
8219-VYBVI,Male,0,No,Yes,39,Yes,No,Two year,Mailed check,25.0,1004.35,0,0.02846524982929156,0,LOW RISK,2026-08-30 13:02:06
1991-VOPLL,Female,0,No,No,9,Yes,No,Month-to-month,Mailed check,19.05,157.65,0,0.3208808768409802,0,LOW RISK,2026-08-30 13:02:06
9738-QLWTP,Male,0,No,No,39,Yes,Fiber optic,One year,Electronic check,81.9,3219.75,0,0.2675063923421049,0,LOW RISK,2026-08-30 13:02:06
1016-DJTSV,Male,1,No,No,8,Yes,Fiber optic,Month-to-month,Electronic check,69.7,572.85,0,0.8629529293458815,1,HIGH RISK,2026-08-30 13:02:06
9419-IPPBE,Female,0,Yes,Yes,51,Yes,Fiber optic,One year,Electronic check,90.15,4554.85,0,0.5415539375275279,1,MEDIUM RISK,2026-08-30 13:02:06
0174-QRVVY,Male,0,Yes,Yes,71,Yes,No,Two year,Credit card (automatic),25.35,1847.55,0,0.014029395865870408,0,LOW RISK,2026-08-30 13:02:06
5699-BNCAS,Male,1,No,No,71,Yes,No,Two year,Mailed check,24.65,1766.75,0,0.028036725470734495,0,LOW RISK,2026-08-30 13:02:06
2900-PHPLN,Female,1,Yes,No,70,Yes,No,Two year,Credit card (automatic),19.55,1462.05,0,0.021324125143827314,0,LOW RISK,2026-08-30 13:02:06
0612-RTZZA,Female,1,No,No,1,No,DSL,Month-to-month,Electronic check,25.25,25.25,1,0.7892075873307225,1,HIGH RISK,2026-08-30 13:02:06
8106-GWQOK,Male,0,Yes,No,38,No,DSL,Two year,Bank transfer (automatic),60.0,2193.2,0,0.10808646117920782,0,LOW RISK,2026-08-30 13:02:06
8751-EDEKA,Female,0,Yes,No,28,Yes,Fiber optic,Month-to-month,Credit card (automatic),89.9,2433.5,0,0.5637846496269716,1,MEDIUM RISK,2026-08-30 13:02:06
6878-GGDWG,Female,0,Yes,No,32,Yes,No,Month-to-month,Bank transfer (automatic),19.4,641.15,0,0.1336252259379962,0,LOW RISK,2026-08-30 13:02:06
4039-PIMHX,Male,1,Yes,No,49,Yes,DSL,Two year,Mailed check,49.8,2398.4,0,0.07677376376444278,0,LOW RISK,2026-08-30 13:02:06
8450-LUGUK,Female,0,Yes,Yes,37,Yes,No,Two year,Bank transfer (automatic),24.1,861.85,0,0.04157339415504962,0,LOW RISK,2026-08-30 13:02:06
3604-WLABM,Female,0,No,No,10,Yes,DSL,Month-to-month,Electronic check,54.25,583.0,0,0.552763025545343,1,MEDIUM RISK,2026-08-30 13:02:06
0795-GMVQO,Male,0,Yes,No,67,Yes,Fiber optic,One year,Credit card (automatic),109.9,7332.4,0,0.26861248090708456,0,LOW RISK,2026-08-30 13:02:06
2259-OUUSZ,Male,0,No,No,7,No,DSL,One year,Credit card (automatic),35.5,249.55,0,0.47810263192863434,0,MEDIUM RISK,2026-08-30 13:02:06
1142-IHLOO,Female,0,No,No,51,Yes,Fiber optic,One year,Credit card (automatic),87.55,4475.9,0,0.4152649233511442,0,MEDIUM RISK,2026-08-30 13:02:06
6410-LEFEN,Female,0,No,No,9,Yes,DSL,Month-to-month,Electronic check,45.15,416.45,1,0.6204962556447969,1,MEDIUM RISK,2026-08-30 13:02:06
4633-MKHYU,Female,0,No,No,9,Yes,Fiber optic,Month-to-month,Mailed check,88.4,788.6,0,0.8715347904499426,1,HIGH RISK,2026-08-30 13:02:06
6257-RJOHI,Male,0,No,No,4,Yes,DSL,Month-to-month,Mailed check,50.8,202.3,0,0.5987925041914526,1,MEDIUM RISK,2026-08-30 13:02:06
1545-JFUML,Male,0,Yes,No,71,Yes,Fiber optic,Two year,Electronic check,99.0,6994.6,0,0.1735447769642611,0,LOW RISK,2026-08-30 13:02:06
3194-ORPIK,Female,0,Yes,Yes,50,Yes,Fiber optic,Month-to-month,Bank transfer (automatic),84.4,4116.15,1,0.6237397766134154,1,MEDIUM RISK,2026-08-30 13:02:06
7826-VVKWT,Female,1,Yes,Yes,24,Yes,Fiber optic,Two year,Electronic check,96.55,2263.45,0,0.4323464407497782,0,MEDIUM RISK,2026-08-30 13:02:06
1353-GHZOS,Male,0,Yes,No,22,Yes,DSL,One year,Bank transfer (automatic),59.75,1374.35,0,0.23627005366367332,0,LOW RISK,2026-08-30 13:02:06
2587-EKXTS,Male,0,No,No,44,Yes,Fiber optic,Month-to-month,Electronic check,111.5,4915.15,0,0.6632784883956239,1,MEDIUM RISK,2026-08-30 13:02:06
5442-BXVND,Female,0,Yes,Yes,33,Yes,No,Month-to-month,Bank transfer (automatic),24.25,838.5,0,0.1436459427645295,0,LOW RISK,2026-08-30 13:02:06
8816-VXNZD,Female,0,No,No,1,Yes,Fiber optic,Month-to-month,Electronic check,75.1,75.1,1,0.899900374862923,1,HIGH RISK,2026-08-30 13:02:06
9378-FXTIZ,Female,0,Yes,No,54,Yes,DSL,One year,Credit card (automatic),70.15,3715.65,1,0.2783838501123998,0,LOW RISK,2026-08-30 13:02:06
1723-HKXJQ,Male,0,No,No,42,Yes,Fiber optic,Month-to-month,Electronic check,101.75,4273.45,1,0.7462357002028461,1,HIGH RISK,2026-08-30 13:02:06
7825-GKXMW,Female,0,No,No,1,Yes,DSL,Month-to-month,Electronic check,45.8,45.8,1,0.6852374078110272,1,MEDIUM RISK,2026-08-30 13:02:06
9753-OYLBX,Female,0,No,No,1,Yes,No,Month-to-month,Mailed check,20.5,20.5,0,0.38796469935731454,0,LOW RISK,2026-08-30 13:02:06
2364-UFROM,Male,0,No,No,30,Yes,DSL,One year,Electronic check,70.4,2044.75,0,0.11826641539078374,0,LOW RISK,2026-08-30 13:02:06
6656-JWRQX,Female,0,No,No,1,No,DSL,Month-to-month,Mailed check,30.55,30.55,0,0.6263755757325378,1,MEDIUM RISK,2026-08-30 13:02:06
6473-ULUHT,Male,0,Yes,Yes,16,Yes,DSL,Month-to-month,Electronic check,84.9,1398.25,0,0.3843655219607165,0,LOW RISK,2026-08-30 13:02:06
1240-KNSEZ,Male,0,No,No,1,Yes,No,Month-to-month,Mailed check,20.1,20.1,1,0.4808898413492494,0,MEDIUM RISK,2026-08-30 13:02:06
0836-SEYLU,Male,0,Yes,No,9,No,DSL,Month-to-month,Mailed check,40.65,328.95,1,0.6337556104956139,1,MEDIUM RISK,2026-08-30 13:02:06
4433-JCGCG,Male,1,Yes,No,46,Yes,Fiber optic,Month-to-month,Electronic check,101.0,4680.05,1,0.784578865535595,1,HIGH RISK,2026-08-30 13:02:06
3716-BDVDB,Male,0,No,No,1,Yes,Fiber optic,Month-to-month,Electronic check,69.1,69.1,1,0.8740235772290977,1,HIGH RISK,2026-08-30 13:02:06
7688-AWMDX,Male,0,Yes,No,71,Yes,DSL,Two year,Bank transfer (automatic),54.5,3778.2,0,0.017807073677592787,0,LOW RISK,2026-08-30 13:02:06
2842-BCQGE,Male,0,No,No,43,Yes,Fiber optic,Month-to-month,Credit card (automatic),75.35,3161.4,0,0.5375229201478244,1,MEDIUM RISK,2026-08-30 13:02:06
7244-QWYHG,Male,0,Yes,No,50,No,DSL,One year,Bank transfer (automatic),44.45,2188.45,0,0.1874641363129373,0,LOW RISK,2026-08-30 13:02:06
5899-MQZZL,Female,0,No,No,13,Yes,Fiber optic,Month-to-month,Mailed check,75.0,999.45,1,0.7361829778179402,1,HIGH RISK,2026-08-30 13:02:06
6849-OYAMU,Male,0,Yes,Yes,19,Yes,Fiber optic,One year,Bank transfer (automatic),100.0,1888.65,1,0.36106867510646473,0,LOW RISK,2026-08-30 13:02:06
5312-UXESG,Female,0,No,No,41,Yes,Fiber optic,Month-to-month,Bank transfer (automatic),98.05,3990.6,0,0.6318575877378242,1,MEDIUM RISK,2026-08-30 13:02:06
9488-HGMJH,Female,1,No,No,1,Yes,Fiber optic,Month-to-month,Electronic check,71.15,71.15,1,0.8844627175012088,1,HIGH RISK,2026-08-30 13:02:06
6038-GCYEC,Female,0,No,No,24,No,DSL,Month-to-month,Credit card (automatic),54.15,1240.25,1,0.5953383118994455,1,MEDIUM RISK,2026-08-30 13:02:06
2150-WLKUW,Female,0,Yes,No,40,Yes,DSL,One year,Bank transfer (automatic),63.9,2635.0,0,0.19151565415642308,0,LOW RISK,2026-08-30 13:02:06
7159-FVYPK,Female,0,Yes,Yes,3,Yes,DSL,Month-to-month,Bank transfer (automatic),69.15,235.0,0,0.6676314400578642,1,MEDIUM RISK,2026-08-30 13:02:06
7032-LMBHI,Female,0,No,No,37,Yes,DSL,One year,Bank transfer (automatic),64.65,2347.85,0,0.16289302384501395,0,LOW RISK,2026-08-30 13:02:06
1150-WFARN,Female,0,Yes,Yes,67,Yes,Fiber optic,Two year,Credit card (automatic),108.75,7156.2,1,0.13765597240134408,0,LOW RISK,2026-08-30 13:02:06
6088-BXMRG,Female,0,Yes,Yes,32,Yes,Fiber optic,Month-to-month,Electronic check,98.85,3089.6,0,0.778828049752837,1,HIGH RISK,2026-08-30 13:02:06
3144-AUDBS,Female,0,Yes,No,6,Yes,DSL,Month-to-month,Electronic check,49.15,270.8,1,0.6679988803181043,1,MEDIUM RISK,2026-08-30 13:02:06
4821-SJHJV,Female,0,Yes,Yes,32,Yes,Fiber optic,Month-to-month,Electronic check,89.6,2901.8,0,0.5846785794816977,1,MEDIUM RISK,2026-08-30 13:02:06
7346-MEDWM,Female,0,No,No,59,Yes,Fiber optic,Month-to-month,Electronic check,83.25,4949.1,0,0.5939447157378461,1,MEDIUM RISK,2026-08-30 13:02:06
1137-DGOWI,Female,0,Yes,No,30,Yes,DSL,One year,Bank transfer (automatic),70.25,2198.9,0,0.12334399871687937,0,LOW RISK,2026-08-30 13:02:06
5616-PRTNT,Male,0,No,Yes,20,Yes,No,Month-to-month,Electronic check,19.4,374.5,1,0.2523950498195021,0,LOW RISK,2026-08-30 13:02:06
3812-LRZIR,Female,0,Yes,Yes,27,Yes,No,Two year,Electronic check,24.5,761.95,0,0.06407866963872766,0,LOW RISK,2026-08-30 13:02:06
4818-QIUFN,Female,1,No,No,20,Yes,Fiber optic,Month-to-month,Electronic check,79.15,1520.9,1,0.713231289217727,1,HIGH RISK,2026-08-30 13:02:06
9483-GCPWE,Male,0,No,Yes,9,Yes,No,One year,Mailed check,20.1,190.25,0,0.15617827629875214,0,LOW RISK,2026-08-30 13:02:06
4227-OJHAL,Female,0,Yes,Yes,68,Yes,DSL,One year,Credit card (automatic),73.0,5163.0,0,0.08311788004967,0,LOW RISK,2026-08-30 13:02:06
9220-CXRSC,Female,0,Yes,Yes,69,Yes,DSL,Two year,Credit card (automatic),61.4,4059.85,0,0.02069302244171512,0,LOW RISK,2026-08-30 13:02:06
4993-JCRGJ,Male,0,No,No,26,Yes,Fiber optic,Month-to-month,Mailed check,84.3,2281.6,0,0.6329335200568825,1,MEDIUM RISK,2026-08-30 13:02:06
9537-JALFH,Male,0,Yes,Yes,69,Yes,No,Two year,Bank transfer (automatic),19.9,1356.7,0,0.010691973960439098,0,LOW RISK,2026-08-30 13:02:06
6698-OXETB,Male,0,No,No,11,Yes,No,Two year,Mailed check,20.4,231.45,0,0.08694013377794264,0,LOW RISK,2026-08-30 13:02:06
2103-ZRXFN,Male,0,No,No,1,Yes,DSL,Month-to-month,Mailed check,50.75,50.75,0,0.6809462531448036,1,MEDIUM RISK,2026-08-30 13:02:06
3724-BSCVH,Male,0,Yes,Yes,10,Yes,No,One year,Mailed check,20.45,242.4,0,0.15625258814457488,0,LOW RISK,2026-08-30 13:02:06
4877-TSOFF,Female,0,Yes,Yes,55,Yes,DSL,One year,Bank transfer (automatic),75.75,4264.25,0,0.09238452975587859,0,LOW RISK,2026-08-30 13:02:06
9209-NWPGU,Male,0,No,No,44,Yes,DSL,One year,Electronic check,65.4,2774.55,0,0.08439300001888556,0,LOW RISK,2026-08-30 13:02:06
6961-VCPMC,Male,1,Yes,No,46,Yes,Fiber optic,Month-to-month,Electronic check,80.4,3605.2,1,0.6519411023158858,1,MEDIUM RISK,2026-08-30 13:02:06
7306-YDSOI,Male,0,Yes,Yes,69,Yes,DSL,Two year,Bank transfer (automatic),59.75,4069.9,0,0.026245299968177652,0,LOW RISK,2026-08-30 13:02:06
5288-AHOUP,Male,1,No,No,11,Yes,Fiber optic,Month-to-month,Electronic check,78.5,874.2,0,0.8897164311645444,1,HIGH RISK,2026-08-30 13:02:06
6688-UZPWD,Female,0,Yes,No,11,Yes,Fiber optic,Month-to-month,Electronic check,102.0,1145.35,1,0.913480629529075,1,HIGH RISK,2026-08-30 13:02:06
0655-YDGFJ,Male,0,No,No,29,Yes,DSL,Month-to-month,Bank transfer (automatic),48.95,1323.7,0,0.30798835492967597,0,LOW RISK,2026-08-30 13:02:06
8468-EHYJA,Female,0,Yes,No,57,Yes,Fiber optic,Month-to-month,Electronic check,99.65,5497.05,0,0.6991106525582798,1,MEDIUM RISK,2026-08-30 13:02:06
6823-SIDFQ,Male,0,No,No,28,Yes,No,One year,Credit card (automatic),18.25,534.7,0,0.0821306756440502,0,LOW RISK,2026-08-30 13:02:06
1097-FSPVW,Female,0,No,No,42,Yes,DSL,Month-to-month,Credit card (automatic),54.55,2455.05,0,0.16466586917858164,0,LOW RISK,2026-08-30 13:02:06
2839-RFSQE,Female,0,No,No,2,Yes,No,Month-to-month,Mailed check,20.65,38.7,1,0.37695202740587114,0,LOW RISK,2026-08-30 13:02:06
8328-SKJNO,Male,0,No,Yes,23,No,DSL,One year,Bank transfer (automatic),40.65,947.4,0,0.10061932916414126,0,LOW RISK,2026-08-30 13:02:06
7010-ZMVBF,Female,0,Yes,Yes,18,Yes,No,Month-to-month,Mailed check,20.45,357.0,0,0.15279765707206783,0,LOW RISK,2026-08-30 13:02:06
5201-CBWYG,Male,0,Yes,Yes,62,Yes,No,One year,Bank transfer (automatic),24.8,1476.25,0,0.04125897513249172,0,LOW RISK,2026-08-30 13:02:06
0968-GSIKN,Female,0,No,No,1,Yes,Fiber optic,Month-to-month,Mailed check,70.8,70.8,1,0.8219738568022541,1,HIGH RISK,2026-08-30 13:02:06
1965-DDBWU,Male,0,No,No,16,Yes,Fiber optic,Month-to-month,Credit card (automatic),89.05,1448.6,1,0.7284517146200427,1,HIGH RISK,2026-08-30 13:02:06
9057-SIHCH,Female,0,No,No,3,Yes,Fiber optic,Month-to-month,Electronic check,96.6,291.9,1,0.9377428547918661,1,HIGH RISK,2026-08-30 13:02:06
6352-GIGGQ,Male,0,No,No,67,Yes,DSL,One year,Bank transfer (automatic),88.8,5903.15,0,0.10480848452679291,0,LOW RISK,2026-08-30 13:02:06
3635-QQRQD,Male,0,No,No,62,Yes,No,Two year,Credit card (automatic),20.05,1201.65,0,0.024014657944497433,0,LOW RISK,2026-08-30 13:02:06
6771-XWBDM,Female,0,Yes,No,57,Yes,Fiber optic,Month-to-month,Credit card (automatic),104.5,5921.35,1,0.6826111010608057,1,MEDIUM RISK,2026-08-30 13:02:06
2897-DOVND,Male,0,No,No,2,Yes,Fiber optic,Month-to-month,Electronic check,69.8,146.65,0,0.8699610283477198,1,HIGH RISK,2026-08-30 13:02:06
3082-YVEKW,Female,0,Yes,Yes,23,Yes,DSL,Two year,Bank transfer (automatic),77.15,1759.4,0,0.0709206531965791,0,LOW RISK,2026-08-30 13:02:06
0191-EQUUH,Female,0,No,Yes,25,No,DSL,Two year,Bank transfer (automatic),35.05,844.45,0,0.059721238721070935,0,LOW RISK,2026-08-30 13:02:06
7134-HBPBS,Female,1,No,No,72,Yes,Fiber optic,Two year,Bank transfer (automatic),108.1,7774.05,0,0.19244606877326353,0,LOW RISK,2026-08-30 13:02:06
3489-HHPFY,Female,0,Yes,No,2,Yes,Fiber optic,Month-to-month,Electronic check,84.05,134.05,0,0.9202759068705624,1,HIGH RISK,2026-08-30 13:02:06
2926-JEJJC,Female,0,No,No,8,Yes,No,One year,Bank transfer (automatic),20.2,140.95,0,0.23530155392378302,0,LOW RISK,2026-08-30 13:02:06
8601-QACRS,Female,0,No,No,5,Yes,DSL,Month-to-month,Mailed check,50.6,249.95,1,0.7167425349308134,1,HIGH RISK,2026-08-30 13:02:06
4950-BDEUX,Male,0,No,No,35,No,DSL,Month-to-month,Electronic check,49.2,1701.65,0,0.5870686159778505,1,MEDIUM RISK,2026-08-30 13:02:06
5789-LDFXO,Male,0,No,No,24,Yes,No,One year,Electronic check,24.6,592.65,0,0.14049089584351251,0,LOW RISK,2026-08-30 13:02:06
0508-OOLTO,Female,0,Yes,Yes,2,Yes,Fiber optic,Month-to-month,Electronic check,71.65,135.75,0,0.837224584073928,1,HIGH RISK,2026-08-30 13:02:06
2984-TBYKU,Male,0,Yes,Yes,72,Yes,Fiber optic,Two year,Credit card (automatic),104.9,7732.65,0,0.08267827618333419,0,LOW RISK,2026-08-30 13:02:06
9822-WMWVG,Female,0,No,No,41,Yes,Fiber optic,Month-to-month,Electronic check,106.5,4282.4,0,0.5317947265070281,1,MEDIUM RISK,2026-08-30 13:02:06
2391-SOORI,Male,0,No,Yes,4,Yes,DSL,Month-to-month,Electronic check,49.35,219.65,1,0.538896436762137,1,MEDIUM RISK,2026-08-30 13:02:06
9040-KZVWO,Male,0,No,No,26,Yes,Fiber optic,One year,Bank transfer (automatic),75.5,2018.1,0,0.3124296255096605,0,LOW RISK,2026-08-30 13:02:06
2645-QTLMB,Male,0,No,No,7,Yes,Fiber optic,Month-to-month,Electronic check,94.25,669.0,1,0.9027052916965291,1,HIGH RISK,2026-08-30 13:02:06
4806-HIPDW,Female,0,Yes,No,1,Yes,Fiber optic,Month-to-month,Electronic check,68.95,68.95,1,0.8752668575811707,1,HIGH RISK,2026-08-30 13:02:06
1548-ARAGG,Female,0,Yes,Yes,4,Yes,DSL,Month-to-month,Mailed check,58.5,224.85,0,0.6004993544261643,1,MEDIUM RISK,2026-08-30 13:02:06
6339-RZCBJ,Male,0,No,No,48,Yes,DSL,Two year,Credit card (automatic),78.9,3771.5,0,0.04552427179789697,0,LOW RISK,2026-08-30 13:02:06
4424-TKOPW,Male,1,No,No,2,Yes,Fiber optic,Month-to-month,Electronic check,93.85,196.75,1,0.9525217199905659,1,HIGH RISK,2026-08-30 13:02:06
4415-WNGVR,Female,1,Yes,No,12,Yes,DSL,One year,Electronic check,79.2,943.85,0,0.466562613550833,0,MEDIUM RISK,2026-08-30 13:02:06
2522-AHJXR,Male,0,Yes,No,60,Yes,Fiber optic,Month-to-month,Bank transfer (automatic),109.45,6572.85,0,0.5376547217787739,1,MEDIUM RISK,2026-08-30 13:02:06
0412-UCCNP,Male,0,No,No,55,Yes,DSL,Two year,Electronic check,59.2,3175.85,0,0.06446348259154976,0,LOW RISK,2026-08-30 13:02:06
1816-FLZDK,Male,0,No,No,1,No,DSL,Month-to-month,Mailed check,29.15,29.15,0,0.6383626398723659,1,MEDIUM RISK,2026-08-30 13:02:06
7096-UCLNH,Male,0,No,No,1,Yes,No,Month-to-month,Mailed check,20.05,20.05,0,0.3961338404824328,0,LOW RISK,2026-08-30 13:02:06
8443-ZRDBZ,Male,0,No,No,4,Yes,Fiber optic,Month-to-month,Electronic check,76.05,318.9,1,0.8918977458428451,1,HIGH RISK,2026-08-30 13:02:06
9136-ALYBR,Male,0,No,No,1,No,DSL,Month-to-month,Mailed check,24.45,24.45,1,0.7676081434071022,1,HIGH RISK,2026-08-30 13:02:06
4615-PIVVU,Female,0,No,No,42,Yes,DSL,Two year,Credit card (automatic),66.5,2762.75,0,0.04329824920560313,0,LOW RISK,2026-08-30 13:02:06
8885-QSQBX,Female,0,No,No,1,Yes,DSL,Month-to-month,Bank transfer (automatic),49.55,49.55,0,0.5083239500957384,1,MEDIUM RISK,2026-08-30 13:02:06
7479-NITWS,Male,0,No,No,7,Yes,Fiber optic,Month-to-month,Credit card (automatic),89.35,631.85,1,0.8772209668909503,1,HIGH RISK,2026-08-30 13:02:06
8617-ENBDS,Male,0,No,No,3,Yes,Fiber optic,Month-to-month,Credit card (automatic),73.6,232.5,0,0.8225266704696816,1,HIGH RISK,2026-08-30 13:02:06
9385-NXKDA,Female,0,Yes,No,72,Yes,DSL,Two year,Credit card (automatic),82.65,5919.35,0,0.05792753898356728,0,LOW RISK,2026-08-30 13:02:06
0430-IHCDJ,Male,0,No,No,15,Yes,DSL,Month-to-month,Electronic check,49.0,749.25,0,0.6384244270788934,1,MEDIUM RISK,2026-08-30 13:02:06
2959-MJHIC,Male,0,Yes,No,4,Yes,Fiber optic,Month-to-month,Electronic check,80.35,307.4,1,0.8930172485501658,1,HIGH RISK,2026-08-30 13:02:06
6674-KVJHG,Female,0,No,No,11,Yes,No,One year,Electronic check,25.2,245.15,0,0.28056022811204095,0,LOW RISK,2026-08-30 13:02:06
1814-DKOLC,Female,0,No,No,5,Yes,No,Month-to-month,Mailed check,25.45,134.75,0,0.42518887456694043,0,MEDIUM RISK,2026-08-30 13:02:06
4201-JMNGR,Female,1,No,No,1,Yes,DSL,Month-to-month,Electronic check,55.8,55.8,1,0.7162100598155493,1,HIGH RISK,2026-08-30 13:02:06
9351-HXDMR,Male,0,Yes,No,72,Yes,Fiber optic,Two year,Credit card (automatic),110.9,8240.85,0,0.14687034363492835,0,LOW RISK,2026-08-30 13:02:06
3537-HPKQT,Female,0,Yes,No,55,Yes,Fiber optic,Month-to-month,Credit card (automatic),77.75,4266.4,0,0.5420450487239225,1,MEDIUM RISK,2026-08-30 13:02:06
2129-ALKBS,Female,0,Yes,Yes,40,Yes,No,Month-to-month,Electronic check,26.2,1077.5,0,0.20600218568831552,0,LOW RISK,2026-08-30 13:02:06
5821-MMEIL,Female,0,Yes,No,57,Yes,No,Two year,Bank transfer (automatic),19.9,1115.6,0,0.02039015179210465,0,LOW RISK,2026-08-30 13:02:06
5960-WPXQM,Male,0,No,No,1,Yes,Fiber optic,Month-to-month,Electronic check,79.05,79.05,1,0.9030618208863431,1,HIGH RISK,2026-08-30 13:02:06
0684-AOSIH,Male,0,Yes,No,1,Yes,Fiber optic,Month-to-month,Electronic check,95.0,95.0,1,0.8997965548187555,1,HIGH RISK,2026-08-30 13:02:06
8260-NGFNY,Female,0,No,No,1,No,DSL,Month-to-month,Mailed check,25.2,25.2,1,0.6919148177798656,1,MEDIUM RISK,2026-08-30 13:02:06
1309-XGFSN,Male,1,Yes,Yes,52,Yes,DSL,One year,Electronic check,80.85,4079.55,0,0.3441901531095291,0,LOW RISK,2026-08-30 13:02:06
1866-RZZQS,Male,1,No,No,41,Yes,Fiber optic,Month-to-month,Electronic check,98.4,4187.75,1,0.8161445379652432,1,HIGH RISK,2026-08-30 13:02:06
6968-URWQU,Male,0,Yes,No,43,Yes,DSL,One year,Mailed check,56.35,2391.15,0,0.2002736746958792,0,LOW RISK,2026-08-30 13:02:06
4742-TXUEX,Female,0,Yes,Yes,47,Yes,No,Two year,Bank transfer (automatic),19.3,890.5,0,0.014912966941018338,0,LOW RISK,2026-08-30 13:02:06
9631-XEYKE,Male,0,No,No,3,Yes,DSL,Month-to-month,Bank transfer (automatic),50.4,137.25,0,0.6516353640507953,1,MEDIUM RISK,2026-08-30 13:02:06
8631-NBHFZ,Male,1,Yes,Yes,66,Yes,DSL,Two year,Credit card (automatic),79.4,5154.6,1,0.026692972877370876,0,LOW RISK,2026-08-30 13:02:06
1335-MXCSE,Male,0,Yes,Yes,55,Yes,DSL,Two year,Credit card (automatic),55.25,3119.9,0,0.054283344309483145,0,LOW RISK,2026-08-30 13:02:06
8873-TMKGR,Male,0,No,No,29,Yes,No,One year,Mailed check,19.1,529.5,0,0.07867908718141653,0,LOW RISK,2026-08-30 13:02:06
8800-JOOCF,Female,0,No,Yes,12,Yes,Fiber optic,Month-to-month,Electronic check,84.05,966.55,0,0.870729161091846,1,HIGH RISK,2026-08-30 13:02:06
1469-LBJQJ,Female,0,Yes,No,66,Yes,Fiber optic,Month-to-month,Electronic check,105.2,6936.85,0,0.692823987471119,1,MEDIUM RISK,2026-08-30 13:02:06
4958-XCBDQ,Male,1,No,No,35,Yes,Fiber optic,Month-to-month,Electronic check,101.4,3496.3,1,0.8349467344087934,1,HIGH RISK,2026-08-30 13:02:06
8337-UPOAQ,Male,1,Yes,No,10,Yes,Fiber optic,Month-to-month,Electronic check,89.8,914.3,1,0.9211186077573006,1,HIGH RISK,2026-08-30 13:02:06
0064-YIJGF,Male,0,Yes,Yes,27,Yes,Fiber optic,Month-to-month,Bank transfer (automatic),75.75,1929.0,0,0.6187042732628403,1,MEDIUM RISK,2026-08-30 13:02:06
2386-OWURY,Female,0,No,No,58,Yes,Fiber optic,Month-to-month,Electronic check,95.3,5817.7,0,0.6421713535424006,1,MEDIUM RISK,2026-08-30 13:02:06
1725-IQNIY,Male,0,Yes,No,54,Yes,Fiber optic,Two year,Bank transfer (automatic),109.75,6110.2,1,0.12573780229276219,0,LOW RISK,2026-08-30 13:02:06
0310-VQXAM,Male,0,No,No,9,Yes,No,Month-to-month,Mailed check,19.85,178.8,0,0.3248394881050616,0,LOW RISK,2026-08-30 13:02:06
6598-RFFVI,Male,0,No,No,2,Yes,No,One year,Credit card (automatic),19.3,28.3,1,0.22707406335394964,0,LOW RISK,2026-08-30 13:02:06
3453-RTHJQ,Male,0,No,No,6,Yes,Fiber optic,Month-to-month,Electronic check,69.1,435.0,0,0.8541514876249783,1,HIGH RISK,2026-08-30 13:02:06
6712-OAWRH,Female,1,No,No,26,Yes,Fiber optic,Month-to-month,Electronic check,91.25,2351.8,1,0.8272093274224471,1,HIGH RISK,2026-08-30 13:02:06
6278-FEPBZ,Female,0,No,No,9,Yes,No,Month-to-month,Mailed check,20.25,186.15,0,0.31796626791887267,0,LOW RISK,2026-08-30 13:02:06
4280-DLSHD,Male,0,Yes,No,8,Yes,DSL,Month-to-month,Mailed check,54.75,445.85,0,0.6174394312285733,1,MEDIUM RISK,2026-08-30 13:02:06
1508-DFXCU,Male,0,No,No,12,Yes,Fiber optic,Month-to-month,Electronic check,81.45,912.0,0,0.8566951225534614,1,HIGH RISK,2026-08-30 13:02:06
8614-VGMMV,Female,0,No,No,15,Yes,DSL,Month-to-month,Electronic check,49.1,679.55,1,0.6271615277072391,1,MEDIUM RISK,2026-08-30 13:02:06
7868-BGSZA,Male,0,Yes,No,43,Yes,DSL,One year,Electronic check,80.2,3581.6,0,0.27304270824868965,0,LOW RISK,2026-08-30 13:02:06
2800-QQUSO,Male,0,No,No,42,Yes,Fiber optic,Month-to-month,Electronic check,100.3,4222.95,0,0.7203302779828469,1,HIGH RISK,2026-08-30 13:02:06
2930-UOTMB,Female,0,No,No,31,Yes,DSL,Month-to-month,Credit card (automatic),65.25,1994.3,1,0.17614027972477708,0,LOW RISK,2026-08-30 13:02:06
7973-DZRKH,Female,0,No,Yes,66,Yes,Fiber optic,Two year,Credit card (automatic),90.95,5930.05,0,0.07287075154097045,0,LOW RISK,2026-08-30 13:02:06
5914-DVBWJ,Female,1,No,No,18,Yes,Fiber optic,Month-to-month,Electronic check,85.45,1505.85,1,0.7166279051717598,1,HIGH RISK,2026-08-30 13:02:06
7698-YFGEZ,Male,0,No,No,1,Yes,No,Month-to-month,Mailed check,20.0,20.0,0,0.39635154819433177,0,LOW RISK,2026-08-30 13:02:06
2533-QVMSK,Male,0,Yes,No,61,Yes,Fiber optic,Two year,Electronic check,94.1,5638.3,1,0.23798841546513355,0,LOW RISK,2026-08-30 13:02:06
9773-PEQBZ,Male,0,No,No,10,Yes,Fiber optic,Month-to-month,Electronic check,79.85,797.25,0,0.8092392567644562,1,HIGH RISK,2026-08-30 13:02:06
8644-XLFBW,Male,1,No,No,1,Yes,Fiber optic,Month-to-month,Electronic check,71.65,71.65,1,0.8861870669120486,1,HIGH RISK,2026-08-30 13:02:06
0650-BWOZN,Female,1,No,No,18,Yes,Fiber optic,Month-to-month,Electronic check,73.55,1359.45,0,0.7212998235463066,1,HIGH RISK,2026-08-30 13:02:06
8625-AZYZY,Male,0,Yes,No,24,Yes,Fiber optic,Month-to-month,Electronic check,104.65,2542.45,1,0.8283761300620076,1,HIGH RISK,2026-08-30 13:02:06
7785-RDVIG,Female,0,Yes,Yes,3,Yes,No,Month-to-month,Mailed check,19.3,54.7,0,0.3333317918895369,0,LOW RISK,2026-08-30 13:02:06
9602-WCXPI,Male,0,No,No,50,Yes,No,One year,Credit card (automatic),20.15,989.05,0,0.05793241373023508,0,LOW RISK,2026-08-30 13:02:06
2903-YYTBW,Male,0,Yes,Yes,1,Yes,DSL,Month-to-month,Electronic check,44.55,44.55,0,0.6570313765897343,1,MEDIUM RISK,2026-08-30 13:02:06
3620-MWJNE,Male,0,No,No,2,Yes,DSL,Month-to-month,Mailed check,54.45,87.3,0,0.5226418719029098,1,MEDIUM RISK,2026-08-30 13:02:06
8573-JGCZW,Male,0,No,No,17,Yes,No,One year,Bank transfer (automatic),19.65,351.55,0,0.13087764677605981,0,LOW RISK,2026-08-30 13:02:06
6837-HAEVO,Male,0,Yes,Yes,69,Yes,Fiber optic,Two year,Electronic check,105.0,7297.75,0,0.26878586459222625,0,LOW RISK,2026-08-30 13:02:06
6701-YVNQG,Male,0,Yes,No,72,Yes,DSL,Two year,Credit card (automatic),88.7,6301.7,0,0.045220996435465656,0,LOW RISK,2026-08-30 13:02:06
9306-CPCBC,Female,0,No,No,3,Yes,Fiber optic,Month-to-month,Electronic check,74.25,210.3,1,0.8931948656888495,1,HIGH RISK,2026-08-30 13:02:06
4304-XUMGI,Male,1,Yes,Yes,50,Yes,DSL,Two year,Bank transfer (automatic),75.15,3822.45,0,0.0828639810321489,0,LOW RISK,2026-08-30 13:02:06
9504-YAZWB,Female,0,No,No,53,Yes,No,Two year,Mailed check,20.25,1048.45,0,0.023889509057746637,0,LOW RISK,2026-08-30 13:02:06
8819-ZBYNA,Female,0,Yes,No,58,Yes,Fiber optic,Two year,Credit card (automatic),109.1,6393.65,0,0.19182656216145952,0,LOW RISK,2026-08-30 13:02:06
6174-NRBTZ,Male,0,No,No,46,No,DSL,One year,Bank transfer (automatic),30.75,1489.3,0,0.12903765360493216,0,LOW RISK,2026-08-30 13:02:06
9481-IEBZY,Male,1,Yes,No,72,Yes,Fiber optic,Month-to-month,Credit card (automatic),112.9,8061.5,0,0.4592719789202935,0,MEDIUM RISK,2026-08-30 13:02:06
1833-VGRUM,Female,1,No,No,1,Yes,Fiber optic,Month-to-month,Electronic check,74.2,74.2,1,0.9148440013033687,1,HIGH RISK,2026-08-30 13:02:06
6137-NICCO,Female,0,Yes,Yes,6,Yes,Fiber optic,Month-to-month,Mailed check,94.05,518.75,0,0.8401531298321289,1,HIGH RISK,2026-08-30 13:02:06
9065-ZCPQX,Male,0,Yes,No,72,Yes,DSL,Two year,Bank transfer (automatic),78.85,5763.15,0,0.023118603226458305,0,LOW RISK,2026-08-30 13:02:06
6402-EJMWF,Male,0,No,No,4,Yes,DSL,Month-to-month,Mailed check,55.3,238.5,0,0.7369867452402435,1,HIGH RISK,2026-08-30 13:02:06
3620-EHIMZ,Female,0,Yes,Yes,52,Yes,No,Two year,Mailed check,19.35,1031.7,0,0.02129766428543572,0,LOW RISK,2026-08-30 13:02:06
3213-VVOLG,Male,0,Yes,Yes,0,Yes,No,Two year,Mailed check,25.35,0.0,0,0.13178530712846012,0,LOW RISK,2026-08-30 13:02:06
6870-ECSHE,Female,0,No,No,2,Yes,No,One year,Mailed check,20.45,34.8,0,0.22289919300764335,0,LOW RISK,2026-08-30 13:02:06
8747-UDCOI,Female,0,Yes,No,65,Yes,No,Two year,Bank transfer (automatic),19.35,1319.95,0,0.015235728937473186,0,LOW RISK,2026-08-30 13:02:06
8374-XGEJJ,Male,1,Yes,No,43,Yes,Fiber optic,Month-to-month,Electronic check,101.0,4388.4,1,0.7787705872581805,1,HIGH RISK,2026-08-30 13:02:06
2656-TABEH,Male,0,Yes,No,4,Yes,Fiber optic,Month-to-month,Electronic check,100.2,420.2,1,0.93405566370499,1,HIGH RISK,2026-08-30 13:02:06
6946-LMSQS,Male,1,Yes,No,25,Yes,Fiber optic,One year,Electronic check,89.05,2177.45,1,0.642996907169047,1,MEDIUM RISK,2026-08-30 13:02:06
4626-OZDTJ,Female,0,Yes,No,51,Yes,DSL,One year,Credit card (automatic),78.65,3950.85,0,0.23037073805516375,0,LOW RISK,2026-08-30 13:02:06
9169-BSVIN,Male,0,No,No,12,Yes,DSL,Month-to-month,Bank transfer (automatic),74.75,827.05,0,0.6508585463958644,1,MEDIUM RISK,2026-08-30 13:02:06
2325-ZUSFD,Female,0,Yes,Yes,57,Yes,DSL,One year,Bank transfer (automatic),70.1,3913.3,1,0.12146621720191696,0,LOW RISK,2026-08-30 13:02:06
8194-PEEBY,Female,0,Yes,Yes,24,Yes,No,One year,Mailed check,19.9,533.5,0,0.06487900847048737,0,LOW RISK,2026-08-30 13:02:06
6872-HXFNF,Female,0,Yes,No,64,Yes,DSL,One year,Bank transfer (automatic),58.35,3756.45,0,0.09514792546764152,0,LOW RISK,2026-08-30 13:02:06
3932-CMDTD,Female,0,No,No,4,Yes,Fiber optic,One year,Electronic check,105.65,443.9,1,0.7794705449407588,1,HIGH RISK,2026-08-30 13:02:06
7714-YXSMB,Female,0,No,No,26,Yes,Fiber optic,Month-to-month,Bank transfer (automatic),100.5,2599.95,0,0.7941836914323027,1,HIGH RISK,2026-08-30 13:02:06
8387-UGUSU,Female,0,Yes,Yes,15,Yes,No,Month-to-month,Mailed check,20.05,284.3,0,0.16934316843825412,0,LOW RISK,2026-08-30 13:02:06
1080-BWSYE,Male,1,Yes,No,64,Yes,No,Two year,Credit card (automatic),25.65,1740.8,0,0.026456988561934333,0,LOW RISK,2026-08-30 13:02:06
4039-HEUNW,Male,1,Yes,No,36,Yes,Fiber optic,Month-to-month,Electronic check,96.5,3436.1,1,0.8268067472159135,1,HIGH RISK,2026-08-30 13:02:06
1194-HVAIF,Female,0,Yes,No,27,Yes,Fiber optic,Month-to-month,Credit card (automatic),95.0,2462.55,0,0.7327096983683438,1,HIGH RISK,2026-08-30 13:02:06
0812-WUPTB,Male,1,Yes,No,1,Yes,Fiber optic,Month-to-month,Mailed check,70.85,70.85,1,0.8030370817784732,1,HIGH RISK,2026-08-30 13:02:06
3594-UVONA,Female,0,No,No,35,Yes,DSL,One year,Credit card (automatic),85.95,3110.1,1,0.196291076533025,0,LOW RISK,2026-08-30 13:02:06
0004-TLHLJ,Male,0,No,No,4,Yes,Fiber optic,Month-to-month,Electronic check,73.9,280.85,1,0.8616719524585615,1,HIGH RISK,2026-08-30 13:02:06
1767-TGTKO,Female,0,Yes,Yes,8,Yes,DSL,Month-to-month,Electronic check,45.45,411.75,0,0.671028287426187,1,MEDIUM RISK,2026-08-30 13:02:06
8439-LTUGF,Male,0,No,No,10,Yes,No,Month-to-month,Credit card (automatic),20.0,198.6,0,0.3909150635852102,0,LOW RISK,2026-08-30 13:02:06
8805-JNRAZ,Female,0,No,No,2,Yes,DSL,Month-to-month,Mailed check,49.2,103.7,0,0.5744383095836036,1,MEDIUM RISK,2026-08-30 13:02:06
5089-IFSDP,Female,0,Yes,No,58,Yes,Fiber optic,Two year,Bank transfer (automatic),109.45,6144.55,1,0.23004456241612095,0,LOW RISK,2026-08-30 13:02:06
6418-HNFED,Male,0,Yes,No,51,Yes,DSL,Two year,Credit card (automatic),83.25,4089.45,0,0.06746208699621228,0,LOW RISK,2026-08-30 13:02:06
0206-OYVOC,Female,0,Yes,Yes,46,Yes,No,Two year,Mailed check,19.25,864.2,0,0.02277463445400352,0,LOW RISK,2026-08-30 13:02:06
7291-CDTMJ,Male,0,No,No,1,Yes,No,Month-to-month,Bank transfer (automatic),19.65,19.65,0,0.4714569151251353,0,MEDIUM RISK,2026-08-30 13:02:06
7128-GGCNO,Male,0,No,No,46,Yes,Fiber optic,Month-to-month,Bank transfer (automatic),72.8,3249.4,0,0.4262901726861205,0,MEDIUM RISK,2026-08-30 13:02:06
0237-YFUTL,Female,0,Yes,No,50,Yes,Fiber optic,Month-to-month,Bank transfer (automatic),109.65,5405.8,0,0.5779625556126479,1,MEDIUM RISK,2026-08-30 13:02:06
7691-KGKGP,Male,0,Yes,Yes,53,Yes,DSL,Month-to-month,Credit card (automatic),65.0,3363.8,0,0.14777090070427137,0,LOW RISK,2026-08-30 13:02:06
6710-HSJRD,Male,0,Yes,No,61,Yes,Fiber optic,Month-to-month,Electronic check,114.1,7132.15,0,0.6691764609901634,1,MEDIUM RISK,2026-08-30 13:02:06
3675-EQOZA,Male,0,No,No,5,Yes,No,Month-to-month,Bank transfer (automatic),20.65,93.55,0,0.3446609026854147,0,LOW RISK,2026-08-30 13:02:06
0840-DCNZE,Male,0,No,No,47,Yes,DSL,One year,Bank transfer (automatic),86.95,4138.9,0,0.09125984986862302,0,LOW RISK,2026-08-30 13:02:06
1732-FEKLD,Female,0,No,No,54,Yes,Fiber optic,One year,Bank transfer (automatic),94.75,5121.75,0,0.42933219353086716,0,MEDIUM RISK,2026-08-30 13:02:06
9862-KJTYK,Male,0,No,Yes,19,No,DSL,Month-to-month,Credit card (automatic),25.35,566.1,0,0.4648802245394146,0,MEDIUM RISK,2026-08-30 13:02:06
0479-HMSWA,Female,0,No,Yes,26,Yes,Fiber optic,Two year,Electronic check,105.45,2715.3,0,0.33356002789086475,0,LOW RISK,2026-08-30 13:02:06
5854-KSRBJ,Male,0,Yes,Yes,70,Yes,No,Two year,Mailed check,25.4,1782.05,0,0.014723683092646657,0,LOW RISK,2026-08-30 13:02:06
0365-BZUWY,Male,0,Yes,No,17,Yes,Fiber optic,Month-to-month,Electronic check,102.55,1742.5,0,0.863665344152442,1,HIGH RISK,2026-08-30 13:02:06
4817-VYYWS,Female,0,No,No,30,Yes,Fiber optic,Month-to-month,Electronic check,100.2,2983.8,1,0.8162592663977228,1,HIGH RISK,2026-08-30 13:02:06
5701-SVCWR,Female,0,No,Yes,1,Yes,No,Month-to-month,Mailed check,24.0,24.0,0,0.4166433758573017,0,MEDIUM RISK,2026-08-30 13:02:06
3129-AAQOU,Female,0,Yes,Yes,19,Yes,No,Two year,Mailed check,25.6,485.9,0,0.04842945120105667,0,LOW RISK,2026-08-30 13:02:06
4922-CVPDX,Female,0,Yes,No,26,Yes,DSL,Two year,Credit card (automatic),73.5,1905.7,0,0.16381735003301967,0,LOW RISK,2026-08-30 13:02:06
1396-QWFBJ,Female,0,Yes,Yes,21,Yes,Fiber optic,Month-to-month,Bank transfer (automatic),74.05,1565.7,1,0.5230656802828898,1,MEDIUM RISK,2026-08-30 13:02:06
1357-BIJKI,Male,0,Yes,No,50,Yes,Fiber optic,One year,Electronic check,98.25,4858.7,0,0.6565696269742505,1,MEDIUM RISK,2026-08-30 13:02:06
1099-BTKWT,Female,0,Yes,No,68,No,DSL,One year,Electronic check,54.4,3723.65,0,0.24988100050795964,0,LOW RISK,2026-08-30 13:02:06
5299-SJCZT,Male,0,No,No,3,Yes,Fiber optic,Month-to-month,Bank transfer (automatic),101.55,298.35,1,0.912484543739305,1,HIGH RISK,2026-08-30 13:02:06
2018-PZKMU,Male,0,Yes,Yes,9,Yes,Fiber optic,Month-to-month,Electronic check,103.1,970.45,0,0.8078905026159704,1,HIGH RISK,2026-08-30 13:02:06
7340-KEFQE,Female,0,Yes,Yes,51,No,DSL,Two year,Bank transfer (automatic),34.2,1782.0,0,0.039653621183774246,0,LOW RISK,2026-08-30 13:02:06
4570-QHXHL,Female,0,No,No,9,Yes,DSL,Month-to-month,Electronic check,43.75,405.7,0,0.7033665274093899,1,HIGH RISK,2026-08-30 13:02:06
2403-BCASL,Male,1,Yes,Yes,41,Yes,Fiber optic,One year,Electronic check,111.95,4534.9,1,0.5227245877853357,1,MEDIUM RISK,2026-08-30 13:02:06
7392-YYPYJ,Male,0,No,No,22,Yes,Fiber optic,Month-to-month,Electronic check,100.65,2415.95,0,0.8336594470424942,1,HIGH RISK,2026-08-30 13:02:06
2898-LSJGD,Female,0,Yes,Yes,21,No,DSL,One year,Electronic check,55.95,1157.05,1,0.42025995557416485,0,MEDIUM RISK,2026-08-30 13:02:06
2223-GDSHL,Male,0,Yes,Yes,71,Yes,Fiber optic,Two year,Bank transfer (automatic),116.05,8297.5,0,0.1091397560840714,0,LOW RISK,2026-08-30 13:02:06
7359-PTSXY,Male,0,No,No,1,Yes,DSL,Month-to-month,Electronic check,45.75,45.75,1,0.6910305634075472,1,MEDIUM RISK,2026-08-30 13:02:06
9470-RTWDV,Male,0,Yes,Yes,26,Yes,DSL,One year,Credit card (automatic),82.0,2083.1,0,0.2811667959093993,0,LOW RISK,2026-08-30 13:02:06
2176-OSJUV,Male,0,Yes,No,71,Yes,DSL,Two year,Bank transfer (automatic),65.15,4681.75,0,0.01606026297427581,0,LOW RISK,2026-08-30 13:02:06
9348-YVOMK,Male,0,No,No,4,Yes,DSL,Month-to-month,Credit card (automatic),44.8,176.2,0,0.6651498787192567,1,MEDIUM RISK,2026-08-30 13:02:06
8104-OSKWT,Female,0,No,No,12,Yes,Fiber optic,Month-to-month,Electronic check,79.8,1001.2,0,0.8126752033878109,1,HIGH RISK,2026-08-30 13:02:06
4521-YEEHE,Female,0,Yes,No,18,Yes,Fiber optic,Month-to-month,Electronic check,88.85,1594.75,0,0.7794829731091123,1,HIGH RISK,2026-08-30 13:02:06
4090-KPJIP,Female,0,No,No,3,Yes,Fiber optic,Month-to-month,Electronic check,74.95,212.4,0,0.8919807634735797,1,HIGH RISK,2026-08-30 13:02:06
3786-WOVKF,Female,1,Yes,No,72,Yes,Fiber optic,One year,Bank transfer (automatic),106.85,7677.4,0,0.3145687948711216,0,LOW RISK,2026-08-30 13:02:06
4503-BDXBD,Male,0,No,No,11,Yes,Fiber optic,Month-to-month,Electronic check,74.95,815.5,1,0.7499601465992021,1,HIGH RISK,2026-08-30 13:02:06
6086-ESGRL,Female,0,No,No,1,Yes,Fiber optic,Month-to-month,Credit card (automatic),80.15,80.15,1,0.8171608883985858,1,HIGH RISK,2026-08-30 13:02:06
2592-HODOV,Male,0,No,No,13,Yes,No,One year,Credit card (automatic),19.3,259.65,0,0.11432490393057156,0,LOW RISK,2026-08-30 13:02:06
3886-CERTZ,Female,0,Yes,No,72,Yes,Fiber optic,One year,Electronic check,109.25,8109.8,1,0.4098803243749835,0,MEDIUM RISK,2026-08-30 13:02:06
7995-ZHHNZ,Male,0,Yes,No,42,Yes,DSL,One year,Credit card (automatic),56.1,2386.85,0,0.11327155344028272,0,LOW RISK,2026-08-30 13:02:06
3824-RHKVR,Female,0,No,No,17,Yes,No,Month-to-month,Credit card (automatic),19.7,340.35,0,0.18315470595251435,0,LOW RISK,2026-08-30 13:02:06
5816-SCGFC,Female,1,No,No,7,Yes,DSL,Month-to-month,Mailed check,51.3,419.35,0,0.6470833738150981,1,MEDIUM RISK,2026-08-30 13:02:06
5989-AXPUC,Female,0,Yes,No,68,Yes,Fiber optic,Two year,Mailed check,118.6,7990.05,0,0.10307376361434224,0,LOW RISK,2026-08-30 13:02:06
4979-HPRFL,Male,0,Yes,Yes,56,Yes,No,Two year,Bank transfer (automatic),24.15,1402.25,0,0.02459563927016464,0,LOW RISK,2026-08-30 13:02:06
8590-OHDIW,Female,0,Yes,Yes,38,Yes,No,One year,Mailed check,20.3,749.35,0,0.04663010904761166,0,LOW RISK,2026-08-30 13:02:06
8015-IHCGW,Female,0,Yes,Yes,72,Yes,Fiber optic,Two year,Electronic check,115.5,8425.15,0,0.14801882803761082,0,LOW RISK,2026-08-30 13:02:06
2332-TODQS,Female,0,No,No,48,Yes,No,One year,Credit card (automatic),25.05,1171.5,0,0.05074412743109716,0,LOW RISK,2026-08-30 13:02:06
9278-VZKCD,Female,1,Yes,No,52,Yes,Fiber optic,Month-to-month,Electronic check,109.1,5647.95,0,0.753244602070853,1,HIGH RISK,2026-08-30 13:02:06
8008-OTEZX,Female,0,Yes,Yes,35,Yes,No,One year,Mailed check,19.65,708.8,0,0.052998656449148245,0,LOW RISK,2026-08-30 13:02:06
2773-OVBPK,Male,0,Yes,No,67,Yes,Fiber optic,Two year,Bank transfer (automatic),111.3,7567.2,0,0.1982648520959109,0,LOW RISK,2026-08-30 13:02:06
5999-LCXAO,Female,0,No,No,1,No,DSL,Month-to-month,Mailed check,29.9,29.9,0,0.6090608020890873,1,MEDIUM RISK,2026-08-30 13:02:06
5206-XZZQI,Male,0,No,No,53,Yes,Fiber optic,Month-to-month,Mailed check,80.6,4348.1,0,0.40726071141047954,0,MEDIUM RISK,2026-08-30 13:02:06
4803-LBYPN,Male,0,Yes,Yes,34,Yes,No,Month-to-month,Mailed check,20.8,635.9,0,0.10672292035352934,0,LOW RISK,2026-08-30 13:02:06
5759-RCVCB,Female,0,No,No,3,No,DSL,Month-to-month,Credit card (automatic),35.2,108.95,1,0.7339747870263842,1,HIGH RISK,2026-08-30 13:02:06
6372-RFVNS,Female,0,Yes,No,1,Yes,Fiber optic,Month-to-month,Electronic check,78.8,78.8,1,0.8697607089127026,1,HIGH RISK,2026-08-30 13:02:06
2139-FQHLM,Male,0,No,No,19,Yes,Fiber optic,Month-to-month,Mailed check,89.95,1682.4,0,0.5513056977034988,1,MEDIUM RISK,2026-08-30 13:02:06
8261-GWDBQ,Female,1,Yes,No,60,Yes,Fiber optic,Two year,Bank transfer (automatic),116.05,6925.9,0,0.19950711973456098,0,LOW RISK,2026-08-30 13:02:06
1093-YSWCA,Male,0,No,No,11,Yes,No,Two year,Credit card (automatic),19.55,223.15,0,0.08694230767821502,0,LOW RISK,2026-08-30 13:02:06
8938-UMKPI,Female,0,No,No,47,Yes,Fiber optic,Month-to-month,Electronic check,106.4,5127.95,1,0.7159976275156446,1,HIGH RISK,2026-08-30 13:02:06
0991-BRRFB,Male,0,No,No,18,Yes,DSL,Month-to-month,Electronic check,49.4,874.8,1,0.359029939934405,0,LOW RISK,2026-08-30 13:02:06
3882-IYOIJ,Female,0,Yes,Yes,60,Yes,Fiber optic,Two year,Credit card (automatic),115.25,6758.45,0,0.11110317550746787,0,LOW RISK,2026-08-30 13:02:06
8749-TZYEC,Male,0,Yes,No,72,Yes,No,Two year,Credit card (automatic),24.8,1874.3,0,0.016825196978640128,0,LOW RISK,2026-08-30 13:02:06
1755-FZQEC,Male,0,No,No,39,Yes,No,One year,Mailed check,19.9,791.15,0,0.05508149014449941,0,LOW RISK,2026-08-30 13:02:06
3115-JPJDD,Female,0,Yes,No,59,Yes,Fiber optic,One year,Credit card (automatic),81.25,4639.45,0,0.2103557713125789,0,LOW RISK,2026-08-30 13:02:06
5600-KTXFM,Male,0,Yes,Yes,2,Yes,Fiber optic,Month-to-month,Mailed check,69.95,143.9,0,0.734858704014679,1,HIGH RISK,2026-08-30 13:02:06
3871-IKPYH,Male,1,No,No,1,Yes,Fiber optic,Month-to-month,Electronic check,69.1,69.1,1,0.852299354542924,1,HIGH RISK,2026-08-30 13:02:06
6319-IEJWJ,Male,0,Yes,Yes,20,Yes,Fiber optic,Month-to-month,Electronic check,90.2,1776.55,1,0.7820699912745549,1,HIGH RISK,2026-08-30 13:02:06
9025-AOMKI,Female,0,No,No,6,Yes,Fiber optic,Month-to-month,Bank transfer (automatic),93.55,536.4,1,0.9043952576139492,1,HIGH RISK,2026-08-30 13:02:06
6339-TBELP,Male,0,No,No,71,Yes,Fiber optic,Two year,Credit card (automatic),86.4,6172.0,0,0.10667110364829079,0,LOW RISK,2026-08-30 13:02:06
7964-YESJC,Female,0,Yes,No,24,Yes,DSL,Month-to-month,Mailed check,66.3,1559.45,0,0.21397846868732576,0,LOW RISK,2026-08-30 13:02:06
6173-GOLSU,Male,1,Yes,No,67,Yes,Fiber optic,Month-to-month,Credit card (automatic),94.65,6079.0,0,0.6599688023884808,1,MEDIUM RISK,2026-08-30 13:02:06
5275-SQEIZ,Male,0,No,No,1,Yes,Fiber optic,Month-to-month,Mailed check,80.85,80.85,1,0.8666869903478812,1,HIGH RISK,2026-08-30 13:02:06
7716-YTYHG,Female,0,Yes,Yes,48,Yes,Fiber optic,One year,Mailed check,82.05,4029.95,1,0.36710461742987416,0,LOW RISK,2026-08-30 13:02:06
9938-ZREHM,Female,0,Yes,No,37,Yes,DSL,One year,Mailed check,72.1,2658.4,0,0.12954583020645144,0,LOW RISK,2026-08-30 13:02:06
7950-XWOVN,Male,0,No,No,11,No,DSL,Month-to-month,Mailed check,34.7,383.55,0,0.5849703354439018,1,MEDIUM RISK,2026-08-30 13:02:06
4390-KYULV,Male,0,Yes,No,3,Yes,No,Month-to-month,Credit card (automatic),20.55,51.15,1,0.4609246717651554,0,MEDIUM RISK,2026-08-30 13:02:06
4647-MUZON,Female,0,Yes,No,18,Yes,Fiber optic,Month-to-month,Credit card (automatic),95.95,1745.5,0,0.765315564123145,1,HIGH RISK,2026-08-30 13:02:06
9702-AIUJO,Male,0,Yes,Yes,50,Yes,DSL,One year,Bank transfer (automatic),44.8,2230.85,0,0.1561324443410291,0,LOW RISK,2026-08-30 13:02:06
8849-PRIQJ,Female,0,Yes,Yes,67,Yes,Fiber optic,One year,Electronic check,109.4,7281.6,0,0.33643806987516,0,LOW RISK,2026-08-30 13:02:06
8851-RAGOV,Female,0,Yes,No,25,Yes,DSL,Month-to-month,Mailed check,71.05,1837.7,0,0.26061104315855077,0,LOW RISK,2026-08-30 13:02:06
1304-NECVQ,Female,1,No,No,2,Yes,Fiber optic,Month-to-month,Electronic check,78.55,149.55,1,0.9127385702759477,1,HIGH RISK,2026-08-30 13:02:06
5396-IZEPB,Male,0,No,No,9,Yes,No,Month-to-month,Credit card (automatic),19.7,180.7,0,0.3223758979528038,0,LOW RISK,2026-08-30 13:02:06
1729-VLAZJ,Female,0,No,Yes,10,No,DSL,One year,Mailed check,40.25,411.45,0,0.2188888593139155,0,LOW RISK,2026-08-30 13:02:06
8285-ABVLB,Female,0,Yes,No,70,Yes,No,Two year,Credit card (automatic),19.85,1328.35,0,0.012682564710075459,0,LOW RISK,2026-08-30 13:02:06
0701-TJSEF,Male,0,No,No,9,Yes,DSL,Month-to-month,Bank transfer (automatic),68.25,576.95,0,0.45962561107431155,0,MEDIUM RISK,2026-08-30 13:02:06
5712-VBOXD,Female,0,No,No,4,Yes,No,Month-to-month,Credit card (automatic),20.15,68.45,0,0.4383595803836465,0,MEDIUM RISK,2026-08-30 13:02:06
6629-LADHQ,Female,0,No,No,2,Yes,DSL,Month-to-month,Mailed check,50.95,123.05,0,0.5136907193374929,1,MEDIUM RISK,2026-08-30 13:02:06
8945-GRKHX,Female,0,No,Yes,1,Yes,Fiber optic,Month-to-month,Electronic check,78.65,78.65,1,0.8427357830535858,1,HIGH RISK,2026-08-30 13:02:06
1559-DTODC,Male,0,No,No,19,No,DSL,Month-to-month,Bank transfer (automatic),25.15,468.35,0,0.5052217685993742,1,MEDIUM RISK,2026-08-30 13:02:06
4797-MIWUM,Male,0,Yes,Yes,7,Yes,No,Month-to-month,Bank transfer (automatic),20.25,174.7,0,0.37316571452892894,0,LOW RISK,2026-08-30 13:02:06
6959-UWKHF,Male,0,No,No,1,Yes,DSL,Month-to-month,Electronic check,42.9,42.9,1,0.7690305627199074,1,HIGH RISK,2026-08-30 13:02:06
8720-RQSBJ,Male,1,No,No,1,Yes,DSL,Month-to-month,Electronic check,44.0,44.0,0,0.7307758728842302,1,HIGH RISK,2026-08-30 13:02:06
4537-CIBHB,Female,0,Yes,Yes,9,Yes,No,One year,Mailed check,20.25,172.35,0,0.15582880106850042,0,LOW RISK,2026-08-30 13:02:06
3815-SLMEF,Female,0,No,No,3,No,DSL,Month-to-month,Mailed check,34.25,139.35,1,0.5342873840319545,1,MEDIUM RISK,2026-08-30 13:02:06
5154-VEKBL,Female,0,No,No,9,No,DSL,Month-to-month,Mailed check,58.5,539.85,1,0.6257442606145168,1,MEDIUM RISK,2026-08-30 13:02:06
4324-AHJKS,Female,0,No,No,5,Yes,DSL,Month-to-month,Credit card (automatic),55.8,300.4,0,0.4799217367635198,0,MEDIUM RISK,2026-08-30 13:02:06
4355-CVPVS,Female,0,Yes,Yes,56,Yes,Fiber optic,One year,Bank transfer (automatic),88.9,4968.0,0,0.32078461635835387,0,LOW RISK,2026-08-30 13:02:06
4495-LHSSK,Female,0,No,Yes,18,Yes,DSL,Month-to-month,Mailed check,57.65,992.7,0,0.2843465570069839,0,LOW RISK,2026-08-30 13:02:06
5655-JSMZM,Male,1,No,No,49,Yes,Fiber optic,Month-to-month,Electronic check,96.2,4718.25,1,0.8362763531034343,1,HIGH RISK,2026-08-30 13:02:06
5915-ANOEI,Male,0,Yes,No,70,Yes,DSL,Two year,Mailed check,79.15,5536.5,0,0.02502219417139939,0,LOW RISK,2026-08-30 13:02:06
9861-PDSZP,Female,0,No,No,72,Yes,Fiber optic,Two year,Credit card (automatic),108.05,7806.6,0,0.17352342188979514,0,LOW RISK,2026-08-30 13:02:06
4505-EXZHB,Female,1,No,No,6,Yes,Fiber optic,Month-to-month,Electronic check,74.4,434.1,1,0.8239496128894885,1,HIGH RISK,2026-08-30 13:02:06
7225-CBZPL,Male,1,Yes,No,17,Yes,Fiber optic,Month-to-month,Electronic check,94.8,1563.9,0,0.8875088808608086,1,HIGH RISK,2026-08-30 13:02:06
6704-UTUKK,Male,0,Yes,No,29,No,DSL,Month-to-month,Electronic check,45.9,1332.4,0,0.7139102861161711,1,HIGH RISK,2026-08-30 13:02:06
4587-VVTOX,Female,0,Yes,No,6,Yes,Fiber optic,Month-to-month,Electronic check,105.3,545.2,1,0.9235745067290431,1,HIGH RISK,2026-08-30 13:02:06
2019-HDCZY,Male,0,Yes,No,63,Yes,Fiber optic,Two year,Electronic check,102.6,6296.75,0,0.2934246148438581,0,LOW RISK,2026-08-30 13:02:06
4652-NNHNY,Male,0,Yes,No,16,Yes,Fiber optic,Month-to-month,Bank transfer (automatic),73.85,1284.2,1,0.7256506582540454,1,HIGH RISK,2026-08-30 13:02:06
8788-DOXSU,Male,0,No,No,59,Yes,DSL,One year,Bank transfer (automatic),61.35,3645.5,0,0.18629564823014685,0,LOW RISK,2026-08-30 13:02:06
7404-JLKQG,Female,0,No,No,3,Yes,DSL,Month-to-month,Electronic check,57.55,161.45,0,0.741538675493706,1,HIGH RISK,2026-08-30 13:02:06
7421-ZLUPA,Female,0,No,No,8,No,DSL,Month-to-month,Mailed check,29.25,226.95,0,0.6833270778676781,1,MEDIUM RISK,2026-08-30 13:02:06
8972-HJWNV,Female,1,Yes,No,7,Yes,Fiber optic,Month-to-month,Electronic check,84.55,646.85,1,0.9266495729956086,1,HIGH RISK,2026-08-30 13:02:06
3274-NSDWE,Female,0,No,No,68,Yes,No,Two year,Credit card (automatic),19.6,1441.65,0,0.013528309496492773,0,LOW RISK,2026-08-30 13:02:06
2632-IVXVF,Female,0,Yes,Yes,68,Yes,Fiber optic,Two year,Credit card (automatic),111.75,7511.3,0,0.0949843330587782,0,LOW RISK,2026-08-30 13:02:06
3692-JHONH,Female,1,Yes,No,52,Yes,Fiber optic,One year,Electronic check,106.5,5621.85,0,0.6695157293323696,1,MEDIUM RISK,2026-08-30 13:02:06
8915-NNTRC,Male,0,Yes,Yes,72,Yes,Fiber optic,Two year,Credit card (automatic),107.7,7919.8,0,0.11160596883951343,0,LOW RISK,2026-08-30 13:02:06
5914-GXMDA,Female,0,Yes,No,32,Yes,No,One year,Mailed check,19.3,593.2,0,0.07092186777571764,0,LOW RISK,2026-08-30 13:02:06
7463-IFMQU,Female,0,Yes,No,72,Yes,No,Two year,Bank transfer (automatic),20.05,1423.65,0,0.011403878093278502,0,LOW RISK,2026-08-30 13:02:06
2920-RNCEZ,Male,0,Yes,Yes,1,Yes,Fiber optic,Month-to-month,Credit card (automatic),69.95,69.95,0,0.7988741858917894,1,HIGH RISK,2026-08-30 13:02:06
2541-YGPKE,Male,0,Yes,Yes,42,Yes,DSL,One year,Credit card (automatic),63.7,2763.35,0,0.07925358545133564,0,LOW RISK,2026-08-30 13:02:06
8515-OCTJS,Female,0,No,No,25,Yes,No,Two year,Credit card (automatic),24.75,692.1,1,0.05727722894439861,0,LOW RISK,2026-08-30 13:02:06
5382-TEMLV,Male,0,No,No,45,Yes,DSL,Month-to-month,Bank transfer (automatic),50.9,2298.55,0,0.188375612991701,0,LOW RISK,2026-08-30 13:02:06
3441-CGZJH,Female,0,Yes,Yes,43,No,DSL,One year,Credit card (automatic),60.4,2640.55,0,0.17377723240431903,0,LOW RISK,2026-08-30 13:02:06
9592-ERDKV,Male,0,Yes,No,37,Yes,DSL,One year,Mailed check,79.25,2911.8,0,0.18756906768443865,0,LOW RISK,2026-08-30 13:02:06
2860-RANUS,Female,1,No,No,20,Yes,Fiber optic,Month-to-month,Credit card (automatic),85.8,1727.5,1,0.7734092818987206,1,HIGH RISK,2026-08-30 13:02:06
5261-QSHQM,Female,0,No,No,4,No,DSL,Month-to-month,Electronic check,24.45,86.6,1,0.8008470572237667,1,HIGH RISK,2026-08-30 13:02:06
4778-IZARL,Male,0,Yes,No,63,Yes,Fiber optic,Two year,Credit card (automatic),110.1,6705.7,0,0.12742636384917636,0,LOW RISK,2026-08-30 13:02:06
0432-CAJZV,Male,0,No,No,3,Yes,Fiber optic,Month-to-month,Mailed check,90.7,237.65,0,0.8467598792400861,1,HIGH RISK,2026-08-30 13:02:06
7008-LZVOZ,Male,0,Yes,Yes,66,Yes,No,Two year,Credit card (automatic),25.3,1672.35,0,0.02375678778337571,0,LOW RISK,2026-08-30 13:02:06
8868-WOZGU,Male,0,No,No,28,Yes,Fiber optic,Month-to-month,Electronic check,105.7,2979.5,1,0.8326531623806204,1,HIGH RISK,2026-08-30 13:02:06
1200-TUZHR,Female,1,No,No,8,Yes,Fiber optic,Month-to-month,Electronic check,85.2,695.75,0,0.8910733812733339,1,HIGH RISK,2026-08-30 13:02:06
9365-CSLBQ,Male,0,No,Yes,71,Yes,No,Two year,Mailed check,24.35,1654.6,0,0.013786641580687597,0,LOW RISK,2026-08-30 13:02:06
1334-FJSVR,Male,0,No,No,1,No,DSL,Month-to-month,Electronic check,24.25,24.25,1,0.8247263617192353,1,HIGH RISK,2026-08-30 13:02:06
5884-FBCTL,Female,0,Yes,Yes,72,Yes,No,Two year,Bank transfer (automatic),25.1,1857.85,0,0.01281478687670261,0,LOW RISK,2026-08-30 13:02:06
7130-CTCUS,Male,1,Yes,No,16,Yes,DSL,Month-to-month,Bank transfer (automatic),54.55,825.1,0,0.3787101949418065,0,LOW RISK,2026-08-30 13:02:06
6242-FEGFD,Male,0,Yes,No,66,Yes,Fiber optic,Two year,Mailed check,96.6,6424.25,0,0.06242194553200086,0,LOW RISK,2026-08-30 13:02:06
7625-XCQRH,Female,0,No,No,11,Yes,Fiber optic,Month-to-month,Electronic check,76.5,837.95,1,0.8612021822280095,1,HIGH RISK,2026-08-30 13:02:06
6194-HBGQN,Male,0,No,No,51,Yes,DSL,One year,Credit card (automatic),81.15,4126.2,0,0.1273514210814322,0,LOW RISK,2026-08-30 13:02:06
7634-WSWDB,Female,0,No,Yes,8,No,DSL,Month-to-month,Electronic check,38.5,330.8,0,0.7339341991009496,1,HIGH RISK,2026-08-30 13:02:06
6986-IXNDM,Male,0,No,No,14,Yes,Fiber optic,Month-to-month,Electronic check,92.9,1337.45,0,0.8371336553578819,1,HIGH RISK,2026-08-30 13:02:06
1731-TVIUK,Female,0,No,No,4,Yes,Fiber optic,Month-to-month,Electronic check,93.5,362.2,1,0.8819210575719353,1,HIGH RISK,2026-08-30 13:02:06
2987-BJXIK,Female,0,No,No,70,Yes,DSL,Two year,Mailed check,84.7,5991.05,0,0.04300572455673657,0,LOW RISK,2026-08-30 13:02:06
9769-TSBZE,Female,0,No,Yes,70,Yes,DSL,Two year,Electronic check,66.0,4891.5,0,0.0190027338102129,0,LOW RISK,2026-08-30 13:02:06
0406-BPDVR,Female,1,Yes,No,54,Yes,Fiber optic,One year,Credit card (automatic),101.5,5373.1,1,0.5554074679863942,1,MEDIUM RISK,2026-08-30 13:02:06
0618-XWMSS,Male,0,No,Yes,28,Yes,Fiber optic,Month-to-month,Bank transfer (automatic),74.9,2068.55,1,0.4425609643077051,0,MEDIUM RISK,2026-08-30 13:02:06
1395-WSWXR,Male,0,No,No,24,Yes,No,Two year,Mailed check,20.75,487.05,0,0.03612216322255908,0,LOW RISK,2026-08-30 13:02:06
6023-GSSXW,Female,0,Yes,No,69,Yes,DSL,Two year,Credit card (automatic),61.45,4131.2,0,0.06001677386952213,0,LOW RISK,2026-08-30 13:02:06
6752-APNJL,Male,0,Yes,Yes,42,Yes,DSL,Month-to-month,Mailed check,54.5,2301.15,0,0.12791808817482378,0,LOW RISK,2026-08-30 13:02:06
5276-KQWHG,Female,1,No,No,2,Yes,Fiber optic,Month-to-month,Electronic check,69.6,131.65,1,0.8821946364416795,1,HIGH RISK,2026-08-30 13:02:06
0420-HLGXF,Female,1,No,No,39,Yes,Fiber optic,Month-to-month,Electronic check,99.75,4036.0,0,0.8193562435816942,1,HIGH RISK,2026-08-30 13:02:06
7446-KQISO,Male,0,Yes,Yes,45,Yes,Fiber optic,Two year,Bank transfer (automatic),109.75,4900.65,0,0.2047154701097901,0,LOW RISK,2026-08-30 13:02:06
9823-EALYC,Male,0,Yes,Yes,72,Yes,DSL,Two year,Bank transfer (automatic),80.85,5727.45,0,0.024612524717654505,0,LOW RISK,2026-08-30 13:02:06
0582-AVCLN,Female,0,No,No,38,Yes,No,Two year,Mailed check,20.3,743.05,0,0.025761121159442107,0,LOW RISK,2026-08-30 13:02:06
5803-NQJZO,Male,0,Yes,No,72,Yes,DSL,Two year,Bank transfer (automatic),67.8,4804.65,0,0.02285392425203759,0,LOW RISK,2026-08-30 13:02:06
2565-JSLRY,Male,0,No,No,1,Yes,No,Month-to-month,Mailed check,24.05,24.05,1,0.5611974824289593,1,MEDIUM RISK,2026-08-30 13:02:06
2607-DHDAK,Male,0,Yes,Yes,72,Yes,No,Two year,Credit card (automatic),19.8,1414.65,0,0.013837351797155593,0,LOW RISK,2026-08-30 13:02:06
1073-XXCZD,Male,0,Yes,No,55,Yes,No,Two year,Bank transfer (automatic),25.7,1443.65,0,0.030595516393151792,0,LOW RISK,2026-08-30 13:02:06
0743-HRVFF,Female,0,Yes,Yes,51,No,DSL,One year,Electronic check,56.15,2898.95,0,0.35062882677062757,0,LOW RISK,2026-08-30 13:02:06
4006-HKYHO,Male,0,No,No,63,Yes,DSL,Two year,Bank transfer (automatic),86.7,5309.5,0,0.04034250762126447,0,LOW RISK,2026-08-30 13:02:06
3727-JEZTU,Female,0,No,No,1,Yes,No,Month-to-month,Mailed check,20.4,20.4,0,0.3883969516237247,0,LOW RISK,2026-08-30 13:02:06
8143-ETQTI,Female,0,Yes,Yes,23,Yes,No,Two year,Mailed check,19.65,451.55,0,0.04390567790169581,0,LOW RISK,2026-08-30 13:02:06
6689-KXGBO,Female,0,No,No,1,Yes,DSL,Month-to-month,Electronic check,50.55,50.55,1,0.6578191049110017,1,MEDIUM RISK,2026-08-30 13:02:06
9667-TKTVZ,Female,0,No,No,2,Yes,DSL,Month-to-month,Mailed check,54.35,117.05,0,0.6889883031122948,1,MEDIUM RISK,2026-08-30 13:02:06
3657-COGMW,Female,1,No,No,52,Yes,Fiber optic,Month-to-month,Credit card (automatic),108.1,5839.3,0,0.6022704070026367,1,MEDIUM RISK,2026-08-30 13:02:06
8570-KLJYJ,Female,0,No,No,36,Yes,DSL,One year,Mailed check,54.45,1893.5,0,0.13384713852018087,0,LOW RISK,2026-08-30 13:02:06
7754-IXRMC,Female,0,No,No,1,Yes,DSL,Month-to-month,Mailed check,45.35,45.35,0,0.6072883421921742,1,MEDIUM RISK,2026-08-30 13:02:06
9473-CBZOP,Female,0,No,No,28,Yes,DSL,One year,Mailed check,59.0,1654.45,0,0.17768956817082995,0,LOW RISK,2026-08-30 13:02:06
2969-WGHQO,Female,0,Yes,Yes,7,Yes,DSL,One year,Electronic check,69.45,477.05,0,0.29714967641927603,0,LOW RISK,2026-08-30 13:02:06
6615-NGGZJ,Male,0,No,No,14,Yes,Fiber optic,Month-to-month,Electronic check,100.55,1415.55,1,0.8642284594578395,1,HIGH RISK,2026-08-30 13:02:06
4334-HOWRP,Male,1,Yes,No,72,No,DSL,Two year,Credit card (automatic),64.95,4546.0,0,0.050162838307410605,0,LOW RISK,2026-08-30 13:02:06
4255-DDUOU,Female,0,Yes,Yes,1,Yes,No,Month-to-month,Mailed check,20.5,20.5,1,0.4288530154752193,0,MEDIUM RISK,2026-08-30 13:02:06
5863-OOKCL,Female,0,No,No,10,Yes,No,Month-to-month,Mailed check,18.85,163.2,0,0.3122565894231686,0,LOW RISK,2026-08-30 13:02:06
1686-STUHN,Male,0,No,No,42,Yes,No,One year,Bank transfer (automatic),19.8,849.9,0,0.047246228487766884,0,LOW RISK,2026-08-30 13:02:06
1329-VHWNP,Female,0,No,No,7,No,DSL,Month-to-month,Bank transfer (automatic),25.05,189.95,0,0.6319008756990662,1,MEDIUM RISK,2026-08-30 13:02:06
2984-MIIZL,Male,0,No,No,4,Yes,Fiber optic,Month-to-month,Bank transfer (automatic),74.8,321.9,1,0.8102866250941911,1,HIGH RISK,2026-08-30 13:02:06
0266-GMEAO,Male,0,Yes,Yes,72,Yes,Fiber optic,Two year,Credit card (automatic),114.3,8058.55,0,0.10893831045060756,0,LOW RISK,2026-08-30 13:02:06
5590-YRFJT,Female,0,Yes,No,20,No,DSL,Month-to-month,Electronic check,24.45,482.8,1,0.5986041010047447,1,MEDIUM RISK,2026-08-30 13:02:06
5574-NXZIU,Male,0,No,No,63,Yes,Fiber optic,Two year,Credit card (automatic),109.2,7049.75,0,0.09561606601074632,0,LOW RISK,2026-08-30 13:02:06
0019-GFNTW,Female,0,No,No,56,No,DSL,Two year,Bank transfer (automatic),45.05,2560.1,0,0.03545596471463193,0,LOW RISK,2026-08-30 13:02:06
4256-ZWTZI,Female,0,No,Yes,5,Yes,DSL,Month-to-month,Mailed check,51.0,286.8,0,0.5366519540061689,1,MEDIUM RISK,2026-08-30 13:02:06
8309-PPCED,Female,0,Yes,No,72,Yes,Fiber optic,Two year,Bank transfer (automatic),110.45,7982.5,0,0.16926819015537062,0,LOW RISK,2026-08-30 13:02:06
4098-NAUKP,Male,1,Yes,Yes,68,Yes,Fiber optic,Month-to-month,Electronic check,84.65,5683.6,0,0.509355730331501,1,MEDIUM RISK,2026-08-30 13:02:06
5196-WPYOW,Male,0,Yes,Yes,67,Yes,DSL,One year,Mailed check,60.05,3994.05,0,0.03396209711363089,0,LOW RISK,2026-08-30 13:02:06
4608-LCIMN,Male,0,Yes,Yes,8,Yes,DSL,Month-to-month,Bank transfer (automatic),44.65,369.15,0,0.4982456556990271,0,MEDIUM RISK,2026-08-30 13:02:06
1485-YDHMM,Male,0,Yes,Yes,52,Yes,Fiber optic,Month-to-month,Bank transfer (automatic),93.25,4631.7,0,0.5251092564641188,1,MEDIUM RISK,2026-08-30 13:02:06
4054-CUMIA,Female,0,Yes,Yes,18,Yes,No,Month-to-month,Mailed check,20.25,401.95,0,0.20568013850077269,0,LOW RISK,2026-08-30 13:02:06
0603-TPMIB,Female,0,Yes,Yes,59,Yes,No,Two year,Mailed check,25.45,1534.05,0,0.021903210239909765,0,LOW RISK,2026-08-30 13:02:06
2525-GVKQU,Female,0,No,No,60,Yes,No,Two year,Mailed check,20.6,1093.0,0,0.01793390487018043,0,LOW RISK,2026-08-30 13:02:06
8161-QYMTT,Male,0,No,No,7,Yes,Fiber optic,Month-to-month,Electronic check,94.1,701.3,0,0.9359118862003136,1,HIGH RISK,2026-08-30 13:02:06
9581-GVBXT,Male,0,Yes,Yes,59,No,DSL,One year,Mailed check,34.8,1980.3,0,0.0865485700924204,0,LOW RISK,2026-08-30 13:02:06
5862-BRIXZ,Male,0,No,No,46,No,DSL,Two year,Bank transfer (automatic),60.75,2893.4,0,0.09390285362868238,0,LOW RISK,2026-08-30 13:02:06
5404-GGUKR,Male,0,No,No,5,Yes,DSL,Month-to-month,Electronic check,51.35,262.3,0,0.7037896036430429,1,HIGH RISK,2026-08-30 13:02:06
3308-JSGML,Male,1,Yes,No,59,No,DSL,Two year,Credit card (automatic),64.05,3886.85,0,0.11283703693987303,0,LOW RISK,2026-08-30 13:02:06
2126-GSEGL,Female,0,Yes,No,70,Yes,DSL,Two year,Bank transfer (automatic),84.8,5917.55,0,0.0634178053172231,0,LOW RISK,2026-08-30 13:02:06
3677-TNKIO,Female,0,No,No,14,Yes,Fiber optic,Month-to-month,Credit card (automatic),71.0,914.0,1,0.6496958845543046,1,MEDIUM RISK,2026-08-30 13:02:06
0440-QEXBZ,Female,0,No,No,44,Yes,DSL,Month-to-month,Mailed check,50.15,2139.1,0,0.3258775639961353,0,LOW RISK,2026-08-30 13:02:06
2434-EEVDB,Female,0,Yes,No,64,Yes,Fiber optic,Two year,Credit card (automatic),94.6,5948.7,0,0.16610906637781098,0,LOW RISK,2026-08-30 13:02:06
6762-QVYJO,Female,0,Yes,Yes,58,No,DSL,Two year,Mailed check,59.75,3624.35,0,0.06390259111287241,0,LOW RISK,2026-08-30 13:02:06
6199-IWKGC,Female,1,Yes,No,46,Yes,Fiber optic,One year,Electronic check,100.25,4753.85,0,0.4764369993546827,0,MEDIUM RISK,2026-08-30 13:02:06
2675-DHUTR,Male,1,Yes,No,58,Yes,Fiber optic,Month-to-month,Electronic check,98.9,5780.7,0,0.7817953432712459,1,HIGH RISK,2026-08-30 13:02:06
8152-VETUR,Female,0,Yes,No,72,Yes,Fiber optic,Two year,Credit card (automatic),97.7,6869.7,0,0.2133051772160216,0,LOW RISK,2026-08-30 13:02:06
9667-EQRXU,Female,1,No,No,30,No,DSL,Month-to-month,Electronic check,40.3,1172.95,1,0.6609154155657855,1,MEDIUM RISK,2026-08-30 13:02:06
7446-YPODE,Male,1,No,No,11,Yes,DSL,Month-to-month,Bank transfer (automatic),60.25,662.95,0,0.5075180157328323,1,MEDIUM RISK,2026-08-30 13:02:06
9522-BNTHX,Female,1,No,No,34,No,DSL,Month-to-month,Electronic check,56.25,1765.95,0,0.667666343880698,1,MEDIUM RISK,2026-08-30 13:02:06
4676-WLUHT,Male,0,No,No,54,No,DSL,Two year,Bank transfer (automatic),46.2,2431.95,0,0.06665336056658902,0,LOW RISK,2026-08-30 13:02:06
3329-WDIOK,Female,0,No,No,3,No,DSL,Month-to-month,Electronic check,50.6,155.35,1,0.8709369775757185,1,HIGH RISK,2026-08-30 13:02:06
7980-MHFLQ,Female,0,Yes,Yes,72,Yes,No,Two year,Mailed check,24.9,1859.2,0,0.013469685132357924,0,LOW RISK,2026-08-30 13:02:06
2873-ZLIWT,Female,0,Yes,Yes,40,Yes,Fiber optic,Month-to-month,Electronic check,84.85,3303.05,1,0.5433949844769929,1,MEDIUM RISK,2026-08-30 13:02:06
3415-TAILE,Female,0,Yes,Yes,2,Yes,DSL,Month-to-month,Mailed check,65.7,134.35,1,0.6244347086059582,1,MEDIUM RISK,2026-08-30 13:02:06
0757-WCUUZ,Male,0,Yes,Yes,54,Yes,DSL,Two year,Credit card (automatic),63.35,3409.1,0,0.09858818495989591,0,LOW RISK,2026-08-30 13:02:06
1629-DQQVB,Female,0,No,No,14,Yes,DSL,Month-to-month,Bank transfer (automatic),50.1,709.5,0,0.29783261516995135,0,LOW RISK,2026-08-30 13:02:06
1915-IOFGU,Female,0,No,No,1,Yes,Fiber optic,Month-to-month,Electronic check,70.5,70.5,1,0.8233795942102995,1,HIGH RISK,2026-08-30 13:02:06
3045-XETSH,Female,0,No,No,10,Yes,Fiber optic,Month-to-month,Electronic check,94.85,953.45,1,0.8912082410408053,1,HIGH RISK,2026-08-30 13:02:06
0374-AACSZ,Female,0,No,No,1,Yes,DSL,Month-to-month,Electronic check,50.15,50.15,0,0.6031473139217727,1,MEDIUM RISK,2026-08-30 13:02:06
7239-HZZCX,Male,0,No,No,1,Yes,No,Month-to-month,Mailed check,19.75,19.75,1,0.3974407012784392,0,LOW RISK,2026-08-30 13:02:06
4872-VXRIL,Male,0,No,No,56,Yes,DSL,One year,Bank transfer (automatic),64.65,3665.55,0,0.10611033150823558,0,LOW RISK,2026-08-30 13:02:06
9140-CZQZZ,Female,0,Yes,No,68,Yes,DSL,Two year,Bank transfer (automatic),79.6,5515.8,0,0.035248529597000505,0,LOW RISK,2026-08-30 13:02:06
3423-HHXAO,Female,0,Yes,Yes,14,Yes,No,One year,Mailed check,19.5,272.0,0,0.126244502792916,0,LOW RISK,2026-08-30 13:02:06
9938-TKDGL,Male,0,Yes,Yes,68,Yes,Fiber optic,Two year,Electronic check,99.55,6668.0,0,0.13736851135683767,0,LOW RISK,2026-08-30 13:02:06
0531-ZZJWQ,Male,1,Yes,No,55,Yes,Fiber optic,Month-to-month,Electronic check,74.0,4052.4,0,0.6934185169102302,1,MEDIUM RISK,2026-08-30 13:02:06
6537-QLGEX,Female,0,No,No,16,No,DSL,Month-to-month,Electronic check,38.9,664.4,0,0.6213841441127328,1,MEDIUM RISK,2026-08-30 13:02:06
2688-BHGOG,Male,1,No,No,9,Yes,Fiber optic,Month-to-month,Electronic check,79.55,718.55,0,0.8945746143332932,1,HIGH RISK,2026-08-30 13:02:06
7683-CBDKJ,Male,0,Yes,Yes,14,Yes,DSL,Month-to-month,Electronic check,65.45,937.6,1,0.39737225704426465,0,LOW RISK,2026-08-30 13:02:06
0946-CLJTI,Male,1,Yes,No,58,Yes,Fiber optic,Month-to-month,Electronic check,98.7,5812.6,1,0.8060086539382713,1,HIGH RISK,2026-08-30 13:02:06
3160-TYXLT,Male,0,No,No,53,No,DSL,Month-to-month,Bank transfer (automatic),46.3,2546.85,0,0.33097692120816496,0,LOW RISK,2026-08-30 13:02:06
1325-USMEC,Male,0,Yes,No,70,Yes,Fiber optic,Two year,Credit card (automatic),99.35,6944.5,0,0.13079856052353583,0,LOW RISK,2026-08-30 13:02:06
0916-QOFDP,Female,1,Yes,Yes,14,Yes,Fiber optic,Month-to-month,Electronic check,95.8,1346.3,0,0.8732480954910387,1,HIGH RISK,2026-08-30 13:02:06
0628-CNQRM,Male,0,Yes,Yes,22,Yes,DSL,One year,Bank transfer (automatic),67.5,1544.05,1,0.12634079549000835,0,LOW RISK,2026-08-30 13:02:06
5606-AMZBO,Female,0,Yes,No,10,Yes,Fiber optic,Month-to-month,Credit card (automatic),78.15,765.15,0,0.7713254744315485,1,HIGH RISK,2026-08-30 13:02:06
6199-IPCAO,Female,0,Yes,Yes,29,Yes,No,Two year,Mailed check,26.1,692.55,0,0.04045777516352204,0,LOW RISK,2026-08-30 13:02:06
7665-TOALD,Female,0,No,No,1,Yes,Fiber optic,Month-to-month,Electronic check,69.6,69.6,1,0.8700982120892576,1,HIGH RISK,2026-08-30 13:02:06
0112-QWPNC,Male,0,Yes,No,49,Yes,DSL,One year,Electronic check,84.35,4059.35,1,0.21092947772538007,0,LOW RISK,2026-08-30 13:02:06
0324-BRPCJ,Female,1,Yes,No,68,Yes,Fiber optic,Month-to-month,Electronic check,100.2,6851.65,1,0.7070844609584637,1,HIGH RISK,2026-08-30 13:02:06
2777-PHDEI,Female,0,No,No,1,Yes,Fiber optic,Month-to-month,Electronic check,78.05,78.05,1,0.867358267100412,1,HIGH RISK,2026-08-30 13:02:06
5640-CAXOA,Female,0,No,No,30,No,DSL,One year,Credit card (automatic),40.35,1187.05,0,0.2939659224591606,0,LOW RISK,2026-08-30 13:02:06
2235-EZAIK,Female,0,Yes,No,72,Yes,DSL,Two year,Credit card (automatic),79.2,5401.9,0,0.02172080744508977,0,LOW RISK,2026-08-30 13:02:06
3847-BAERP,Female,0,No,No,10,Yes,No,Month-to-month,Mailed check,20.9,247.0,0,0.3883957710874073,0,LOW RISK,2026-08-30 13:02:06
1196-AMORA,Male,0,No,No,7,Yes,Fiber optic,Month-to-month,Electronic check,73.6,520.0,1,0.8440310630131064,1,HIGH RISK,2026-08-30 13:02:06
4282-YMKNA,Female,0,No,No,9,Yes,Fiber optic,Month-to-month,Electronic check,74.75,706.6,1,0.8749082310395991,1,HIGH RISK,2026-08-30 13:02:06
1453-RZFON,Female,0,No,Yes,1,Yes,DSL,Month-to-month,Mailed check,49.9,49.9,0,0.4654436098784862,0,MEDIUM RISK,2026-08-30 13:02:06
8263-OKETD,Female,0,No,No,20,Yes,DSL,Month-to-month,Credit card (automatic),68.9,1370.35,0,0.39737430067815627,0,LOW RISK,2026-08-30 13:02:06
0670-KDOMA,Female,0,No,No,1,Yes,No,Month-to-month,Mailed check,20.25,20.25,0,0.4737010582757616,0,MEDIUM RISK,2026-08-30 13:02:06
2476-YGEFM,Female,0,No,No,29,Yes,Fiber optic,Month-to-month,Credit card (automatic),76.0,2215.25,0,0.6484803184628481,1,MEDIUM RISK,2026-08-30 13:02:06
8687-BAFGU,Male,0,No,No,1,Yes,Fiber optic,Month-to-month,Electronic check,74.0,74.0,0,0.7869742873720615,1,HIGH RISK,2026-08-30 13:02:06
0641-EVBOJ,Male,0,No,No,3,Yes,Fiber optic,Month-to-month,Mailed check,82.3,214.4,0,0.6813068739609006,1,MEDIUM RISK,2026-08-30 13:02:06
0829-XXPLX,Female,0,No,No,20,Yes,Fiber optic,Month-to-month,Bank transfer (automatic),89.4,1871.15,0,0.5973454037267698,1,MEDIUM RISK,2026-08-30 13:02:06
9974-JFBHQ,Male,0,No,Yes,64,Yes,Fiber optic,Month-to-month,Credit card (automatic),99.15,6171.2,0,0.4197059690198068,0,MEDIUM RISK,2026-08-30 13:02:06
5356-RHIPP,Male,0,No,No,1,Yes,No,Month-to-month,Mailed check,20.2,20.2,1,0.4804355127703799,0,MEDIUM RISK,2026-08-30 13:02:06
6624-JDRDS,Female,0,No,No,6,No,DSL,Month-to-month,Bank transfer (automatic),29.45,161.45,0,0.5504027559425685,1,MEDIUM RISK,2026-08-30 13:02:06
0608-JDVEC,Male,0,Yes,No,50,Yes,No,Two year,Electronic check,19.8,1013.2,0,0.04036201309284913,0,LOW RISK,2026-08-30 13:02:06
9780-FKVVF,Male,0,No,No,6,Yes,DSL,Month-to-month,Bank transfer (automatic),59.15,336.7,0,0.6301160261516313,1,MEDIUM RISK,2026-08-30 13:02:06
1919-RTPQD,Male,0,Yes,Yes,7,Yes,DSL,Month-to-month,Electronic check,44.75,333.65,0,0.6060512018852557,1,MEDIUM RISK,2026-08-30 13:02:06
5214-NLTIT,Male,0,Yes,Yes,72,Yes,Fiber optic,Two year,Credit card (automatic),90.8,6511.8,0,0.1527768228858666,0,LOW RISK,2026-08-30 13:02:06
3345-PBBFH,Male,0,Yes,No,8,Yes,DSL,Month-to-month,Bank transfer (automatic),49.55,393.45,0,0.6029581977173564,1,MEDIUM RISK,2026-08-30 13:02:06
5055-BRMNE,Female,0,Yes,Yes,67,Yes,Fiber optic,Two year,Credit card (automatic),106.7,7009.5,0,0.09498692746339882,0,LOW RISK,2026-08-30 13:02:06
9189-JWSHV,Female,1,Yes,No,24,Yes,Fiber optic,Month-to-month,Electronic check,93.55,2264.05,1,0.8619035758550846,1,HIGH RISK,2026-08-30 13:02:06
2190-PHBHR,Female,0,Yes,No,72,Yes,Fiber optic,Two year,Credit card (automatic),94.45,6921.7,0,0.12079709562747727,0,LOW RISK,2026-08-30 13:02:06
2650-GYRYL,Male,0,Yes,Yes,33,Yes,No,One year,Bank transfer (automatic),19.45,600.25,0,0.07569697834563843,0,LOW RISK,2026-08-30 13:02:06
0746-JTRFU,Male,0,No,No,2,No,DSL,Month-to-month,Electronic check,25.05,56.35,1,0.8185534598140523,1,HIGH RISK,2026-08-30 13:02:06
5208-FVQKB,Male,0,Yes,No,70,Yes,DSL,Two year,Mailed check,67.95,4664.15,0,0.018274807885933067,0,LOW RISK,2026-08-30 13:02:06
7184-LRUUR,Female,0,No,No,22,Yes,DSL,One year,Bank transfer (automatic),65.25,1441.8,0,0.15911429868491456,0,LOW RISK,2026-08-30 13:02:06
6627-CFOSN,Female,0,No,No,59,Yes,Fiber optic,Month-to-month,Bank transfer (automatic),99.45,5623.7,0,0.4818464334114649,0,MEDIUM RISK,2026-08-30 13:02:06
3982-JGSFD,Male,0,No,No,36,Yes,No,One year,Credit card (automatic),20.35,695.85,0,0.0824804522049118,0,LOW RISK,2026-08-30 13:02:06
1574-DYCWE,Female,0,Yes,Yes,51,Yes,No,Two year,Mailed check,19.95,1028.75,0,0.021894340224116092,0,LOW RISK,2026-08-30 13:02:06
7247-XOZPB,Male,0,Yes,No,53,Yes,DSL,One year,Bank transfer (automatic),77.4,4155.95,0,0.09667433683087,0,LOW RISK,2026-08-30 13:02:06
2466-FCCPT,Female,0,Yes,Yes,20,Yes,No,One year,Bank transfer (automatic),19.7,395.6,0,0.07143939140586439,0,LOW RISK,2026-08-30 13:02:06
6211-WWLTF,Male,0,Yes,No,63,Yes,Fiber optic,Two year,Credit card (automatic),99.7,6330.4,0,0.13563082145675823,0,LOW RISK,2026-08-30 13:02:06
4826-TZEVA,Female,0,No,No,40,Yes,Fiber optic,Month-to-month,Credit card (automatic),74.8,2971.7,0,0.37079125435863763,0,LOW RISK,2026-08-30 13:02:06
6016-NXBNJ,Male,0,No,No,35,Yes,No,One year,Mailed check,19.15,638.0,0,0.08694908616954898,0,LOW RISK,2026-08-30 13:02:06
9138-EFSMO,Male,0,Yes,Yes,26,Yes,Fiber optic,One year,Bank transfer (automatic),78.95,2034.25,0,0.3773962089344396,0,LOW RISK,2026-08-30 13:02:06
0576-WNXXC,Male,1,Yes,No,27,Yes,Fiber optic,Month-to-month,Electronic check,95.55,2510.2,1,0.8165591764503286,1,HIGH RISK,2026-08-30 13:02:06
4632-XJMEX,Male,0,No,Yes,53,Yes,DSL,One year,Credit card (automatic),62.85,3419.5,0,0.05171309229673671,0,LOW RISK,2026-08-30 13:02:06
8910-LEDAG,Male,1,Yes,No,34,Yes,Fiber optic,Month-to-month,Credit card (automatic),71.55,2427.35,0,0.495977187080244,0,MEDIUM RISK,2026-08-30 13:02:06
3452-GWUIN,Female,1,Yes,No,19,Yes,Fiber optic,Month-to-month,Electronic check,94.95,1760.25,0,0.8774649878001615,1,HIGH RISK,2026-08-30 13:02:06
2716-GFZOR,Male,0,Yes,No,43,Yes,Fiber optic,Month-to-month,Credit card (automatic),86.1,3551.65,0,0.3529728006961412,0,LOW RISK,2026-08-30 13:02:06
3724-UCSHY,Male,0,Yes,Yes,6,Yes,No,Month-to-month,Mailed check,19.55,122.9,0,0.3139425398079749,0,LOW RISK,2026-08-30 13:02:06
8626-XHBIE,Male,0,No,Yes,56,Yes,No,Two year,Mailed check,24.8,1424.2,0,0.034406109677758166,0,LOW RISK,2026-08-30 13:02:06
4628-CTTLA,Male,0,No,No,57,No,DSL,Month-to-month,Electronic check,39.3,2111.45,1,0.46952775667960295,0,MEDIUM RISK,2026-08-30 13:02:06
3192-LNKRK,Male,0,Yes,Yes,34,Yes,Fiber optic,Month-to-month,Mailed check,84.05,2909.95,0,0.592579417520093,1,MEDIUM RISK,2026-08-30 13:02:06
4439-YRNVD,Female,0,No,No,10,No,DSL,Month-to-month,Electronic check,36.25,374.0,0,0.595101419071544,1,MEDIUM RISK,2026-08-30 13:02:06
2876-VBBBL,Female,0,No,No,1,Yes,No,Month-to-month,Mailed check,20.25,20.25,1,0.4737010582757616,0,MEDIUM RISK,2026-08-30 13:02:06
6834-NXDCA,Female,0,No,No,13,No,DSL,Month-to-month,Electronic check,23.9,300.8,1,0.6560083571121889,1,MEDIUM RISK,2026-08-30 13:02:06
2208-UGTGR,Male,0,No,No,56,Yes,Fiber optic,Month-to-month,Electronic check,98.6,5581.05,0,0.6920760004676313,1,MEDIUM RISK,2026-08-30 13:02:06
3005-TYFRD,Female,0,Yes,No,55,Yes,Fiber optic,Month-to-month,Credit card (automatic),103.65,5676.65,0,0.700386873292099,1,HIGH RISK,2026-08-30 13:02:06
8670-MEFCP,Female,0,Yes,Yes,36,Yes,DSL,Two year,Credit card (automatic),92.9,3379.25,0,0.07081073249296208,0,LOW RISK,2026-08-30 13:02:06
3079-BCHLN,Male,0,Yes,No,47,Yes,No,One year,Bank transfer (automatic),19.9,942.95,0,0.04036864403123074,0,LOW RISK,2026-08-30 13:02:06
7777-UNYHB,Female,0,Yes,Yes,12,Yes,No,Month-to-month,Credit card (automatic),20.1,232.4,0,0.32543287747974775,0,LOW RISK,2026-08-30 13:02:06
5597-GLBUC,Female,0,No,No,1,Yes,Fiber optic,Month-to-month,Electronic check,85.45,85.45,1,0.8994675417766518,1,HIGH RISK,2026-08-30 13:02:06
7278-CKDNC,Male,1,No,No,24,Yes,Fiber optic,Month-to-month,Electronic check,80.5,2088.45,0,0.7424381926648893,1,HIGH RISK,2026-08-30 13:02:06
2748-MYRVK,Female,0,No,No,63,Yes,Fiber optic,One year,Bank transfer (automatic),99.9,6137.0,1,0.34434821178598674,0,LOW RISK,2026-08-30 13:02:06
8450-UYIBU,Female,1,No,No,35,No,DSL,Month-to-month,Electronic check,39.85,1434.6,0,0.6216757999262068,1,MEDIUM RISK,2026-08-30 13:02:06
2969-VAPYH,Female,0,No,No,67,Yes,DSL,One year,Credit card (automatic),60.5,3870.0,0,0.03783846188818573,0,LOW RISK,2026-08-30 13:02:06
4822-YCXMX,Male,0,No,No,25,Yes,Fiber optic,Month-to-month,Electronic check,84.8,2043.45,1,0.8148811531302312,1,HIGH RISK,2026-08-30 13:02:06
7181-OQCUT,Male,0,No,No,21,Yes,Fiber optic,Month-to-month,Mailed check,103.85,2215.0,0,0.6725461194232485,1,MEDIUM RISK,2026-08-30 13:02:06
8474-UMLNT,Female,0,No,No,13,Yes,DSL,Month-to-month,Bank transfer (automatic),67.8,842.25,0,0.23082325894450223,0,LOW RISK,2026-08-30 13:02:06
9821-POOTN,Male,0,Yes,No,35,Yes,Fiber optic,Month-to-month,Electronic check,75.2,2576.2,1,0.6951478226128596,1,MEDIUM RISK,2026-08-30 13:02:06
3836-FZSDJ,Male,1,Yes,No,71,Yes,No,Two year,Bank transfer (automatic),24.85,1901.0,0,0.019967512042222236,0,LOW RISK,2026-08-30 13:02:06
9142-XMYJH,Female,0,No,No,29,Yes,No,Month-to-month,Credit card (automatic),19.35,601.6,0,0.14792077747848426,0,LOW RISK,2026-08-30 13:02:06
6559-ILWKJ,Male,0,Yes,No,71,No,DSL,Two year,Electronic check,49.35,3515.25,1,0.10805825509754403,0,LOW RISK,2026-08-30 13:02:06
0187-QSXOE,Male,1,Yes,No,7,Yes,Fiber optic,Month-to-month,Electronic check,89.0,605.45,0,0.9257904690762013,1,HIGH RISK,2026-08-30 13:02:06
7733-UDMTP,Female,1,No,No,57,No,DSL,Month-to-month,Electronic check,55.0,3094.05,0,0.6005583489526749,1,MEDIUM RISK,2026-08-30 13:02:06
2649-HWLYB,Male,0,Yes,No,65,Yes,DSL,Two year,Bank transfer (automatic),76.15,4929.55,0,0.03151101699093186,0,LOW RISK,2026-08-30 13:02:06
5214-CHIWJ,Male,0,No,No,27,Yes,No,One year,Mailed check,20.3,595.05,0,0.08401256707511814,0,LOW RISK,2026-08-30 13:02:06
4229-CZMLL,Male,0,No,No,6,Yes,Fiber optic,Month-to-month,Electronic check,74.9,469.8,1,0.8867494609119196,1,HIGH RISK,2026-08-30 13:02:06
6904-JLBGY,Female,1,No,No,72,Yes,Fiber optic,Two year,Credit card (automatic),117.35,8436.25,0,0.13985545490653792,0,LOW RISK,2026-08-30 13:02:06
2465-BLLEU,Male,0,No,No,1,Yes,No,Month-to-month,Mailed check,19.75,19.75,0,0.48248023534885975,0,MEDIUM RISK,2026-08-30 13:02:06
1685-VAYJF,Male,0,No,No,11,Yes,DSL,Month-to-month,Credit card (automatic),45.2,492.0,0,0.5172817369697975,1,MEDIUM RISK,2026-08-30 13:02:06
8874-EJNSR,Male,0,Yes,Yes,39,Yes,No,Two year,Mailed check,25.2,987.95,0,0.02924864887529844,0,LOW RISK,2026-08-30 13:02:06
6917-YACBP,Female,1,No,No,59,Yes,Fiber optic,Month-to-month,Electronic check,89.75,5496.9,0,0.5456410115402781,1,MEDIUM RISK,2026-08-30 13:02:06
5049-MUBWG,Male,0,No,No,26,Yes,DSL,One year,Bank transfer (automatic),75.0,1908.35,0,0.14231271404410806,0,LOW RISK,2026-08-30 13:02:06
4223-WOZCM,Male,1,No,No,2,Yes,DSL,Month-to-month,Mailed check,49.95,107.1,0,0.649709050676172,1,MEDIUM RISK,2026-08-30 13:02:06
0769-MURVM,Female,0,Yes,Yes,72,No,DSL,Two year,Bank transfer (automatic),65.7,4575.35,0,0.02342572841236908,0,LOW RISK,2026-08-30 13:02:06
9253-VIFJQ,Male,0,Yes,No,65,Yes,DSL,One year,Credit card (automatic),67.05,4309.55,0,0.05650353141202367,0,LOW RISK,2026-08-30 13:02:06
7030-FZTFM,Male,0,Yes,Yes,72,Yes,Fiber optic,Two year,Credit card (automatic),110.9,7922.75,0,0.10836802466712954,0,LOW RISK,2026-08-30 13:02:06
9741-YLNTD,Male,0,No,No,6,Yes,Fiber optic,Month-to-month,Bank transfer (automatic),87.95,522.35,0,0.8475182090392387,1,HIGH RISK,2026-08-30 13:02:06
5917-RYRMG,Male,1,No,No,32,Yes,No,One year,Credit card (automatic),19.8,587.7,0,0.07968580740228294,0,LOW RISK,2026-08-30 13:02:06
5120-ZBLAI,Female,0,Yes,No,50,Yes,DSL,One year,Bank transfer (automatic),75.7,3876.2,0,0.24101418203951516,0,LOW RISK,2026-08-30 13:02:06
1194-BHJYC,Male,0,Yes,No,61,No,DSL,Two year,Mailed check,62.15,3778.85,0,0.09385178250226718,0,LOW RISK,2026-08-30 13:02:06
3663-MITLP,Female,0,No,No,15,Yes,Fiber optic,Month-to-month,Electronic check,101.25,1457.25,1,0.8123451705023138,1,HIGH RISK,2026-08-30 13:02:06
0906-QVPMS,Male,0,Yes,No,72,Yes,Fiber optic,Two year,Bank transfer (automatic),115.15,8349.45,0,0.09489846426153718,0,LOW RISK,2026-08-30 13:02:06
9025-ZRPVR,Male,0,No,No,9,Yes,No,Month-to-month,Mailed check,18.95,185.6,1,0.4102469284036684,0,MEDIUM RISK,2026-08-30 13:02:06
1905-OEILC,Female,0,No,No,1,Yes,No,Month-to-month,Mailed check,19.5,19.5,0,0.39229505223135813,0,LOW RISK,2026-08-30 13:02:06
7858-GTZSP,Female,0,No,No,12,Yes,Fiber optic,Month-to-month,Electronic check,86.55,1066.9,0,0.893078129366085,1,HIGH RISK,2026-08-30 13:02:06
3285-UCQVC,Female,0,No,No,37,No,DSL,Month-to-month,Credit card (automatic),28.6,973.55,1,0.25687178675866656,0,LOW RISK,2026-08-30 13:02:06
6248-BSHKG,Male,0,Yes,Yes,61,Yes,No,One year,Mailed check,20.4,1226.45,0,0.03277556636226908,0,LOW RISK,2026-08-30 13:02:06
4685-TFLLS,Male,0,Yes,Yes,18,Yes,No,One year,Bank transfer (automatic),19.8,342.3,0,0.07828458004425341,0,LOW RISK,2026-08-30 13:02:06
3470-BTGQO,Male,0,No,Yes,21,Yes,DSL,Month-to-month,Mailed check,45.65,985.05,0,0.28902039778122157,0,LOW RISK,2026-08-30 13:02:06
1209-VFFOC,Male,0,Yes,Yes,68,No,DSL,Two year,Mailed check,56.4,3948.45,0,0.040939822753424004,0,LOW RISK,2026-08-30 13:02:06
8224-DWCKX,Male,1,No,No,12,Yes,Fiber optic,Month-to-month,Credit card (automatic),73.3,828.05,0,0.8390453375460298,1,HIGH RISK,2026-08-30 13:02:06
5482-PLVPE,Female,1,No,No,2,No,DSL,Month-to-month,Electronic check,24.35,41.85,1,0.7833183957374571,1,HIGH RISK,2026-08-30 13:02:06
4553-DVPZG,Female,0,Yes,No,62,Yes,Fiber optic,Month-to-month,Electronic check,101.35,6164.7,0,0.7376924380793533,1,HIGH RISK,2026-08-30 13:02:06
4902-OHLSK,Female,1,No,No,29,Yes,Fiber optic,Month-to-month,Electronic check,98.65,2862.75,1,0.7711188263940113,1,HIGH RISK,2026-08-30 13:02:06
6917-IAYHD,Male,0,No,Yes,1,No,DSL,Month-to-month,Mailed check,33.6,33.6,0,0.5592169142724402,1,MEDIUM RISK,2026-08-30 13:02:06
0495-ZBNGW,Male,1,Yes,No,5,Yes,Fiber optic,Month-to-month,Bank transfer (automatic),79.9,343.95,1,0.8642829871476381,1,HIGH RISK,2026-08-30 13:02:06
8620-RJPZN,Female,0,No,No,1,Yes,No,Month-to-month,Electronic check,20.7,20.7,0,0.472700452168006,0,MEDIUM RISK,2026-08-30 13:02:06
7572-KPVKK,Male,0,No,Yes,62,Yes,Fiber optic,Two year,Electronic check,104.05,6590.5,0,0.2836038938007318,0,LOW RISK,2026-08-30 13:02:06
2642-MAWLJ,Female,0,Yes,Yes,36,Yes,No,Two year,Bank transfer (automatic),20.25,717.95,0,0.022449204702154113,0,LOW RISK,2026-08-30 13:02:06
2357-COQEK,Female,1,No,No,28,Yes,Fiber optic,Month-to-month,Electronic check,103.3,2890.65,1,0.834703903976347,1,HIGH RISK,2026-08-30 13:02:06
7103-ZGVNT,Female,0,Yes,Yes,69,Yes,DSL,One year,Credit card (automatic),73.7,4885.85,0,0.041777230316181725,0,LOW RISK,2026-08-30 13:02:06
3737-GCSPV,Female,0,Yes,No,11,Yes,Fiber optic,Month-to-month,Credit card (automatic),96.2,1222.05,1,0.7703223875165492,1,HIGH RISK,2026-08-30 13:02:06
2027-WKXMW,Female,0,Yes,No,63,Yes,Fiber optic,Month-to-month,Electronic check,108.75,6871.7,0,0.6620310401610464,1,MEDIUM RISK,2026-08-30 13:02:06
7137-NAXML,Male,0,No,No,23,Yes,No,One year,Bank transfer (automatic),20.15,405.6,0,0.0758761520369214,0,LOW RISK,2026-08-30 13:02:06
2428-ZMCTB,Male,0,No,No,10,Yes,No,Month-to-month,Credit card (automatic),19.75,208.25,0,0.31429367077344866,0,LOW RISK,2026-08-30 13:02:06
2961-VNFKL,Female,0,Yes,No,71,Yes,No,Two year,Credit card (automatic),25.95,1801.9,0,0.023226080578657948,0,LOW RISK,2026-08-30 13:02:06
1768-HNVGJ,Female,1,No,No,45,Yes,DSL,Month-to-month,Electronic check,70.05,3062.45,0,0.29957068436917633,0,LOW RISK,2026-08-30 13:02:06
6963-KQYQB,Female,0,Yes,Yes,70,Yes,No,Two year,Mailed check,24.05,1764.75,0,0.014745481713451693,0,LOW RISK,2026-08-30 13:02:06
5934-RMPOV,Female,0,No,Yes,22,Yes,Fiber optic,Month-to-month,Electronic check,84.75,1816.75,0,0.7602146641542018,1,HIGH RISK,2026-08-30 13:02:06
1207-BLKSA,Female,0,Yes,Yes,52,Yes,No,Two year,Mailed check,23.05,1255.1,0,0.02970065010864225,0,LOW RISK,2026-08-30 13:02:06
4088-YLDSU,Male,0,Yes,No,55,Yes,Fiber optic,One year,Electronic check,104.15,5743.05,1,0.5834838887580518,1,MEDIUM RISK,2026-08-30 13:02:06
8316-BBQAY,Female,0,No,No,65,No,DSL,Two year,Credit card (automatic),59.95,3921.1,0,0.05727587432573397,0,LOW RISK,2026-08-30 13:02:06
1166-PQLGG,Female,0,Yes,Yes,72,Yes,No,Two year,Bank transfer (automatic),19.55,1463.45,0,0.009389828561503959,0,LOW RISK,2026-08-30 13:02:06
3146-JTQHR,Male,0,Yes,No,10,Yes,No,One year,Bank transfer (automatic),19.6,189.45,0,0.17886323068416304,0,LOW RISK,2026-08-30 13:02:06
4291-YZODP,Female,0,No,Yes,7,Yes,No,One year,Mailed check,20.05,96.8,0,0.15946165192080963,0,LOW RISK,2026-08-30 13:02:06
4395-PZMSN,Male,1,No,No,5,Yes,Fiber optic,Month-to-month,Electronic check,85.55,408.5,0,0.8912346522215351,1,HIGH RISK,2026-08-30 13:02:06
6427-FEFIG,Female,0,Yes,Yes,24,Yes,DSL,Two year,Credit card (automatic),78.6,1846.65,0,0.0945323483223216,0,LOW RISK,2026-08-30 13:02:06
0017-IUDMW,Female,0,Yes,Yes,72,Yes,Fiber optic,Two year,Credit card (automatic),116.8,8456.75,0,0.1051900672185342,0,LOW RISK,2026-08-30 13:02:06
8706-HRADD,Male,0,No,No,21,No,DSL,Month-to-month,Mailed check,43.55,1011.5,0,0.4294565005300401,0,MEDIUM RISK,2026-08-30 13:02:06
9955-QOPOY,Male,0,Yes,No,69,No,DSL,One year,Credit card (automatic),60.8,4263.4,0,0.1799299730913197,0,LOW RISK,2026-08-30 13:02:06
4385-ZKVNW,Male,0,Yes,Yes,44,Yes,DSL,Month-to-month,Bank transfer (automatic),54.9,2549.1,0,0.1681290837830436,0,LOW RISK,2026-08-30 13:02:06
5446-DKWYW,Female,1,Yes,Yes,61,Yes,DSL,One year,Electronic check,65.2,3965.05,0,0.23015316040876427,0,LOW RISK,2026-08-30 13:02:06
2034-CGRHZ,Male,1,No,No,24,Yes,Fiber optic,Month-to-month,Credit card (automatic),102.95,2496.7,1,0.7963209139522195,1,HIGH RISK,2026-08-30 13:02:06
5797-APWZC,Female,0,No,No,1,Yes,Fiber optic,Month-to-month,Electronic check,90.6,90.6,1,0.8955205096900646,1,HIGH RISK,2026-08-30 13:02:06
3683-QKIUE,Female,0,No,No,6,Yes,DSL,Month-to-month,Bank transfer (automatic),50.8,288.05,1,0.5605467282689391,1,MEDIUM RISK,2026-08-30 13:02:06
4228-ZGYUW,Male,0,No,No,4,Yes,Fiber optic,Month-to-month,Electronic check,90.05,368.1,1,0.9099090931292043,1,HIGH RISK,2026-08-30 13:02:06
9031-ZVQPT,Male,0,Yes,No,72,Yes,Fiber optic,Two year,Electronic check,108.2,7840.6,0,0.24337990189047695,0,LOW RISK,2026-08-30 13:02:06
2990-IAJSV,Male,0,No,No,72,Yes,DSL,Two year,Bank transfer (automatic),92.0,6632.75,0,0.029346267701269118,0,LOW RISK,2026-08-30 13:02:06
8107-KNCIM,Male,1,Yes,No,14,Yes,Fiber optic,Month-to-month,Electronic check,75.1,1013.35,0,0.8236671793348125,1,HIGH RISK,2026-08-30 13:02:06
9027-YFHQJ,Male,0,No,No,7,Yes,No,Month-to-month,Bank transfer (automatic),25.05,152.95,0,0.4839341559652904,0,MEDIUM RISK,2026-08-30 13:02:06
5176-LDKUH,Female,0,No,No,48,Yes,Fiber optic,One year,Electronic check,75.15,3772.65,0,0.23544294167515795,0,LOW RISK,2026-08-30 13:02:06
4644-OBGFZ,Male,0,Yes,Yes,55,Yes,No,One year,Mailed check,19.5,1026.35,0,0.041511621925050306,0,LOW RISK,2026-08-30 13:02:06
7926-IJOOU,Male,0,No,No,1,Yes,No,Month-to-month,Credit card (automatic),19.3,19.3,0,0.3957222140153787,0,LOW RISK,2026-08-30 13:02:06
6480-YAGIY,Male,0,No,No,45,Yes,Fiber optic,One year,Credit card (automatic),112.2,5031.85,0,0.19537491711616495,0,LOW RISK,2026-08-30 13:02:06
4029-HPFVY,Male,0,No,No,3,Yes,Fiber optic,Month-to-month,Mailed check,70.3,220.4,0,0.8181334127652016,1,HIGH RISK,2026-08-30 13:02:06
7602-DBTOU,Female,0,Yes,No,71,Yes,No,Two year,Mailed check,19.6,1416.5,0,0.012542847403494711,0,LOW RISK,2026-08-30 13:02:06
5345-BMKWB,Male,0,Yes,No,8,Yes,No,Month-to-month,Mailed check,20.25,158.35,0,0.3392334589996442,0,LOW RISK,2026-08-30 13:02:06
3519-ZKXGG,Female,0,Yes,No,3,Yes,Fiber optic,Month-to-month,Electronic check,75.85,256.6,1,0.8984953856898532,1,HIGH RISK,2026-08-30 13:02:06
5457-COLHT,Male,0,Yes,Yes,69,Yes,DSL,Two year,Bank transfer (automatic),80.65,5542.55,0,0.019738146458079264,0,LOW RISK,2026-08-30 13:02:06
6416-TVAIH,Male,0,Yes,Yes,1,Yes,Fiber optic,Month-to-month,Electronic check,68.5,68.5,1,0.8546122416771261,1,HIGH RISK,2026-08-30 13:02:06
5451-YHYPW,Female,1,Yes,No,72,Yes,Fiber optic,Two year,Credit card (automatic),115.75,8443.7,0,0.14853077684447485,0,LOW RISK,2026-08-30 13:02:06
5108-ADXWO,Male,0,No,No,11,Yes,Fiber optic,Month-to-month,Electronic check,73.5,791.75,1,0.772911593820041,1,HIGH RISK,2026-08-30 13:02:06
7998-WNZEM,Male,0,No,No,71,Yes,DSL,Two year,Bank transfer (automatic),80.6,5708.2,0,0.022357051131835295,0,LOW RISK,2026-08-30 13:02:06
3066-RRJIO,Female,0,No,No,1,Yes,Fiber optic,Month-to-month,Mailed check,69.95,69.95,1,0.8242264064872289,1,HIGH RISK,2026-08-30 13:02:06
4664-NJCMS,Female,0,Yes,No,33,No,DSL,Two year,Bank transfer (automatic),59.55,2016.3,0,0.10631793593952599,0,LOW RISK,2026-08-30 13:02:06
0307-BCOPK,Female,0,No,No,16,Yes,No,One year,Mailed check,19.05,326.65,0,0.102637947277685,0,LOW RISK,2026-08-30 13:02:06
7629-WFGLW,Female,1,Yes,No,56,Yes,Fiber optic,One year,Electronic check,95.65,5471.75,0,0.2573376867614694,0,LOW RISK,2026-08-30 13:02:06
2542-HYGIQ,Female,0,No,No,1,Yes,No,Month-to-month,Credit card (automatic),19.95,19.95,0,0.3866924734085783,0,LOW RISK,2026-08-30 13:02:06
6715-OFDBP,Male,0,No,No,5,Yes,DSL,Month-to-month,Electronic check,70.05,346.4,1,0.7880119925522927,1,HIGH RISK,2026-08-30 13:02:06
5016-LIPDW,Male,0,Yes,Yes,57,Yes,No,One year,Mailed check,19.4,1061.6,0,0.038567688808685295,0,LOW RISK,2026-08-30 13:02:06
6481-LXPWL,Male,0,Yes,Yes,56,No,DSL,One year,Credit card (automatic),36.1,1971.5,0,0.15634354844176393,0,LOW RISK,2026-08-30 13:02:06
1567-DSCIC,Male,0,No,No,8,Yes,Fiber optic,Month-to-month,Electronic check,94.0,773.65,1,0.9002556056017245,1,HIGH RISK,2026-08-30 13:02:06
2150-UWTFY,Female,0,Yes,Yes,22,Yes,DSL,Month-to-month,Mailed check,61.15,1422.05,1,0.1979928525624449,0,LOW RISK,2026-08-30 13:02:06
6124-ACRHJ,Female,0,No,No,1,Yes,No,Month-to-month,Mailed check,19.75,19.75,0,0.3912108451690822,0,LOW RISK,2026-08-30 13:02:06
9362-MWODR,Female,0,No,Yes,40,Yes,DSL,Month-to-month,Credit card (automatic),64.1,2460.35,0,0.1935661733673531,0,LOW RISK,2026-08-30 13:02:06
9975-GPKZU,Male,0,Yes,Yes,46,Yes,No,Two year,Credit card (automatic),19.75,856.5,0,0.016201894544137157,0,LOW RISK,2026-08-30 13:02:06
9625-RZFUK,Male,0,Yes,Yes,63,Yes,No,Two year,Mailed check,19.7,1275.85,0,0.014235511942616956,0,LOW RISK,2026-08-30 13:02:06
5153-LXKDT,Male,0,Yes,Yes,68,Yes,Fiber optic,Two year,Electronic check,110.2,7467.5,0,0.20910295227054773,0,LOW RISK,2026-08-30 13:02:06
5161-UBZXI,Male,0,Yes,Yes,69,Yes,Fiber optic,Two year,Credit card (automatic),106.35,7261.75,0,0.08538363803658938,0,LOW RISK,2026-08-30 13:02:06
1020-JPQOW,Female,0,Yes,No,56,Yes,Fiber optic,Month-to-month,Electronic check,90.55,5116.6,0,0.46789991232564937,0,MEDIUM RISK,2026-08-30 13:02:06
7919-ZODZZ,Female,0,Yes,Yes,10,Yes,DSL,One year,Mailed check,65.9,660.05,0,0.35370438669669096,0,LOW RISK,2026-08-30 13:02:06
0565-JUPYD,Male,0,No,No,63,Yes,Fiber optic,One year,Credit card (automatic),104.5,6590.8,0,0.18105344722615704,0,LOW RISK,2026-08-30 13:02:06
6867-ACCZI,Female,0,Yes,Yes,24,No,DSL,Two year,Mailed check,52.5,1208.15,0,0.09698608287808907,0,LOW RISK,2026-08-30 13:02:06
5939-XAIXZ,Female,0,No,No,19,Yes,DSL,Month-to-month,Mailed check,56.1,1033.9,0,0.5024730956322448,1,MEDIUM RISK,2026-08-30 13:02:06
9054-FOWNV,Male,0,Yes,Yes,22,Yes,Fiber optic,Month-to-month,Electronic check,88.75,1885.15,0,0.7722682912897454,1,HIGH RISK,2026-08-30 13:02:06
2683-BPJSO,Male,0,Yes,No,29,Yes,Fiber optic,Month-to-month,Electronic check,84.45,2467.1,1,0.6413010318871927,1,MEDIUM RISK,2026-08-30 13:02:06
2157-MXBJS,Male,0,Yes,No,13,Yes,DSL,One year,Mailed check,75.3,989.45,1,0.46895099648060656,0,MEDIUM RISK,2026-08-30 13:02:06
8207-VVMYB,Female,0,Yes,No,70,Yes,No,Two year,Bank transfer (automatic),26.0,2006.95,0,0.0239498082369853,0,LOW RISK,2026-08-30 13:02:06
9732-EQMWY,Female,0,Yes,No,49,Yes,Fiber optic,Month-to-month,Electronic check,99.4,5025.0,0,0.6836613756096297,1,MEDIUM RISK,2026-08-30 13:02:06
9360-AHGNL,Female,1,Yes,No,43,Yes,Fiber optic,One year,Mailed check,109.55,4830.25,1,0.4201190305570632,0,MEDIUM RISK,2026-08-30 13:02:06
1087-UDSIH,Female,0,No,No,3,Yes,No,Month-to-month,Mailed check,19.6,59.75,1,0.4574152864725007,0,MEDIUM RISK,2026-08-30 13:02:06
5269-NRGDP,Male,0,Yes,Yes,42,Yes,DSL,One year,Electronic check,73.15,3088.25,0,0.15271151519277248,0,LOW RISK,2026-08-30 13:02:06
6195-MELTI,Male,0,No,No,57,Yes,DSL,One year,Mailed check,54.65,3134.7,0,0.11029022462438243,0,LOW RISK,2026-08-30 13:02:06
5485-WUYWF,Male,1,No,No,2,Yes,DSL,Month-to-month,Bank transfer (automatic),66.4,94.55,1,0.5155679507688895,1,MEDIUM RISK,2026-08-30 13:02:06
2121-JAFOM,Female,0,Yes,No,72,Yes,Fiber optic,Two year,Credit card (automatic),115.55,8312.4,0,0.12817266949551087,0,LOW RISK,2026-08-30 13:02:06
8818-DOPVL,Female,1,No,No,46,Yes,Fiber optic,Month-to-month,Electronic check,104.45,4863.85,0,0.7582089926981391,1,HIGH RISK,2026-08-30 13:02:06
2632-UCGVD,Male,1,Yes,No,66,Yes,Fiber optic,Month-to-month,Credit card (automatic),100.05,6871.9,1,0.6181011436755994,1,MEDIUM RISK,2026-08-30 13:02:06
5445-PZWGX,Male,0,No,No,62,Yes,Fiber optic,One year,Electronic check,102.0,6529.25,1,0.244391540244398,0,LOW RISK,2026-08-30 13:02:06
1227-UDMZR,Female,0,Yes,No,72,Yes,DSL,Two year,Bank transfer (automatic),91.15,6637.9,0,0.042083189078474026,0,LOW RISK,2026-08-30 13:02:06
5198-HQAEN,Male,0,Yes,Yes,35,Yes,Fiber optic,One year,Electronic check,89.7,3165.6,0,0.380817697754098,0,LOW RISK,2026-08-30 13:02:06
9170-CCKOU,Male,0,Yes,No,17,Yes,Fiber optic,Month-to-month,Credit card (automatic),90.2,1454.15,1,0.518200890787896,1,MEDIUM RISK,2026-08-30 13:02:06
2167-FQSTQ,Female,0,Yes,No,72,Yes,DSL,Two year,Electronic check,92.4,6786.1,0,0.06061170965734241,0,LOW RISK,2026-08-30 13:02:06
2819-GWENI,Female,0,Yes,Yes,28,Yes,No,One year,Mailed check,19.9,543.0,0,0.06688291755474107,0,LOW RISK,2026-08-30 13:02:06
1043-YCUTE,Male,0,Yes,No,56,Yes,No,Two year,Credit card (automatic),25.15,1327.15,1,0.04217418799431413,0,LOW RISK,2026-08-30 13:02:06
3814-MLAXC,Female,0,No,No,31,Yes,Fiber optic,Month-to-month,Credit card (automatic),79.85,2404.15,1,0.5664405759431572,1,MEDIUM RISK,2026-08-30 13:02:06
3572-UUHRS,Male,0,No,No,45,Yes,No,One year,Bank transfer (automatic),18.85,867.3,0,0.042834105001848456,0,LOW RISK,2026-08-30 13:02:06
2692-PFYTJ,Female,0,No,No,1,Yes,No,Month-to-month,Mailed check,25.75,25.75,0,0.5471092986499739,1,MEDIUM RISK,2026-08-30 13:02:06
1226-UDFZR,Female,0,No,No,2,Yes,DSL,Month-to-month,Mailed check,49.6,114.7,1,0.6586548602753649,1,MEDIUM RISK,2026-08-30 13:02:06
5955-EPOAZ,Female,0,No,No,6,Yes,No,Month-to-month,Mailed check,20.95,109.5,0,0.4196471361569122,0,MEDIUM RISK,2026-08-30 13:02:06
6821-JPCDC,Female,0,Yes,No,48,Yes,Fiber optic,One year,Electronic check,97.05,4692.95,0,0.4802418156966155,0,MEDIUM RISK,2026-08-30 13:02:06
8815-LMFLX,Male,0,Yes,Yes,25,Yes,No,Month-to-month,Bank transfer (automatic),25.4,546.85,0,0.23841179799121792,0,LOW RISK,2026-08-30 13:02:06
9135-HSWOC,Male,0,Yes,Yes,64,Yes,No,Two year,Bank transfer (automatic),19.7,1274.05,0,0.018356009711208526,0,LOW RISK,2026-08-30 13:02:06
8582-KRHPJ,Male,0,No,No,50,No,DSL,Month-to-month,Mailed check,35.0,1782.4,0,0.29413397992001766,0,LOW RISK,2026-08-30 13:02:06
5811-IWXYM,Female,0,Yes,Yes,52,Yes,Fiber optic,One year,Bank transfer (automatic),101.25,5301.1,0,0.42641776035283036,0,MEDIUM RISK,2026-08-30 13:02:06
7044-YAACC,Male,1,Yes,No,4,Yes,Fiber optic,Month-to-month,Electronic check,70.2,280.35,0,0.8811814798736867,1,HIGH RISK,2026-08-30 13:02:06
8189-XRIKE,Female,1,No,No,32,Yes,Fiber optic,Month-to-month,Electronic check,90.95,2897.95,0,0.7379308955640744,1,HIGH RISK,2026-08-30 13:02:06
1506-YJTYT,Male,0,Yes,Yes,45,Yes,DSL,Two year,Credit card (automatic),73.85,3371.0,0,0.02901367104502976,0,LOW RISK,2026-08-30 13:02:06
4123-DVHPH,Male,0,Yes,No,9,Yes,Fiber optic,Month-to-month,Electronic check,88.05,801.3,0,0.8783929077620012,1,HIGH RISK,2026-08-30 13:02:06
6425-YQLLO,Female,1,Yes,No,66,Yes,Fiber optic,One year,Credit card (automatic),105.95,6975.25,1,0.424737449793573,0,MEDIUM RISK,2026-08-30 13:02:06
5442-UTCVD,Male,0,No,Yes,3,Yes,Fiber optic,Month-to-month,Electronic check,91.85,257.05,1,0.8662064749101435,1,HIGH RISK,2026-08-30 13:02:06
2228-BZDEE,Female,0,No,No,54,Yes,No,Two year,Mailed check,20.1,1079.45,0,0.02309572983151998,0,LOW RISK,2026-08-30 13:02:06
7734-DBOAI,Female,0,Yes,Yes,1,No,DSL,Month-to-month,Electronic check,40.1,40.1,1,0.7295229675772328,1,HIGH RISK,2026-08-30 13:02:06
2789-CZANW,Female,0,Yes,Yes,64,Yes,Fiber optic,Two year,Bank transfer (automatic),110.3,6997.3,0,0.09412298817235633,0,LOW RISK,2026-08-30 13:02:06
2091-RFFBA,Female,1,No,No,31,Yes,Fiber optic,Month-to-month,Electronic check,73.9,2217.15,1,0.7479651746419843,1,HIGH RISK,2026-08-30 13:02:06
2114-MGINA,Female,0,No,No,14,Yes,Fiber optic,Month-to-month,Mailed check,89.8,1129.1,1,0.7797780242255159,1,HIGH RISK,2026-08-30 13:02:06
7596-LDUXP,Female,0,No,No,12,Yes,Fiber optic,One year,Credit card (automatic),85.15,979.05,0,0.578213224066212,1,MEDIUM RISK,2026-08-30 13:02:06
3740-RLMVT,Male,1,Yes,No,67,Yes,DSL,One year,Bank transfer (automatic),60.95,4119.4,0,0.0641089244198263,0,LOW RISK,2026-08-30 13:02:06
4489-SNOJF,Female,0,Yes,Yes,35,Yes,DSL,Month-to-month,Electronic check,72.25,2568.55,1,0.2444728054450289,0,LOW RISK,2026-08-30 13:02:06
2192-OZITF,Female,0,No,No,45,Yes,DSL,Two year,Mailed check,73.55,3349.1,0,0.03627010498595377,0,LOW RISK,2026-08-30 13:02:06
5651-CPDND,Male,0,No,No,10,Yes,DSL,Month-to-month,Mailed check,46.0,492.1,0,0.5307663290350617,1,MEDIUM RISK,2026-08-30 13:02:06
2186-QZEYA,Female,1,No,No,29,Yes,DSL,Month-to-month,Bank transfer (automatic),58.55,1718.95,0,0.37917260412446724,0,LOW RISK,2026-08-30 13:02:06
1131-ALZWV,Female,0,No,No,24,Yes,No,One year,Bank transfer (automatic),24.6,605.25,0,0.09700285158630115,0,LOW RISK,2026-08-30 13:02:06
7729-XBTWX,Male,0,Yes,Yes,66,Yes,No,Two year,Mailed check,19.75,1344.5,0,0.017819864908211386,0,LOW RISK,2026-08-30 13:02:06
9134-WYRVP,Male,0,No,No,51,Yes,Fiber optic,One year,Mailed check,86.35,4267.15,0,0.2535566975059853,0,LOW RISK,2026-08-30 13:02:06
3284-SVCRO,Female,0,Yes,No,45,Yes,No,Two year,Mailed check,25.5,1121.05,0,0.027666383334809565,0,LOW RISK,2026-08-30 13:02:06
9732-OUYRN,Female,0,Yes,No,49,Yes,No,One year,Credit card (automatic),19.0,918.7,0,0.061668351652217374,0,LOW RISK,2026-08-30 13:02:06
0559-CKHUS,Female,0,Yes,No,29,Yes,No,Two year,Mailed check,19.55,521.8,0,0.05177215290049943,0,LOW RISK,2026-08-30 13:02:06
2931-SVLTV,Male,0,Yes,Yes,40,Yes,Fiber optic,Month-to-month,Credit card (automatic),110.1,4469.1,0,0.5014538827535562,1,MEDIUM RISK,2026-08-30 13:02:06
6899-PPEEA,Female,1,No,No,37,Yes,Fiber optic,Month-to-month,Electronic check,96.55,3580.3,1,0.8192753351817978,1,HIGH RISK,2026-08-30 13:02:06
7504-UWHNB,Male,0,No,No,25,Yes,Fiber optic,Month-to-month,Electronic check,69.75,1729.35,0,0.624545287742097,1,MEDIUM RISK,2026-08-30 13:02:06
2582-FFFZR,Female,0,No,No,22,No,DSL,Month-to-month,Electronic check,50.6,1073.3,0,0.7167002619662726,1,HIGH RISK,2026-08-30 13:02:06
8908-NMQTX,Male,0,No,No,72,No,DSL,Two year,Bank transfer (automatic),65.6,4566.5,0,0.039919611020761275,0,LOW RISK,2026-08-30 13:02:06
2187-LZGPL,Female,0,No,No,7,No,DSL,Month-to-month,Credit card (automatic),40.1,293.3,1,0.7517729053064256,1,HIGH RISK,2026-08-30 13:02:06
1431-AIDJQ,Male,0,Yes,Yes,33,Yes,DSL,Two year,Credit card (automatic),82.1,2603.1,0,0.05907951198778808,0,LOW RISK,2026-08-30 13:02:06
6288-LBEAR,Female,0,No,No,23,Yes,Fiber optic,Month-to-month,Mailed check,79.1,1783.75,0,0.48798333566209606,0,MEDIUM RISK,2026-08-30 13:02:06
4597-NUCQV,Male,1,No,No,24,Yes,Fiber optic,Month-to-month,Electronic check,101.25,2440.15,1,0.8392265556341006,1,HIGH RISK,2026-08-30 13:02:06
9019-QVLZD,Female,0,No,No,1,Yes,Fiber optic,Month-to-month,Electronic check,79.55,79.55,1,0.8641857758234245,1,HIGH RISK,2026-08-30 13:02:06
8413-YNHNV,Male,0,No,No,69,Yes,DSL,Two year,Mailed check,90.65,6322.1,0,0.03484914952059719,0,LOW RISK,2026-08-30 13:02:06
5808-TOTXO,Female,0,No,Yes,3,Yes,No,One year,Credit card (automatic),20.55,57.4,0,0.23781389183325716,0,LOW RISK,2026-08-30 13:02:06
4369-NYSCF,Male,0,No,No,56,Yes,DSL,One year,Bank transfer (automatic),75.75,4284.65,0,0.1463792052474697,0,LOW RISK,2026-08-30 13:02:06
6333-YDVLT,Male,0,No,No,65,Yes,Fiber optic,One year,Credit card (automatic),110.0,7138.65,0,0.31469236494075215,0,LOW RISK,2026-08-30 13:02:06
5324-KTGCG,Male,0,Yes,No,71,Yes,No,One year,Electronic check,20.85,1539.75,0,0.038670269466449816,0,LOW RISK,2026-08-30 13:02:06
5599-HVLTW,Female,1,No,No,14,Yes,Fiber optic,Month-to-month,Bank transfer (automatic),80.35,1058.1,0,0.7476159197093991,1,HIGH RISK,2026-08-30 13:02:06
7394-LWLYN,Female,0,No,No,2,Yes,Fiber optic,Month-to-month,Electronic check,70.15,123.8,0,0.8612072372026989,1,HIGH RISK,2026-08-30 13:02:06
3707-LRWZD,Female,0,No,No,32,Yes,Fiber optic,One year,Electronic check,84.05,2781.85,1,0.5390119379019456,1,MEDIUM RISK,2026-08-30 13:02:06
6873-UDNLD,Male,0,No,No,40,Yes,DSL,Month-to-month,Electronic check,67.45,2731.0,0,0.23370633970212568,0,LOW RISK,2026-08-30 13:02:06
2700-LUEVA,Male,0,No,No,1,Yes,No,Month-to-month,Credit card (automatic),20.75,20.75,0,0.38942923094747905,0,LOW RISK,2026-08-30 13:02:06
1455-ESIQH,Male,0,No,No,1,Yes,Fiber optic,Month-to-month,Electronic check,89.1,89.1,1,0.927427762329037,1,HIGH RISK,2026-08-30 13:02:06
0958-YHXGP,Female,0,No,No,7,Yes,Fiber optic,Month-to-month,Mailed check,69.9,497.3,0,0.7911367483893107,1,HIGH RISK,2026-08-30 13:02:06
1101-SSWAG,Female,0,Yes,No,15,Yes,DSL,Month-to-month,Electronic check,51.1,711.15,0,0.6272298657666576,1,MEDIUM RISK,2026-08-30 13:02:06
2979-SXESE,Female,0,Yes,Yes,17,Yes,Fiber optic,Month-to-month,Electronic check,94.4,1607.2,1,0.6600030014471465,1,MEDIUM RISK,2026-08-30 13:02:06
4013-TLDHQ,Male,0,No,No,19,Yes,Fiber optic,Month-to-month,Electronic check,78.25,1490.95,1,0.6883297177016522,1,MEDIUM RISK,2026-08-30 13:02:06
5743-KHMNA,Male,0,No,No,71,Yes,No,Two year,Bank transfer (automatic),25.55,1898.1,0,0.01621461514728448,0,LOW RISK,2026-08-30 13:02:06
4194-FJARJ,Female,0,Yes,Yes,54,Yes,DSL,Two year,Bank transfer (automatic),60.0,3273.95,0,0.0359369167418256,0,LOW RISK,2026-08-30 13:02:06
5325-UWTWJ,Male,0,Yes,No,31,Yes,Fiber optic,Month-to-month,Credit card (automatic),90.55,2929.75,0,0.47149410985577495,0,MEDIUM RISK,2026-08-30 13:02:06
3969-GYXEL,Female,0,No,No,11,Yes,Fiber optic,Month-to-month,Electronic check,76.4,838.7,0,0.6915054287725361,1,MEDIUM RISK,2026-08-30 13:02:06
9208-OLGAQ,Female,1,No,No,18,Yes,Fiber optic,Month-to-month,Electronic check,84.95,1443.65,0,0.7962172215067567,1,HIGH RISK,2026-08-30 13:02:06
3244-CQPHU,Female,1,No,No,72,Yes,Fiber optic,Two year,Bank transfer (automatic),110.1,7746.7,0,0.13435974689607816,0,LOW RISK,2026-08-30 13:02:06
2674-MLXMN,Female,1,No,No,71,Yes,Fiber optic,Month-to-month,Credit card (automatic),99.65,6951.15,0,0.5908401115170494,1,MEDIUM RISK,2026-08-30 13:02:06
9708-HPXWZ,Male,1,No,No,5,No,DSL,Month-to-month,Credit card (automatic),45.4,214.75,0,0.6976859848507498,1,MEDIUM RISK,2026-08-30 13:02:06
6992-TKNYO,Male,0,Yes,No,38,Yes,DSL,One year,Credit card (automatic),69.0,2669.45,0,0.15033117095499268,0,LOW RISK,2026-08-30 13:02:06
4468-YDOVK,Male,0,No,Yes,5,Yes,DSL,Month-to-month,Bank transfer (automatic),48.65,235.2,0,0.5346708451946923,1,MEDIUM RISK,2026-08-30 13:02:06
3754-DXMRT,Male,1,No,No,2,Yes,DSL,Month-to-month,Electronic check,44.15,92.65,1,0.7878294904552354,1,HIGH RISK,2026-08-30 13:02:06
5792-JALQC,Female,1,No,No,52,Yes,DSL,Two year,Bank transfer (automatic),59.85,3103.25,0,0.07026807905926888,0,LOW RISK,2026-08-30 13:02:06
7130-VTEWQ,Female,1,No,No,8,Yes,Fiber optic,Month-to-month,Electronic check,75.75,606.25,1,0.8902323191685757,1,HIGH RISK,2026-08-30 13:02:06
2200-DSAAL,Female,0,No,No,68,Yes,DSL,Two year,Electronic check,80.65,5330.2,0,0.1172394915927279,0,LOW RISK,2026-08-30 13:02:06
4302-ZYFEL,Male,0,Yes,Yes,69,Yes,No,One year,Credit card (automatic),20.55,1403.1,0,0.033269034975138896,0,LOW RISK,2026-08-30 13:02:06
9351-LZYGF,Female,0,Yes,No,42,Yes,DSL,Month-to-month,Credit card (automatic),66.4,2727.8,0,0.1534475038396964,0,LOW RISK,2026-08-30 13:02:06
4366-CTOUZ,Female,0,No,No,50,Yes,Fiber optic,Two year,Mailed check,100.2,5038.45,0,0.23810638304957785,0,LOW RISK,2026-08-30 13:02:06
6121-VZNQB,Female,0,No,No,1,Yes,No,Month-to-month,Mailed check,19.1,19.1,1,0.4789218708435322,0,MEDIUM RISK,2026-08-30 13:02:06
7903-CMPEY,Male,1,Yes,No,1,Yes,Fiber optic,Month-to-month,Electronic check,80.3,80.3,1,0.8853244432032467,1,HIGH RISK,2026-08-30 13:02:06
1518-OMDIK,Male,0,Yes,No,33,Yes,DSL,Month-to-month,Credit card (automatic),44.55,1462.6,0,0.36290534545409725,0,LOW RISK,2026-08-30 13:02:06
6671-NGWON,Female,0,No,No,7,Yes,No,Month-to-month,Mailed check,20.35,150.6,0,0.335431074314789,0,LOW RISK,2026-08-30 13:02:06
0595-ITUDF,Male,0,Yes,Yes,64,Yes,Fiber optic,Month-to-month,Electronic check,91.8,5960.5,0,0.413336425696478,0,MEDIUM RISK,2026-08-30 13:02:06
6996-KNSML,Female,0,No,No,1,Yes,Fiber optic,Month-to-month,Electronic check,74.9,74.9,1,0.8707422529777046,1,HIGH RISK,2026-08-30 13:02:06
1955-IBMMB,Male,0,No,No,59,Yes,No,Two year,Bank transfer (automatic),20.2,1192.3,0,0.026201887150243595,0,LOW RISK,2026-08-30 13:02:06
0096-BXERS,Female,0,Yes,No,6,Yes,DSL,Month-to-month,Electronic check,50.35,314.55,0,0.7200082672872169,1,HIGH RISK,2026-08-30 13:02:06
3806-YAZOV,Female,0,No,No,3,Yes,No,Month-to-month,Mailed check,18.8,56.0,0,0.37660727092050594,0,LOW RISK,2026-08-30 13:02:06
7998-ZLXWN,Female,0,Yes,No,15,Yes,No,Month-to-month,Credit card (automatic),20.45,330.8,0,0.1994864947679056,0,LOW RISK,2026-08-30 13:02:06
6253-WRFHY,Male,0,Yes,Yes,13,Yes,DSL,One year,Electronic check,64.75,877.35,0,0.5087703678193904,1,MEDIUM RISK,2026-08-30 13:02:06
9133-AYJZG,Female,0,No,No,23,Yes,Fiber optic,Month-to-month,Credit card (automatic),98.7,2249.1,0,0.7632752941226778,1,HIGH RISK,2026-08-30 13:02:06
2675-OTVVJ,Male,1,Yes,No,31,Yes,Fiber optic,Month-to-month,Electronic check,89.45,2807.65,0,0.6855217356782833,1,MEDIUM RISK,2026-08-30 13:02:06
8680-CGLTP,Male,0,No,No,29,Yes,DSL,One year,Electronic check,58.75,1696.2,0,0.17165868775099946,0,LOW RISK,2026-08-30 13:02:06
8430-TWCBX,Female,0,Yes,No,49,Yes,No,One year,Credit card (automatic),20.7,1032.05,0,0.0603701486965576,0,LOW RISK,2026-08-30 13:02:06
5018-GWURO,Female,0,Yes,No,56,Yes,Fiber optic,Month-to-month,Bank transfer (automatic),85.6,4902.8,0,0.6249058401522485,1,MEDIUM RISK,2026-08-30 13:02:06
6741-QRLUP,Female,0,No,No,63,Yes,DSL,Two year,Credit card (automatic),80.3,4995.35,0,0.04143062774944339,0,LOW RISK,2026-08-30 13:02:06
4737-HOBAX,Male,0,Yes,No,63,Yes,DSL,Two year,Credit card (automatic),79.8,5034.05,0,0.06801339819492033,0,LOW RISK,2026-08-30 13:02:06
0537-QYZZN,Male,1,Yes,Yes,24,Yes,Fiber optic,Month-to-month,Electronic check,79.85,1857.75,0,0.6473304347275212,1,MEDIUM RISK,2026-08-30 13:02:06
3340-QBBFM,Male,1,Yes,No,36,Yes,DSL,One year,Credit card (automatic),54.1,1992.85,0,0.13652716002566997,0,LOW RISK,2026-08-30 13:02:06
1704-NRWYE,Female,1,No,No,9,Yes,Fiber optic,Month-to-month,Electronic check,80.85,751.65,1,0.8884989444307182,1,HIGH RISK,2026-08-30 13:02:06
2592-SEIFQ,Male,0,No,No,3,No,DSL,Month-to-month,Electronic check,24.75,66.95,1,0.7515120378880511,1,HIGH RISK,2026-08-30 13:02:06
8200-KLNYW,Female,0,Yes,No,21,Yes,DSL,One year,Mailed check,80.9,1714.95,0,0.14790532645166254,0,LOW RISK,2026-08-30 13:02:06
3372-CDXFJ,Male,0,Yes,Yes,13,Yes,No,One year,Bank transfer (automatic),24.5,343.6,0,0.12497598477581705,0,LOW RISK,2026-08-30 13:02:06
4781-ZXYGU,Male,0,Yes,Yes,1,Yes,No,Month-to-month,Bank transfer (automatic),20.15,20.15,0,0.42553643225371,0,MEDIUM RISK,2026-08-30 13:02:06
7632-YUTXB,Female,0,Yes,Yes,25,Yes,No,One year,Mailed check,20.05,520.1,0,0.07486721922686856,0,LOW RISK,2026-08-30 13:02:06
2718-YSKCS,Male,0,Yes,Yes,71,Yes,No,Two year,Bank transfer (automatic),19.6,1387.45,0,0.014004224956633957,0,LOW RISK,2026-08-30 13:02:06
9896-UYMIE,Male,0,No,No,66,Yes,Fiber optic,One year,Bank transfer (automatic),114.3,7383.7,0,0.2768529300283424,0,LOW RISK,2026-08-30 13:02:06
0853-NWIFK,Female,0,No,No,45,Yes,Fiber optic,One year,Electronic check,100.3,4483.95,0,0.3891594055207552,0,LOW RISK,2026-08-30 13:02:06
8212-CRQXP,Female,0,Yes,No,22,Yes,Fiber optic,Month-to-month,Credit card (automatic),80.0,1706.45,0,0.6674046125958868,1,MEDIUM RISK,2026-08-30 13:02:06
6980-CDGFC,Female,0,Yes,No,67,Yes,No,One year,Bank transfer (automatic),20.85,1327.4,0,0.04122734597590173,0,LOW RISK,2026-08-30 13:02:06
7691-XVTZH,Female,0,Yes,No,68,Yes,Fiber optic,Two year,Bank transfer (automatic),89.95,5974.3,0,0.1914838051197834,0,LOW RISK,2026-08-30 13:02:06
2520-SGTTA,Female,0,Yes,Yes,0,Yes,No,Two year,Mailed check,20.0,0.0,0,0.10072397247835223,0,LOW RISK,2026-08-30 13:02:06
7481-ATQQS,Female,1,No,No,49,Yes,Fiber optic,Month-to-month,Credit card (automatic),90.85,4515.85,1,0.7223927775470698,1,HIGH RISK,2026-08-30 13:02:06
2277-VWCNI,Female,1,No,No,4,Yes,DSL,Month-to-month,Mailed check,48.75,179.85,0,0.690642326574988,1,MEDIUM RISK,2026-08-30 13:02:06
1088-CNNKB,Male,0,Yes,No,63,Yes,DSL,One year,Credit card (automatic),80.0,5040.2,0,0.06758588603730095,0,LOW RISK,2026-08-30 13:02:06
8642-GVWRF,Female,0,Yes,No,2,Yes,Fiber optic,Month-to-month,Bank transfer (automatic),79.7,165.0,1,0.7405757772997134,1,HIGH RISK,2026-08-30 13:02:06
1930-BZLHI,Male,0,No,No,21,Yes,No,One year,Mailed check,20.35,422.7,0,0.11694146514126351,0,LOW RISK,2026-08-30 13:02:06
3400-ESFUW,Male,0,Yes,Yes,55,Yes,DSL,Two year,Bank transfer (automatic),57.55,3046.4,1,0.02381137028329712,0,LOW RISK,2026-08-30 13:02:06
5868-YTYKS,Male,0,No,Yes,1,Yes,No,Month-to-month,Mailed check,20.25,20.25,0,0.42785897879078005,0,MEDIUM RISK,2026-08-30 13:02:06
3525-DVKFN,Female,0,No,No,17,Yes,No,Two year,Mailed check,19.4,358.05,0,0.047291786899193104,0,LOW RISK,2026-08-30 13:02:06
1482-OXZSY,Male,0,No,No,30,Yes,Fiber optic,Month-to-month,Bank transfer (automatic),100.4,2936.25,0,0.7039640030226997,1,HIGH RISK,2026-08-30 13:02:06
0377-JBKKT,Male,0,Yes,Yes,22,Yes,DSL,Month-to-month,Mailed check,57.95,1271.8,0,0.21643277437611982,0,LOW RISK,2026-08-30 13:02:06
5778-BVOFB,Female,0,No,No,9,Yes,DSL,Month-to-month,Bank transfer (automatic),59.5,530.05,0,0.6131144295095936,1,MEDIUM RISK,2026-08-30 13:02:06
3373-YZZYM,Male,0,Yes,Yes,1,Yes,No,Month-to-month,Mailed check,19.2,19.2,0,0.35828409430507246,0,LOW RISK,2026-08-30 13:02:06
2057-ZBLPD,Female,0,Yes,No,21,Yes,Fiber optic,Month-to-month,Electronic check,86.5,1808.7,1,0.8044270587410588,1,HIGH RISK,2026-08-30 13:02:06
0228-MAUWC,Male,0,No,No,19,Yes,DSL,Month-to-month,Electronic check,59.55,1144.6,0,0.44932622032490777,0,MEDIUM RISK,2026-08-30 13:02:06
5502-RLUYV,Female,0,Yes,Yes,69,Yes,Fiber optic,Month-to-month,Electronic check,103.95,7446.9,1,0.6332525966529716,1,MEDIUM RISK,2026-08-30 13:02:06
0023-HGHWL,Male,1,No,No,1,No,DSL,Month-to-month,Electronic check,25.1,25.1,1,0.8448809956933172,1,HIGH RISK,2026-08-30 13:02:06
7663-YJHSN,Female,0,Yes,No,72,Yes,Fiber optic,Two year,Bank transfer (automatic),103.95,7556.9,0,0.09341623077621516,0,LOW RISK,2026-08-30 13:02:06
4915-BFSXL,Male,0,Yes,Yes,70,Yes,DSL,Two year,Credit card (automatic),68.95,4858.7,0,0.029153160505668692,0,LOW RISK,2026-08-30 13:02:06
3086-RUCRN,Female,0,No,No,66,Yes,Fiber optic,Month-to-month,Bank transfer (automatic),103.1,6595.0,0,0.36359113554610456,0,LOW RISK,2026-08-30 13:02:06
5215-LNLDJ,Female,0,Yes,Yes,7,No,DSL,Month-to-month,Electronic check,24.7,149.05,0,0.7485161294670393,1,HIGH RISK,2026-08-30 13:02:06
7576-JMYWV,Female,1,Yes,Yes,46,Yes,Fiber optic,Month-to-month,Electronic check,110.2,4972.1,0,0.5690100630940987,1,MEDIUM RISK,2026-08-30 13:02:06
9039-RBEEE,Male,0,No,No,39,No,DSL,Month-to-month,Credit card (automatic),48.95,1880.85,1,0.2830634656721677,0,LOW RISK,2026-08-30 13:02:06
0257-KXZGU,Female,0,Yes,Yes,32,Yes,DSL,Month-to-month,Bank transfer (automatic),62.45,2045.55,0,0.2755253624583609,0,LOW RISK,2026-08-30 13:02:06
1307-ATKGB,Male,0,No,No,24,Yes,Fiber optic,Month-to-month,Electronic check,89.55,2187.15,0,0.7163649031389098,1,HIGH RISK,2026-08-30 13:02:06
8417-FMLZI,Male,0,Yes,Yes,6,Yes,Fiber optic,Month-to-month,Credit card (automatic),83.55,477.55,1,0.8020226205824394,1,HIGH RISK,2026-08-30 13:02:06
3714-XPXBW,Female,0,No,No,37,Yes,DSL,Month-to-month,Credit card (automatic),78.9,2976.95,0,0.2374092486086191,0,LOW RISK,2026-08-30 13:02:06
1850-AKQEP,Male,0,No,Yes,8,Yes,No,Month-to-month,Mailed check,20.35,178.7,0,0.28804850968892504,0,LOW RISK,2026-08-30 13:02:06
2824-DXNKN,Female,0,Yes,Yes,72,Yes,DSL,Two year,Bank transfer (automatic),71.45,5025.85,0,0.03419737716683599,0,LOW RISK,2026-08-30 13:02:06
5227-JSCFE,Male,1,Yes,No,71,No,DSL,Two year,Credit card (automatic),46.35,3353.4,0,0.026238137840082502,0,LOW RISK,2026-08-30 13:02:06
0848-ZGQIJ,Female,0,Yes,No,16,Yes,Fiber optic,Month-to-month,Bank transfer (automatic),94.65,1461.15,0,0.7473904691903418,1,HIGH RISK,2026-08-30 13:02:06
3621-CHYVB,Female,0,Yes,No,57,No,DSL,Month-to-month,Bank transfer (automatic),49.9,2782.4,0,0.27810838483056943,0,LOW RISK,2026-08-30 13:02:06
8042-RNLKO,Male,0,No,No,66,Yes,No,One year,Bank transfer (automatic),25.45,1699.15,0,0.042071695939563065,0,LOW RISK,2026-08-30 13:02:06
1792-UXAFY,Female,1,No,No,17,Yes,Fiber optic,Month-to-month,Electronic check,89.15,1496.9,1,0.7826384047291858,1,HIGH RISK,2026-08-30 13:02:06
5372-FBKBN,Female,0,No,Yes,21,Yes,No,Month-to-month,Mailed check,20.75,452.2,0,0.1342663987467744,0,LOW RISK,2026-08-30 13:02:06
0420-TXVSG,Male,0,Yes,No,66,Yes,DSL,Two year,Credit card (automatic),66.1,4428.45,0,0.03660309288435891,0,LOW RISK,2026-08-30 13:02:06
6217-TOWGS,Female,0,Yes,No,17,Yes,DSL,Month-to-month,Bank transfer (automatic),75.4,1322.55,0,0.5665749684341561,1,MEDIUM RISK,2026-08-30 13:02:06
0515-YPMCW,Male,0,No,Yes,1,Yes,Fiber optic,Month-to-month,Mailed check,70.45,70.45,1,0.7942684593228624,1,HIGH RISK,2026-08-30 13:02:06
0378-XSZPU,Male,0,Yes,No,58,Yes,DSL,One year,Credit card (automatic),60.3,3563.8,1,0.07484183960406017,0,LOW RISK,2026-08-30 13:02:06
1045-LTCYT,Female,0,Yes,Yes,8,Yes,No,Month-to-month,Credit card (automatic),21.05,139.75,0,0.27964993692755497,0,LOW RISK,2026-08-30 13:02:06
1544-JJMYL,Male,0,No,No,27,Yes,DSL,One year,Credit card (automatic),69.35,1927.3,0,0.11049068480461403,0,LOW RISK,2026-08-30 13:02:06
4636-JGAAI,Male,0,Yes,No,34,Yes,Fiber optic,Month-to-month,Mailed check,88.85,3000.25,0,0.605228071901329,1,MEDIUM RISK,2026-08-30 13:02:06
6874-SGLHU,Male,0,No,No,30,Yes,Fiber optic,One year,Bank transfer (automatic),97.0,3021.3,0,0.5148056449415295,1,MEDIUM RISK,2026-08-30 13:02:06
5951-AOFIH,Male,0,No,No,33,Yes,DSL,Month-to-month,Credit card (automatic),66.4,2245.4,0,0.32503778073749623,0,LOW RISK,2026-08-30 13:02:06
4729-XKASR,Male,0,No,Yes,1,No,DSL,Month-to-month,Electronic check,24.75,24.75,1,0.7275418664218977,1,HIGH RISK,2026-08-30 13:02:06
3059-NGMXB,Male,0,Yes,Yes,14,Yes,DSL,Month-to-month,Mailed check,69.2,944.65,0,0.3154920859703357,0,LOW RISK,2026-08-30 13:02:06
8652-YHIYU,Female,0,No,Yes,16,Yes,Fiber optic,One year,Credit card (automatic),79.5,1264.2,0,0.4167666861125197,0,MEDIUM RISK,2026-08-30 13:02:06
5278-PNYOX,Female,0,No,No,49,Yes,Fiber optic,Two year,Credit card (automatic),100.65,4917.75,0,0.203921165483676,0,LOW RISK,2026-08-30 13:02:06
5449-FIBXJ,Male,0,Yes,Yes,19,Yes,Fiber optic,Month-to-month,Electronic check,103.3,2012.7,1,0.7429796469223735,1,HIGH RISK,2026-08-30 13:02:06
3486-HOOGQ,Female,0,Yes,Yes,70,Yes,DSL,Two year,Bank transfer (automatic),79.7,5743.3,0,0.019145514893358077,0,LOW RISK,2026-08-30 13:02:06
5061-PBXFW,Female,0,Yes,Yes,32,Yes,DSL,Month-to-month,Bank transfer (automatic),61.4,1864.65,0,0.12504389400901725,0,LOW RISK,2026-08-30 13:02:06
8630-FJLIB,Female,0,No,No,18,Yes,Fiber optic,Month-to-month,Electronic check,69.8,1221.65,0,0.7056150093545386,1,HIGH RISK,2026-08-30 13:02:06
3891-NLXJB,Male,0,No,No,37,No,DSL,Two year,Mailed check,40.55,1390.85,0,0.06151781565936699,0,LOW RISK,2026-08-30 13:02:06
4749-OJKQU,Female,0,No,No,4,Yes,Fiber optic,Month-to-month,Electronic check,75.65,302.35,0,0.8886871514213062,1,HIGH RISK,2026-08-30 13:02:06
0577-WHMEV,Female,0,Yes,No,16,Yes,Fiber optic,Month-to-month,Electronic check,90.7,1374.9,0,0.607969807402583,1,MEDIUM RISK,2026-08-30 13:02:06
5453-AXEPF,Male,0,Yes,No,17,Yes,Fiber optic,Month-to-month,Bank transfer (automatic),80.5,1336.9,0,0.6784753331750718,1,MEDIUM RISK,2026-08-30 13:02:06
3639-XJHKQ,Female,0,No,Yes,19,Yes,DSL,Month-to-month,Electronic check,60.6,1297.8,0,0.35472710840349153,0,LOW RISK,2026-08-30 13:02:06
3716-LRGXK,Male,0,Yes,No,60,Yes,Fiber optic,Two year,Credit card (automatic),101.15,6067.4,0,0.24968019762183155,0,LOW RISK,2026-08-30 13:02:06
2263-SFSQZ,Male,0,Yes,Yes,51,Yes,No,Two year,Mailed check,24.95,1222.25,0,0.04237879227204627,0,LOW RISK,2026-08-30 13:02:06
9950-MTGYX,Male,0,Yes,Yes,28,Yes,No,Two year,Credit card (automatic),20.3,487.95,0,0.04359251343609668,0,LOW RISK,2026-08-30 13:02:06
3397-AVTKU,Male,0,No,No,43,Yes,DSL,Two year,Electronic check,60.0,2548.55,0,0.12647341568664033,0,LOW RISK,2026-08-30 13:02:06
4825-FUREZ,Male,0,Yes,No,42,Yes,No,Two year,Electronic check,20.25,835.5,0,0.03306471246439477,0,LOW RISK,2026-08-30 13:02:06
9837-BMCLM,Male,0,No,No,3,Yes,Fiber optic,Month-to-month,Electronic check,78.5,242.05,1,0.8982367832338911,1,HIGH RISK,2026-08-30 13:02:06
2672-OJQZP,Female,0,No,No,1,Yes,DSL,Month-to-month,Mailed check,44.75,44.75,0,0.6098896233860642,1,MEDIUM RISK,2026-08-30 13:02:06
0137-UDEUO,Female,0,No,No,3,Yes,No,Month-to-month,Mailed check,19.85,63.75,1,0.3734818347450004,0,LOW RISK,2026-08-30 13:02:06
3134-DSHVC,Female,0,No,No,63,Yes,Fiber optic,Two year,Credit card (automatic),98.0,6218.45,0,0.11601134984501685,0,LOW RISK,2026-08-30 13:02:06
6161-UUUTA,Male,1,No,No,3,Yes,Fiber optic,Month-to-month,Electronic check,79.9,260.9,1,0.9115134854205856,1,HIGH RISK,2026-08-30 13:02:06
7821-DPRQE,Male,0,Yes,No,68,Yes,Fiber optic,Month-to-month,Electronic check,107.7,7320.9,0,0.5391882186807665,1,MEDIUM RISK,2026-08-30 13:02:06
6543-XRMYR,Female,1,No,No,30,Yes,Fiber optic,Month-to-month,Electronic check,99.7,2967.35,1,0.8403765106842962,1,HIGH RISK,2026-08-30 13:02:06
2001-EWBQU,Female,0,No,No,60,Yes,Fiber optic,Two year,Electronic check,104.7,6333.8,0,0.2930763411504263,0,LOW RISK,2026-08-30 13:02:06
4925-LMHOK,Male,0,No,No,15,Yes,DSL,Month-to-month,Credit card (automatic),58.6,939.7,1,0.4541647201010588,0,MEDIUM RISK,2026-08-30 13:02:06
1608-GMEWB,Male,1,No,No,45,Yes,Fiber optic,Month-to-month,Bank transfer (automatic),93.9,4200.25,0,0.7106408320521719,1,HIGH RISK,2026-08-30 13:02:06
6695-AMZUF,Female,0,Yes,No,70,Yes,DSL,Two year,Credit card (automatic),86.45,5950.2,0,0.023777152993773757,0,LOW RISK,2026-08-30 13:02:06
1455-UGQVH,Male,0,Yes,No,10,Yes,Fiber optic,Month-to-month,Electronic check,98.5,1037.75,1,0.9329225606421342,1,HIGH RISK,2026-08-30 13:02:06
8410-BGQXN,Male,0,No,No,4,Yes,No,Month-to-month,Mailed check,19.4,93.4,0,0.374562544587605,0,LOW RISK,2026-08-30 13:02:06
8280-MQRQN,Female,0,No,No,1,Yes,DSL,Month-to-month,Mailed check,50.45,50.45,1,0.6881127299013438,1,MEDIUM RISK,2026-08-30 13:02:06
1619-YWUBB,Female,0,Yes,No,68,Yes,No,Two year,Credit card (automatic),24.95,1614.9,0,0.026280780157232578,0,LOW RISK,2026-08-30 13:02:06
7611-YKYTC,Male,0,Yes,Yes,22,Yes,Fiber optic,Month-to-month,Bank transfer (automatic),75.0,1573.95,0,0.36793877812264086,0,LOW RISK,2026-08-30 13:02:06
2037-SGXHH,Male,0,Yes,Yes,38,Yes,Fiber optic,Month-to-month,Electronic check,94.65,3624.3,1,0.6819844574346318,1,MEDIUM RISK,2026-08-30 13:02:06
3178-FESZO,Female,0,No,No,1,Yes,Fiber optic,Month-to-month,Credit card (automatic),100.25,100.25,1,0.9096789744119813,1,HIGH RISK,2026-08-30 13:02:06
0365-GXEZS,Male,0,Yes,No,18,Yes,Fiber optic,Month-to-month,Electronic check,78.2,1468.75,0,0.5926850067056995,1,MEDIUM RISK,2026-08-30 13:02:06
0082-OQIQY,Male,0,No,No,29,Yes,Fiber optic,Month-to-month,Electronic check,94.2,2607.6,0,0.7431170102057373,1,HIGH RISK,2026-08-30 13:02:06
6087-MVHJH,Female,0,No,No,16,Yes,Fiber optic,Month-to-month,Electronic check,88.45,1422.1,1,0.8360653884437628,1,HIGH RISK,2026-08-30 13:02:06
4603-JANFB,Male,0,No,No,1,Yes,Fiber optic,Month-to-month,Electronic check,69.85,69.85,1,0.8725129057261554,1,HIGH RISK,2026-08-30 13:02:06
3018-TFTSU,Male,0,No,No,12,Yes,Fiber optic,Month-to-month,Bank transfer (automatic),81.7,858.6,1,0.5909716145871826,1,MEDIUM RISK,2026-08-30 13:02:06
3606-SBKRY,Male,0,No,No,31,No,DSL,One year,Electronic check,50.05,1523.4,0,0.522250329627852,1,MEDIUM RISK,2026-08-30 13:02:06
4806-KEXQR,Male,0,No,No,4,Yes,Fiber optic,Month-to-month,Electronic check,79.9,324.3,1,0.8943631798063764,1,HIGH RISK,2026-08-30 13:02:06
0667-NSRGI,Female,0,Yes,No,48,Yes,DSL,One year,Mailed check,69.55,3435.6,0,0.14616054681012625,0,LOW RISK,2026-08-30 13:02:06
7083-YNSKY,Female,0,No,No,15,Yes,No,Month-to-month,Credit card (automatic),25.4,399.6,1,0.31612220497308435,0,LOW RISK,2026-08-30 13:02:06
6893-ODYYE,Male,0,No,No,50,Yes,Fiber optic,One year,Credit card (automatic),90.1,4549.45,0,0.20493851295673948,0,LOW RISK,2026-08-30 13:02:06
8242-JSVBO,Male,0,No,No,7,Yes,DSL,Month-to-month,Bank transfer (automatic),44.65,322.5,0,0.6348768645178182,1,MEDIUM RISK,2026-08-30 13:02:06
2479-BRAMR,Male,1,Yes,No,41,Yes,Fiber optic,Month-to-month,Bank transfer (automatic),83.75,3273.55,1,0.5160630343873363,1,MEDIUM RISK,2026-08-30 13:02:06
9541-ZPSEA,Male,0,Yes,Yes,68,Yes,Fiber optic,Two year,Credit card (automatic),80.35,5375.15,0,0.04991337338376561,0,LOW RISK,2026-08-30 13:02:06
2665-NPTGL,Female,1,Yes,No,26,Yes,Fiber optic,Month-to-month,Bank transfer (automatic),98.1,2510.7,0,0.8294980658961797,1,HIGH RISK,2026-08-30 13:02:06
1139-WUOAH,Male,0,No,No,57,No,DSL,Two year,Credit card (automatic),53.35,3090.05,0,0.10953060923914663,0,LOW RISK,2026-08-30 13:02:06
4693-VWVBO,Female,0,No,No,3,Yes,No,Month-to-month,Electronic check,19.55,61.05,0,0.4591196012148964,0,MEDIUM RISK,2026-08-30 13:02:06
7434-SHXLS,Female,0,No,No,1,Yes,No,Month-to-month,Mailed check,20.9,20.9,1,0.3862374587976807,0,LOW RISK,2026-08-30 13:02:06
6937-GCDGQ,Male,0,Yes,Yes,19,Yes,DSL,One year,Bank transfer (automatic),48.95,955.6,0,0.17219413009157564,0,LOW RISK,2026-08-30 13:02:06
0988-JRWWP,Female,0,No,No,3,Yes,DSL,Month-to-month,Electronic check,54.2,140.4,0,0.7932961258278919,1,HIGH RISK,2026-08-30 13:02:06
5075-JSDKI,Female,0,No,No,59,Yes,No,Two year,Electronic check,24.45,1493.1,0,0.03714809236334117,0,LOW RISK,2026-08-30 13:02:06
7908-QCBCA,Female,0,Yes,No,1,Yes,Fiber optic,Month-to-month,Mailed check,69.4,69.4,1,0.8306095289631554,1,HIGH RISK,2026-08-30 13:02:06
8644-XYTSV,Male,0,Yes,No,42,No,DSL,Month-to-month,Bank transfer (automatic),40.15,1626.05,0,0.33870338542372547,0,LOW RISK,2026-08-30 13:02:06
6711-FLDFB,Female,0,No,No,7,Yes,Fiber optic,Month-to-month,Electronic check,74.9,541.15,1,0.8799523954360777,1,HIGH RISK,2026-08-30 13:02:06
3873-WOSBC,Male,0,Yes,No,67,Yes,No,Two year,Credit card (automatic),25.6,1784.9,0,0.020103146356911916,0,LOW RISK,2026-08-30 13:02:06
7465-ZZRVX,Male,0,No,No,1,Yes,Fiber optic,Month-to-month,Electronic check,70.35,70.35,0,0.8714972185685355,1,HIGH RISK,2026-08-30 13:02:06
7975-JMZNT,Male,0,Yes,No,66,Yes,DSL,Two year,Bank transfer (automatic),91.7,6075.9,0,0.037453186169660285,0,LOW RISK,2026-08-30 13:02:06
7251-XFOIL,Female,0,No,No,61,Yes,Fiber optic,Month-to-month,Mailed check,89.2,5500.6,0,0.515791976237919,1,MEDIUM RISK,2026-08-30 13:02:06
4116-IQRFR,Male,0,Yes,Yes,4,Yes,No,One year,Credit card (automatic),24.1,73.1,0,0.23588726456603393,0,LOW RISK,2026-08-30 13:02:06
3714-JTVOV,Female,1,Yes,No,42,Yes,Fiber optic,Month-to-month,Credit card (automatic),74.15,3229.4,1,0.4324744498335701,0,MEDIUM RISK,2026-08-30 13:02:06
8259-DZLIZ,Female,0,Yes,Yes,64,Yes,DSL,One year,Bank transfer (automatic),53.85,3399.85,0,0.11879128439935402,0,LOW RISK,2026-08-30 13:02:06
0442-ZXKVS,Female,1,Yes,No,54,Yes,Fiber optic,One year,Bank transfer (automatic),115.6,6431.05,0,0.4106778387687467,0,MEDIUM RISK,2026-08-30 13:02:06
7853-WNZSY,Male,0,No,No,1,Yes,No,Month-to-month,Credit card (automatic),19.75,19.75,0,0.4786432261180951,0,MEDIUM RISK,2026-08-30 13:02:06
3120-FAZKD,Male,0,Yes,Yes,54,Yes,No,Two year,Bank transfer (automatic),24.05,1230.9,0,0.0366579955496582,0,LOW RISK,2026-08-30 13:02:06
8606-OEGQZ,Female,0,No,Yes,18,Yes,No,Two year,Credit card (automatic),25.3,454.65,0,0.04815128691408199,0,LOW RISK,2026-08-30 13:02:06
0225-ZORZP,Male,0,No,No,3,Yes,Fiber optic,Month-to-month,Electronic check,84.3,235.05,0,0.8431857445870717,1,HIGH RISK,2026-08-30 13:02:06
4702-IOQDC,Female,0,No,No,1,Yes,Fiber optic,Month-to-month,Electronic check,70.1,70.1,1,0.8690661740420293,1,HIGH RISK,2026-08-30 13:02:06
9489-JMTTN,Female,0,Yes,Yes,72,Yes,DSL,Two year,Credit card (automatic),89.75,6595.9,0,0.025938265787749472,0,LOW RISK,2026-08-30 13:02:06
0575-CUQOV,Male,1,Yes,No,60,Yes,Fiber optic,One year,Electronic check,97.95,5867.0,0,0.5445069286307205,1,MEDIUM RISK,2026-08-30 13:02:06
0967-BMLBD,Female,0,Yes,Yes,11,Yes,No,One year,Mailed check,20.0,196.35,0,0.19434877638870585,0,LOW RISK,2026-08-30 13:02:06
6178-KFNHS,Female,0,No,Yes,12,Yes,Fiber optic,Month-to-month,Electronic check,78.3,909.25,1,0.7784592365117204,1,HIGH RISK,2026-08-30 13:02:06
2830-LEWOA,Male,0,Yes,Yes,61,Yes,Fiber optic,One year,Credit card (automatic),103.9,6449.15,0,0.22947473288918907,0,LOW RISK,2026-08-30 13:02:06
5006-MXVRN,Female,0,No,No,39,Yes,No,Two year,Credit card (automatic),20.7,762.45,0,0.024218337084857613,0,LOW RISK,2026-08-30 13:02:06
1264-BYWMS,Male,0,No,No,55,Yes,Fiber optic,Month-to-month,Electronic check,96.8,5283.95,1,0.7763198628291778,1,HIGH RISK,2026-08-30 13:02:06
9658-WYUFB,Female,0,No,No,17,Yes,Fiber optic,Month-to-month,Electronic check,94.4,1617.5,1,0.7405164476051919,1,HIGH RISK,2026-08-30 13:02:06
8327-WKMIE,Male,0,No,No,37,Yes,No,One year,Credit card (automatic),20.15,785.75,0,0.05844549306662457,0,LOW RISK,2026-08-30 13:02:06
6917-FIJHC,Female,0,Yes,No,72,Yes,No,Two year,Mailed check,26.0,1776.0,0,0.022556166021107698,0,LOW RISK,2026-08-30 13:02:06
5329-KRDTM,Male,1,Yes,No,72,Yes,DSL,Two year,Credit card (automatic),77.35,5396.25,0,0.0355787641252842,0,LOW RISK,2026-08-30 13:02:06
7797-EJMDP,Female,0,No,No,8,Yes,DSL,Month-to-month,Bank transfer (automatic),66.05,574.5,0,0.37265027430694314,0,LOW RISK,2026-08-30 13:02:06
3530-VWVGU,Female,0,Yes,Yes,22,Yes,No,Month-to-month,Mailed check,19.9,400.3,0,0.13406752548200093,0,LOW RISK,2026-08-30 13:02:06
2013-SGDXK,Female,0,No,No,1,Yes,Fiber optic,Month-to-month,Electronic check,84.3,84.3,1,0.8489184766000404,1,HIGH RISK,2026-08-30 13:02:06
6368-NWMCE,Female,0,No,No,38,Yes,DSL,Month-to-month,Credit card (automatic),68.15,2656.3,0,0.23637108380798239,0,LOW RISK,2026-08-30 13:02:06
3633-CDBUW,Male,0,No,Yes,17,Yes,DSL,One year,Electronic check,80.85,1445.95,0,0.228092943257965,0,LOW RISK,2026-08-30 13:02:06
0707-HOVVN,Female,1,No,No,70,Yes,DSL,Two year,Bank transfer (automatic),75.5,5212.65,0,0.05040146001221012,0,LOW RISK,2026-08-30 13:02:06
8580-QVLOC,Female,1,Yes,Yes,72,Yes,DSL,Two year,Credit card (automatic),92.45,6440.25,1,0.028223979484422596,0,LOW RISK,2026-08-30 13:02:06
3956-MGXOG,Female,0,No,No,28,Yes,Fiber optic,Month-to-month,Electronic check,80.6,2244.95,0,0.7384017635574965,1,HIGH RISK,2026-08-30 13:02:06
9274-UARKJ,Female,0,No,No,15,Yes,Fiber optic,Month-to-month,Bank transfer (automatic),83.2,1130.0,0,0.6826956921410402,1,MEDIUM RISK,2026-08-30 13:02:06
4077-HWUYD,Male,0,Yes,Yes,72,Yes,DSL,Two year,Bank transfer (automatic),87.55,6463.15,0,0.037322128523460674,0,LOW RISK,2026-08-30 13:02:06
2012-NWRPA,Female,1,Yes,No,11,Yes,Fiber optic,Month-to-month,Electronic check,99.55,1131.2,1,0.9374264089691471,1,HIGH RISK,2026-08-30 13:02:06
8808-ELEHO,Male,1,No,No,8,Yes,Fiber optic,Month-to-month,Electronic check,81.25,585.95,1,0.890074910284309,1,HIGH RISK,2026-08-30 13:02:06
0103-CSITQ,Female,0,Yes,No,57,Yes,Fiber optic,One year,Bank transfer (automatic),109.4,6252.7,0,0.43253023517347816,0,MEDIUM RISK,2026-08-30 13:02:06
3506-LCJDC,Male,0,Yes,Yes,1,Yes,No,Month-to-month,Bank transfer (automatic),19.95,19.95,1,0.34468645964300737,0,LOW RISK,2026-08-30 13:02:06
8671-KKKOS,Female,0,Yes,No,46,No,DSL,Month-to-month,Electronic check,45.55,2062.15,0,0.2857212353872509,0,LOW RISK,2026-08-30 13:02:06
7305-ZWMAJ,Male,0,Yes,No,30,Yes,No,One year,Credit card (automatic),20.7,587.1,0,0.07526576169438785,0,LOW RISK,2026-08-30 13:02:06
9518-XXBXE,Male,1,Yes,No,10,Yes,Fiber optic,Month-to-month,Electronic check,75.3,720.45,0,0.7451070110850884,1,HIGH RISK,2026-08-30 13:02:06
3934-HXCFZ,Male,0,Yes,No,23,Yes,Fiber optic,Month-to-month,Electronic check,99.25,2186.4,1,0.7099235931633073,1,HIGH RISK,2026-08-30 13:02:06
6578-KRMAW,Male,0,No,No,32,Yes,Fiber optic,Month-to-month,Credit card (automatic),93.4,2979.3,0,0.5370215208105915,1,MEDIUM RISK,2026-08-30 13:02:06
4860-IJUDE,Male,0,No,No,13,Yes,Fiber optic,Month-to-month,Credit card (automatic),73.75,956.65,0,0.5928197847408995,1,MEDIUM RISK,2026-08-30 13:02:06
7666-WKRON,Female,0,No,No,39,Yes,Fiber optic,Two year,Electronic check,80.45,3201.55,1,0.1901223616117417,0,LOW RISK,2026-08-30 13:02:06
9688-YGXVR,Female,0,No,No,44,Yes,Fiber optic,Month-to-month,Credit card (automatic),88.15,3973.2,0,0.5136260750150606,1,MEDIUM RISK,2026-08-30 13:02:06
0423-UDIJQ,Male,1,No,No,9,Yes,DSL,Month-to-month,Mailed check,49.2,447.9,0,0.5150246126724004,1,MEDIUM RISK,2026-08-30 13:02:06
1945-XISKS,Female,0,Yes,No,67,Yes,No,Two year,Mailed check,19.65,1335.2,0,0.014623533594600058,0,LOW RISK,2026-08-30 13:02:06
4910-AQFFX,Male,0,Yes,Yes,9,Yes,Fiber optic,Month-to-month,Bank transfer (automatic),79.35,661.25,1,0.7962216963413679,1,HIGH RISK,2026-08-30 13:02:06
2154-KVJFF,Female,0,No,No,15,Yes,Fiber optic,Month-to-month,Electronic check,79.75,1111.85,1,0.7596728219529036,1,HIGH RISK,2026-08-30 13:02:06
5360-LJCNJ,Female,0,Yes,No,71,Yes,Fiber optic,Two year,Bank transfer (automatic),105.15,7555.0,0,0.21768386321919872,0,LOW RISK,2026-08-30 13:02:06
2607-FBDFF,Male,0,No,No,1,Yes,DSL,Month-to-month,Credit card (automatic),49.0,49.0,0,0.5461668419832872,1,MEDIUM RISK,2026-08-30 13:02:06
9647-ERGBE,Female,0,Yes,Yes,30,Yes,Fiber optic,Month-to-month,Electronic check,100.05,3046.15,1,0.8128458573321353,1,HIGH RISK,2026-08-30 13:02:06
3428-XZMAZ,Male,0,No,No,1,Yes,Fiber optic,Month-to-month,Electronic check,69.35,69.35,1,0.8735217299673899,1,HIGH RISK,2026-08-30 13:02:06
1100-DDVRV,Male,0,Yes,No,17,No,DSL,Month-to-month,Mailed check,49.8,836.35,0,0.6695285219851735,1,MEDIUM RISK,2026-08-30 13:02:06
0378-TOVMS,Female,0,No,No,3,Yes,Fiber optic,Month-to-month,Electronic check,85.8,272.2,1,0.8193532173569061,1,HIGH RISK,2026-08-30 13:02:06
4355-HBJHH,Male,0,Yes,Yes,67,Yes,DSL,Two year,Electronic check,79.7,5293.4,1,0.08702252520865564,0,LOW RISK,2026-08-30 13:02:06
6728-WYQBC,Male,0,No,No,1,Yes,No,Month-to-month,Bank transfer (automatic),20.95,20.95,0,0.38131046860860546,0,LOW RISK,2026-08-30 13:02:06
9058-CBREO,Female,1,No,No,1,Yes,DSL,Month-to-month,Mailed check,50.55,50.55,1,0.7104250182862913,1,HIGH RISK,2026-08-30 13:02:06
9029-FEGVJ,Female,1,Yes,No,32,Yes,Fiber optic,Month-to-month,Mailed check,79.3,2570.0,0,0.6036826344269536,1,MEDIUM RISK,2026-08-30 13:02:06
7216-KAOID,Male,0,Yes,Yes,41,Yes,No,One year,Bank transfer (automatic),19.5,798.2,0,0.04151198281663004,0,LOW RISK,2026-08-30 13:02:06
0318-QUUOB,Male,0,Yes,No,1,Yes,Fiber optic,Month-to-month,Electronic check,80.55,80.55,1,0.9037071766884517,1,HIGH RISK,2026-08-30 13:02:06
6145-NNPNO,Female,0,No,No,1,Yes,DSL,Month-to-month,Bank transfer (automatic),44.15,44.15,0,0.6015097270396718,1,MEDIUM RISK,2026-08-30 13:02:06
5520-FVEWJ,Female,0,Yes,Yes,12,Yes,Fiber optic,Month-to-month,Electronic check,84.5,916.9,1,0.8180910486762297,1,HIGH RISK,2026-08-30 13:02:06
5339-TJFEK,Male,0,Yes,Yes,62,Yes,Fiber optic,Month-to-month,Electronic check,105.5,6487.2,0,0.5924443431268172,1,MEDIUM RISK,2026-08-30 13:02:06
5572-ZDXHY,Female,0,No,No,22,Yes,Fiber optic,Month-to-month,Mailed check,84.3,1855.65,1,0.6458634648362237,1,MEDIUM RISK,2026-08-30 13:02:06
2074-GUHPQ,Female,0,No,Yes,17,Yes,Fiber optic,Month-to-month,Credit card (automatic),92.7,1556.85,0,0.5509103037720613,1,MEDIUM RISK,2026-08-30 13:02:06
4625-XMOYM,Female,0,Yes,Yes,72,Yes,No,Two year,Bank transfer (automatic),26.25,1988.05,0,0.017814607871192358,0,LOW RISK,2026-08-30 13:02:06
5827-MWCZK,Male,0,Yes,Yes,56,Yes,Fiber optic,Month-to-month,Credit card (automatic),96.95,5432.2,0,0.48449740265403557,0,MEDIUM RISK,2026-08-30 13:02:06
1385-TQOZW,Female,0,No,No,9,Yes,No,Month-to-month,Credit card (automatic),20.45,147.55,0,0.3883928481523005,0,LOW RISK,2026-08-30 13:02:06
5914-XRFQB,Male,0,Yes,No,72,Yes,Fiber optic,Two year,Bank transfer (automatic),115.8,8424.9,0,0.12836036505900744,0,LOW RISK,2026-08-30 13:02:06
4329-YPDDQ,Male,0,No,No,20,Yes,Fiber optic,Month-to-month,Bank transfer (automatic),108.2,2203.7,0,0.5875810252097573,1,MEDIUM RISK,2026-08-30 13:02:06
4804-NCPET,Male,0,Yes,Yes,19,Yes,No,Two year,Mailed check,20.2,387.4,0,0.0372417297360316,0,LOW RISK,2026-08-30 13:02:06
3750-CKVKH,Male,0,No,No,2,Yes,Fiber optic,Month-to-month,Electronic check,67.75,116.65,1,0.8688369419257774,1,HIGH RISK,2026-08-30 13:02:06
5944-UGLLK,Male,0,No,No,53,No,DSL,One year,Credit card (automatic),54.9,3045.75,0,0.23717242047779322,0,LOW RISK,2026-08-30 13:02:06
8063-GBATB,Female,1,No,No,27,Yes,Fiber optic,Month-to-month,Electronic check,85.25,2287.25,1,0.8250833590632743,1,HIGH RISK,2026-08-30 13:02:06
7787-BNTZM,Male,0,No,No,6,Yes,No,Month-to-month,Bank transfer (automatic),20.15,130.5,0,0.34090675874426346,0,LOW RISK,2026-08-30 13:02:06
2252-ISRNH,Male,0,Yes,Yes,9,Yes,Fiber optic,One year,Electronic check,90.35,767.9,0,0.7885831109218554,1,HIGH RISK,2026-08-30 13:02:06
9415-TPKRV,Female,0,Yes,Yes,8,Yes,DSL,Month-to-month,Electronic check,55.75,446.8,0,0.6262845994146905,1,MEDIUM RISK,2026-08-30 13:02:06
5322-TEUJK,Female,0,Yes,Yes,71,Yes,Fiber optic,Two year,Bank transfer (automatic),114.6,8100.25,0,0.07865954006667411,0,LOW RISK,2026-08-30 13:02:06
4547-KQRTM,Female,0,No,No,10,Yes,Fiber optic,Month-to-month,Bank transfer (automatic),80.05,830.7,1,0.7986824870643543,1,HIGH RISK,2026-08-30 13:02:06
4877-EVATK,Male,0,No,No,1,Yes,No,Month-to-month,Mailed check,20.0,20.0,1,0.39635154819433177,0,LOW RISK,2026-08-30 13:02:06
1866-DIOQZ,Female,0,Yes,No,71,No,DSL,One year,Bank transfer (automatic),66.8,4689.15,0,0.06317138146691911,0,LOW RISK,2026-08-30 13:02:06
8375-KVTHK,Male,0,Yes,No,68,Yes,Fiber optic,One year,Electronic check,100.3,6754.35,0,0.3543448811597124,0,LOW RISK,2026-08-30 13:02:06
2697-NQBPF,Male,0,No,No,34,Yes,Fiber optic,Month-to-month,Electronic check,105.35,3540.65,0,0.749490196218172,1,HIGH RISK,2026-08-30 13:02:06
3709-OIJEA,Male,0,No,No,26,Yes,Fiber optic,One year,Electronic check,85.2,2184.6,0,0.4209303963301158,0,MEDIUM RISK,2026-08-30 13:02:06
7639-SUPCW,Female,0,No,No,22,Yes,DSL,Month-to-month,Credit card (automatic),48.8,1054.6,1,0.3173793355032381,0,LOW RISK,2026-08-30 13:02:06
1386-ZIKUV,Male,0,No,No,7,Yes,No,Month-to-month,Mailed check,18.95,130.55,0,0.4274381592702457,0,MEDIUM RISK,2026-08-30 13:02:06
0599-XNYDO,Female,0,Yes,No,20,Yes,Fiber optic,Month-to-month,Bank transfer (automatic),69.8,1540.35,0,0.618169322094165,1,MEDIUM RISK,2026-08-30 13:02:06
6377-WHAOX,Female,0,Yes,No,60,Yes,Fiber optic,Month-to-month,Electronic check,106.15,6411.25,0,0.7333826008718553,1,HIGH RISK,2026-08-30 13:02:06
6855-VLGOS,Male,0,Yes,Yes,72,Yes,No,Two year,Electronic check,20.55,1432.55,0,0.013906687753715377,0,LOW RISK,2026-08-30 13:02:06
8999-XXGNS,Female,1,Yes,No,72,Yes,Fiber optic,One year,Credit card (automatic),105.75,7629.85,0,0.4141509648180371,0,MEDIUM RISK,2026-08-30 13:02:06
8746-OQQRW,Male,0,No,No,4,Yes,No,Month-to-month,Mailed check,25.25,101.9,0,0.4408369440454799,0,MEDIUM RISK,2026-08-30 13:02:06
3181-MIZBN,Male,0,Yes,Yes,16,Yes,No,Month-to-month,Electronic check,19.75,313.4,0,0.22375215463178183,0,LOW RISK,2026-08-30 13:02:06
0471-ARVMX,Female,1,Yes,No,62,Yes,Fiber optic,One year,Electronic check,104.85,6312.9,0,0.5280470129352125,1,MEDIUM RISK,2026-08-30 13:02:06
7766-CLTIC,Female,0,No,No,10,Yes,DSL,Month-to-month,Mailed check,60.95,629.55,0,0.6171689618034871,1,MEDIUM RISK,2026-08-30 13:02:06
5650-YLIBA,Male,0,No,No,31,Yes,Fiber optic,Month-to-month,Electronic check,81.15,2640.55,0,0.6958591664240987,1,MEDIUM RISK,2026-08-30 13:02:06
0825-CPPQH,Female,0,Yes,No,71,Yes,No,Two year,Credit card (automatic),19.1,1372.45,0,0.01243085120188698,0,LOW RISK,2026-08-30 13:02:06
9084-OAYKL,Male,0,No,No,58,Yes,No,Two year,Mailed check,20.8,1212.25,0,0.020141484718900853,0,LOW RISK,2026-08-30 13:02:06
6122-LJADA,Male,0,Yes,Yes,70,Yes,DSL,Two year,Credit card (automatic),90.15,6237.05,0,0.03878144767476926,0,LOW RISK,2026-08-30 13:02:06
2400-XIWIO,Female,0,Yes,No,71,Yes,DSL,Two year,Electronic check,90.1,6310.9,0,0.045592901245708604,0,LOW RISK,2026-08-30 13:02:06
7524-VRLPL,Male,1,No,No,69,Yes,DSL,Two year,Credit card (automatic),74.1,5031.0,0,0.032640740592360516,0,LOW RISK,2026-08-30 13:02:06
1069-XAIEM,Female,1,No,No,1,Yes,Fiber optic,Month-to-month,Electronic check,85.05,85.05,1,0.9355848692285329,1,HIGH RISK,2026-08-30 13:02:06
7569-NMZYQ,Female,0,Yes,Yes,72,Yes,Fiber optic,Two year,Bank transfer (automatic),118.75,8672.45,0,0.10051028598882689,0,LOW RISK,2026-08-30 13:02:06
5201-USSQZ,Female,0,Yes,No,26,Yes,Fiber optic,Month-to-month,Credit card (automatic),85.9,2196.45,0,0.5357939902657601,1,MEDIUM RISK,2026-08-30 13:02:06
2105-PHWON,Female,0,Yes,No,33,Yes,Fiber optic,Month-to-month,Credit card (automatic),95.0,3008.15,0,0.6442790080299272,1,MEDIUM RISK,2026-08-30 13:02:06
1494-EJZDW,Female,0,Yes,Yes,10,Yes,No,Two year,Mailed check,20.15,220.8,0,0.07547174792351632,0,LOW RISK,2026-08-30 13:02:06
4884-TVUQF,Female,1,No,No,57,Yes,Fiber optic,Two year,Credit card (automatic),101.3,5779.6,0,0.13616830676045058,0,LOW RISK,2026-08-30 13:02:06
8003-EWNDZ,Female,0,No,No,10,Yes,No,Month-to-month,Electronic check,21.2,222.65,0,0.46995871973785547,0,MEDIUM RISK,2026-08-30 13:02:06
1897-RCFUM,Female,0,Yes,Yes,39,Yes,No,One year,Mailed check,24.2,914.6,0,0.0846820421728158,0,LOW RISK,2026-08-30 13:02:06
9256-JTBNZ,Female,0,No,No,11,Yes,No,Month-to-month,Bank transfer (automatic),20.3,246.3,0,0.29286302458860586,0,LOW RISK,2026-08-30 13:02:06
4658-HCOHW,Female,0,Yes,Yes,21,Yes,Fiber optic,Month-to-month,Electronic check,102.8,2110.15,1,0.7038231923870905,1,HIGH RISK,2026-08-30 13:02:06
2211-RMNHO,Female,0,Yes,Yes,68,Yes,DSL,Two year,Bank transfer (automatic),85.3,5560.0,0,0.03880736354901953,0,LOW RISK,2026-08-30 13:02:06
2432-TFSMK,Male,0,No,No,18,Yes,Fiber optic,One year,Credit card (automatic),89.6,1633.0,0,0.6071384082283715,1,MEDIUM RISK,2026-08-30 13:02:06
3440-JPSCL,Female,0,No,No,6,Yes,Fiber optic,Month-to-month,Mailed check,99.95,547.65,1,0.8420603986580854,1,HIGH RISK,2026-08-30 13:02:06
4929-ROART,Male,0,No,No,18,Yes,DSL,Month-to-month,Mailed check,56.25,969.85,0,0.34056714258353243,0,LOW RISK,2026-08-30 13:02:06
1834-ABKHQ,Female,0,Yes,Yes,52,Yes,DSL,One year,Bank transfer (automatic),50.95,2610.65,0,0.14365618549340878,0,LOW RISK,2026-08-30 13:02:06
1741-WTPON,Male,0,Yes,Yes,56,Yes,Fiber optic,Two year,Mailed check,115.85,6567.9,0,0.131931739371887,0,LOW RISK,2026-08-30 13:02:06
3932-IJWDZ,Male,0,No,No,45,Yes,Fiber optic,Month-to-month,Bank transfer (automatic),103.65,4747.85,0,0.6235020025995517,1,MEDIUM RISK,2026-08-30 13:02:06
1240-HCBOH,Female,0,No,No,67,Yes,No,Two year,Mailed check,26.1,1759.55,0,0.026608342349222224,0,LOW RISK,2026-08-30 13:02:06
3594-KADLU,Male,0,Yes,No,3,No,DSL,Month-to-month,Mailed check,35.1,101.1,0,0.5330915035090897,1,MEDIUM RISK,2026-08-30 13:02:06
8065-BVEPF,Male,1,No,No,65,Yes,Fiber optic,Month-to-month,Bank transfer (automatic),99.1,6496.15,0,0.5760841561951756,1,MEDIUM RISK,2026-08-30 13:02:06
3796-ENZGF,Male,0,Yes,No,63,Yes,DSL,Two year,Mailed check,67.25,4234.15,0,0.04594088943527614,0,LOW RISK,2026-08-30 13:02:06
1734-ZMNTZ,Female,0,Yes,Yes,11,Yes,No,Two year,Mailed check,25.0,300.7,0,0.09672444509325641,0,LOW RISK,2026-08-30 13:02:06
2853-CWQFQ,Male,0,No,Yes,1,Yes,DSL,Month-to-month,Mailed check,59.55,59.55,0,0.655257288530891,1,MEDIUM RISK,2026-08-30 13:02:06
0813-TAXXS,Male,0,No,No,55,Yes,DSL,Two year,Bank transfer (automatic),77.8,4323.35,0,0.1395016449456424,0,LOW RISK,2026-08-30 13:02:06
2519-TWKFS,Male,0,Yes,Yes,25,Yes,DSL,One year,Mailed check,55.1,1466.1,0,0.23872460785329608,0,LOW RISK,2026-08-30 13:02:06
2889-FPWRM,Male,0,Yes,No,72,Yes,Fiber optic,One year,Bank transfer (automatic),117.8,8684.8,1,0.2420761545255307,0,LOW RISK,2026-08-30 13:02:06
0626-QXNGV,Female,0,Yes,No,72,Yes,No,Two year,Credit card (automatic),24.15,1776.45,0,0.023113370160479752,0,LOW RISK,2026-08-30 13:02:06
6723-CEGQI,Female,0,No,Yes,65,No,DSL,Two year,Mailed check,45.25,2933.95,0,0.04135614814435679,0,LOW RISK,2026-08-30 13:02:06
6987-XQSJT,Female,1,No,No,54,Yes,Fiber optic,Month-to-month,Electronic check,79.5,4370.25,1,0.6639529691902227,1,MEDIUM RISK,2026-08-30 13:02:06
4732-RRJZC,Male,0,Yes,Yes,7,Yes,No,Month-to-month,Mailed check,20.25,144.35,0,0.3024538204543962,0,LOW RISK,2026-08-30 13:02:06
9499-XPZXM,Female,0,Yes,No,72,Yes,DSL,Two year,Bank transfer (automatic),64.75,4804.75,0,0.02105328846593441,0,LOW RISK,2026-08-30 13:02:06
4338-EYCER,Male,0,Yes,No,21,Yes,DSL,Month-to-month,Bank transfer (automatic),54.6,1125.2,0,0.40419638294219107,0,MEDIUM RISK,2026-08-30 13:02:06
3007-FDPEA,Female,0,No,No,2,Yes,No,Month-to-month,Bank transfer (automatic),20.7,39.85,0,0.44979976122663196,0,MEDIUM RISK,2026-08-30 13:02:06
6350-XFYGW,Male,1,No,No,4,Yes,Fiber optic,Month-to-month,Electronic check,94.75,422.4,0,0.9336563164510668,1,HIGH RISK,2026-08-30 13:02:06
4290-BSXUX,Male,0,Yes,No,3,Yes,Fiber optic,Month-to-month,Bank transfer (automatic),79.65,251.75,1,0.8215269706818993,1,HIGH RISK,2026-08-30 13:02:06
8513-OLYGY,Male,0,Yes,No,72,Yes,Fiber optic,Two year,Credit card (automatic),115.8,8332.15,0,0.0961671746483762,0,LOW RISK,2026-08-30 13:02:06
0311-QYWSS,Female,0,No,No,6,Yes,DSL,Month-to-month,Electronic check,49.45,314.6,0,0.6458634460692291,1,MEDIUM RISK,2026-08-30 13:02:06
8705-DWKTI,Male,0,No,No,52,Yes,Fiber optic,Month-to-month,Credit card (automatic),83.8,4331.4,0,0.6029003771111175,1,MEDIUM RISK,2026-08-30 13:02:06
8755-IWJHN,Male,1,Yes,No,69,Yes,Fiber optic,Month-to-month,Bank transfer (automatic),95.35,6382.0,0,0.5369202107200337,1,MEDIUM RISK,2026-08-30 13:02:06
0325-XBFAC,Male,0,No,No,8,Yes,Fiber optic,Month-to-month,Electronic check,94.7,740.3,1,0.9097698624640539,1,HIGH RISK,2026-08-30 13:02:06
4480-QQRHC,Female,1,No,No,8,Yes,Fiber optic,Month-to-month,Bank transfer (automatic),74.05,600.15,0,0.8082508393336584,1,HIGH RISK,2026-08-30 13:02:06
0929-PECLO,Female,1,No,No,63,Yes,Fiber optic,Month-to-month,Bank transfer (automatic),89.6,5538.8,0,0.6058252922753444,1,MEDIUM RISK,2026-08-30 13:02:06
3680-CTHUH,Male,0,No,No,60,Yes,Fiber optic,One year,Credit card (automatic),116.6,7049.5,0,0.3238208632744042,0,LOW RISK,2026-08-30 13:02:06
1202-KKGFU,Female,0,Yes,No,12,Yes,DSL,Month-to-month,Bank transfer (automatic),54.2,690.5,0,0.35635566455433615,0,LOW RISK,2026-08-30 13:02:06
6112-KTHFQ,Female,0,No,No,13,Yes,No,Month-to-month,Mailed check,19.3,279.3,0,0.27648416233733625,0,LOW RISK,2026-08-30 13:02:06
1852-XEMDW,Male,0,No,No,22,Yes,DSL,Month-to-month,Mailed check,65.05,1427.55,0,0.2298030569511892,0,LOW RISK,2026-08-30 13:02:06
2462-XIIJB,Male,0,No,No,5,Yes,Fiber optic,Month-to-month,Electronic check,92.5,452.7,1,0.9117425557084866,1,HIGH RISK,2026-08-30 13:02:06
4760-XOHVN,Female,0,Yes,Yes,1,Yes,No,Month-to-month,Mailed check,19.45,19.45,1,0.3512715726369327,0,LOW RISK,2026-08-30 13:02:06
1820-DJFPH,Female,0,Yes,Yes,72,Yes,No,Two year,Bank transfer (automatic),24.05,1709.15,0,0.018149645500708154,0,LOW RISK,2026-08-30 13:02:06
9426-SXNHE,Female,0,No,No,2,Yes,No,Month-to-month,Bank transfer (automatic),18.75,53.15,0,0.3820512466474681,0,LOW RISK,2026-08-30 13:02:06
9068-FHQHD,Female,0,Yes,Yes,40,Yes,No,Two year,Bank transfer (automatic),20.15,777.35,0,0.01923932086150115,0,LOW RISK,2026-08-30 13:02:06
1269-FOYWN,Male,0,Yes,Yes,44,Yes,No,One year,Bank transfer (automatic),20.0,860.85,0,0.03670653864471268,0,LOW RISK,2026-08-30 13:02:06
9470-YFUYI,Male,1,Yes,No,71,Yes,DSL,One year,Bank transfer (automatic),71.0,5012.1,0,0.05582306713859208,0,LOW RISK,2026-08-30 13:02:06
7817-BOQPW,Female,0,No,No,2,Yes,Fiber optic,Month-to-month,Electronic check,75.55,166.3,1,0.8983848156137962,1,HIGH RISK,2026-08-30 13:02:06
7402-EYFXX,Male,1,No,No,26,Yes,Fiber optic,Month-to-month,Electronic check,93.6,2404.1,0,0.8749252956395047,1,HIGH RISK,2026-08-30 13:02:06
1853-UDXBW,Male,0,Yes,Yes,1,Yes,Fiber optic,Month-to-month,Electronic check,70.0,70.0,1,0.8511871984300079,1,HIGH RISK,2026-08-30 13:02:06
9895-VFOXH,Female,0,No,No,1,No,DSL,Month-to-month,Mailed check,24.4,24.4,0,0.6950099132972685,1,MEDIUM RISK,2026-08-30 13:02:06
5458-CQJTA,Male,0,Yes,Yes,65,Yes,DSL,Two year,Bank transfer (automatic),74.8,4820.15,1,0.035776106977211515,0,LOW RISK,2026-08-30 13:02:06
1230-QAJDW,Male,0,No,No,3,Yes,DSL,Month-to-month,Mailed check,65.25,209.9,0,0.6772267431331072,1,MEDIUM RISK,2026-08-30 13:02:06
5701-ZIKJE,Male,0,No,No,13,Yes,DSL,Month-to-month,Mailed check,50.55,610.75,0,0.41109949513598437,0,MEDIUM RISK,2026-08-30 13:02:06
5219-YIPTK,Female,0,Yes,No,33,Yes,Fiber optic,Month-to-month,Electronic check,104.4,3409.6,1,0.8104029665651283,1,HIGH RISK,2026-08-30 13:02:06
5032-MIYKT,Female,0,No,No,1,Yes,Fiber optic,Month-to-month,Mailed check,70.7,70.7,0,0.822240031883327,1,HIGH RISK,2026-08-30 13:02:06
7396-VJUZB,Male,0,Yes,Yes,4,Yes,DSL,Month-to-month,Mailed check,45.25,155.35,0,0.5373422832686844,1,MEDIUM RISK,2026-08-30 13:02:06
9717-QEBGU,Male,0,No,No,2,Yes,Fiber optic,Month-to-month,Electronic check,70.3,144.0,0,0.8681733977637007,1,HIGH RISK,2026-08-30 13:02:06
5172-RKOCB,Male,0,Yes,No,72,Yes,Fiber optic,Two year,Credit card (automatic),108.95,7875.0,0,0.13068280309295097,0,LOW RISK,2026-08-30 13:02:06
6509-TSGWN,Female,0,Yes,Yes,37,Yes,No,Month-to-month,Mailed check,26.45,911.6,0,0.12486186539121512,0,LOW RISK,2026-08-30 13:02:06
3540-RZJYU,Female,0,No,No,15,Yes,Fiber optic,Month-to-month,Electronic check,86.2,1270.2,1,0.6339971822414459,1,MEDIUM RISK,2026-08-30 13:02:06
3178-CIFOT,Female,0,No,No,23,Yes,No,One year,Credit card (automatic),19.65,478.1,0,0.1068646282838558,0,LOW RISK,2026-08-30 13:02:06
2091-MJTFX,Female,0,Yes,Yes,30,No,DSL,Month-to-month,Credit card (automatic),51.2,1561.5,1,0.4130658173096949,0,MEDIUM RISK,2026-08-30 13:02:06
4530-NDRKU,Female,0,Yes,Yes,42,Yes,No,One year,Electronic check,19.05,761.85,0,0.07868198270037227,0,LOW RISK,2026-08-30 13:02:06
5985-TBABQ,Female,0,No,No,32,Yes,DSL,One year,Mailed check,74.75,2282.95,0,0.19623736245260565,0,LOW RISK,2026-08-30 13:02:06
9800-ONTFE,Female,0,Yes,Yes,22,Yes,Fiber optic,Month-to-month,Bank transfer (automatic),75.8,1615.1,0,0.6094203264310596,1,MEDIUM RISK,2026-08-30 13:02:06
6743-HHQPF,Male,0,Yes,No,42,No,DSL,Month-to-month,Credit card (automatic),25.1,1097.15,0,0.35901591654692633,0,LOW RISK,2026-08-30 13:02:06
8455-HIRAQ,Female,0,No,No,8,Yes,DSL,Month-to-month,Mailed check,44.45,369.3,0,0.5483550623290329,1,MEDIUM RISK,2026-08-30 13:02:06
6616-AALSR,Female,0,Yes,Yes,65,Yes,Fiber optic,Two year,Credit card (automatic),104.3,6725.3,0,0.18276169120934063,0,LOW RISK,2026-08-30 13:02:06
0883-EIBTI,Female,0,No,No,2,Yes,No,Month-to-month,Mailed check,19.5,31.55,1,0.3797857324959387,0,LOW RISK,2026-08-30 13:02:06
9415-ZNBSX,Female,0,Yes,Yes,70,Yes,DSL,Two year,Bank transfer (automatic),89.0,6293.2,0,0.03783228811471952,0,LOW RISK,2026-08-30 13:02:06
4018-KJYUY,Male,0,No,Yes,22,Yes,No,Month-to-month,Credit card (automatic),20.15,432.5,0,0.13147695876395288,0,LOW RISK,2026-08-30 13:02:06
0722-TROQR,Female,1,No,No,4,Yes,Fiber optic,Month-to-month,Electronic check,74.9,321.75,1,0.9066735142683449,1,HIGH RISK,2026-08-30 13:02:06
7571-YXDAD,Female,0,No,No,2,Yes,Fiber optic,Month-to-month,Credit card (automatic),74.9,147.15,1,0.809555990921179,1,HIGH RISK,2026-08-30 13:02:06
3884-UEBXB,Female,0,Yes,Yes,67,No,DSL,Two year,Bank transfer (automatic),36.15,2434.45,0,0.02468268420666809,0,LOW RISK,2026-08-30 13:02:06
8780-RSYYU,Female,0,No,No,25,Yes,No,Month-to-month,Credit card (automatic),19.2,532.1,0,0.22401931422782198,0,LOW RISK,2026-08-30 13:02:06
5537-UXXVS,Female,0,Yes,No,20,Yes,No,Month-to-month,Bank transfer (automatic),19.25,375.25,0,0.16732642153267085,0,LOW RISK,2026-08-30 13:02:06
1791-PQHBB,Female,0,No,Yes,2,Yes,DSL,Month-to-month,Credit card (automatic),61.2,125.95,0,0.6118476355241984,1,MEDIUM RISK,2026-08-30 13:02:06
8701-DGLVH,Male,0,No,No,51,Yes,No,Two year,Mailed check,20.45,1042.65,0,0.026447674587627996,0,LOW RISK,2026-08-30 13:02:06
8741-LQOBK,Female,0,Yes,Yes,46,No,DSL,Month-to-month,Bank transfer (automatic),35.05,1620.25,0,0.13835226323196545,0,LOW RISK,2026-08-30 13:02:06
3393-FMZPV,Female,0,No,No,25,Yes,Fiber optic,Month-to-month,Electronic check,100.25,2387.75,1,0.8354506603581048,1,HIGH RISK,2026-08-30 13:02:06
8082-GHXOP,Male,0,No,Yes,13,Yes,DSL,Month-to-month,Mailed check,44.0,659.35,0,0.362784876536648,0,LOW RISK,2026-08-30 13:02:06
6402-ZFPPI,Female,1,No,No,25,Yes,Fiber optic,Month-to-month,Mailed check,102.8,2660.2,1,0.7639116600848528,1,HIGH RISK,2026-08-30 13:02:06
0980-FEXWF,Male,0,Yes,Yes,26,Yes,DSL,One year,Mailed check,50.35,1285.8,0,0.17050440096754138,0,LOW RISK,2026-08-30 13:02:06
7486-KSRVI,Male,0,No,No,43,Yes,Fiber optic,One year,Electronic check,100.0,4211.55,1,0.5396452215230653,1,MEDIUM RISK,2026-08-30 13:02:06
3011-WQKSZ,Male,0,No,Yes,19,Yes,No,Month-to-month,Electronic check,20.0,377.55,0,0.2583742846902926,0,LOW RISK,2026-08-30 13:02:06
8443-WVPSS,Male,0,Yes,No,10,Yes,Fiber optic,Month-to-month,Electronic check,99.85,990.9,1,0.8646534320465221,1,HIGH RISK,2026-08-30 13:02:06
3006-XIMLN,Female,0,No,Yes,2,Yes,Fiber optic,Month-to-month,Bank transfer (automatic),94.2,193.8,1,0.89938369035984,1,HIGH RISK,2026-08-30 13:02:06
8218-FFJDS,Female,0,Yes,No,72,Yes,DSL,Two year,Bank transfer (automatic),86.4,6058.95,0,0.03977575752662022,0,LOW RISK,2026-08-30 13:02:06
1986-PHGZF,Male,1,No,No,18,Yes,DSL,Month-to-month,Credit card (automatic),58.4,964.9,0,0.4367618273128973,0,MEDIUM RISK,2026-08-30 13:02:06
9965-YOKZB,Male,1,No,No,9,Yes,Fiber optic,Month-to-month,Electronic check,83.85,790.15,1,0.9220878534599404,1,HIGH RISK,2026-08-30 13:02:06
0504-HHAPI,Female,1,No,No,27,Yes,Fiber optic,Month-to-month,Credit card (automatic),88.3,2467.75,1,0.7127485036433897,1,HIGH RISK,2026-08-30 13:02:06
9360-OMDZZ,Male,0,No,No,24,Yes,Fiber optic,Month-to-month,Electronic check,94.1,2322.85,0,0.8403313317743192,1,HIGH RISK,2026-08-30 13:02:06
6305-YLBMM,Male,0,No,No,69,Yes,Fiber optic,One year,Bank transfer (automatic),104.05,7262.0,1,0.2685427911960846,0,LOW RISK,2026-08-30 13:02:06
0345-XMMUG,Female,0,Yes,No,46,Yes,Fiber optic,Two year,Credit card (automatic),108.9,4854.3,0,0.23552432130897358,0,LOW RISK,2026-08-30 13:02:06
8024-XNAFQ,Female,1,No,No,72,Yes,Fiber optic,Two year,Bank transfer (automatic),107.4,7748.75,0,0.101784744315518,0,LOW RISK,2026-08-30 13:02:06
3647-GMGDH,Male,0,Yes,No,22,Yes,Fiber optic,Month-to-month,Credit card (automatic),94.7,1914.9,1,0.7404671155310879,1,HIGH RISK,2026-08-30 13:02:06
2988-GBIVW,Female,1,Yes,No,70,Yes,Fiber optic,Month-to-month,Electronic check,90.85,6470.1,0,0.5587180466685526,1,MEDIUM RISK,2026-08-30 13:02:06
2832-SCUCO,Female,0,No,No,2,Yes,No,Month-to-month,Electronic check,19.9,57.4,0,0.4745334341724794,0,MEDIUM RISK,2026-08-30 13:02:06
7036-ZZKBD,Male,0,Yes,No,31,Yes,DSL,Month-to-month,Credit card (automatic),66.4,2019.8,0,0.31608041643212453,0,LOW RISK,2026-08-30 13:02:06
3791-LGQCY,Female,1,Yes,No,56,Yes,Fiber optic,Month-to-month,Bank transfer (automatic),100.65,5688.05,1,0.7384762117609893,1,HIGH RISK,2026-08-30 13:02:06
0265-PSUAE,Female,0,Yes,Yes,16,Yes,Fiber optic,Month-to-month,Bank transfer (automatic),100.7,1522.7,0,0.5676776759351815,1,MEDIUM RISK,2026-08-30 13:02:06
0463-TXOAK,Male,0,No,Yes,52,Yes,No,Two year,Credit card (automatic),25.6,1334.5,0,0.027754113168626665,0,LOW RISK,2026-08-30 13:02:06
0594-UFTUL,Male,0,Yes,Yes,13,Yes,No,Month-to-month,Mailed check,19.85,252.0,0,0.24352366239978618,0,LOW RISK,2026-08-30 13:02:06
9509-MPYOD,Female,0,No,No,35,Yes,No,One year,Mailed check,20.75,700.45,0,0.061134004360675925,0,LOW RISK,2026-08-30 13:02:06
9128-CPXKI,Female,0,No,No,59,Yes,Fiber optic,Two year,Electronic check,95.8,5655.45,0,0.25459952274012004,0,LOW RISK,2026-08-30 13:02:06
0129-KPTWJ,Male,0,Yes,No,72,Yes,Fiber optic,Month-to-month,Electronic check,94.65,6747.35,0,0.6035722981976259,1,MEDIUM RISK,2026-08-30 13:02:06
8166-ZZTFS,Female,1,Yes,No,66,Yes,DSL,Two year,Bank transfer (automatic),80.55,5265.1,1,0.10579129435607547,0,LOW RISK,2026-08-30 13:02:06
5855-EIBDE,Female,0,Yes,No,49,Yes,Fiber optic,Two year,Credit card (automatic),106.65,5174.35,0,0.1388445385632566,0,LOW RISK,2026-08-30 13:02:06
5365-LLFYV,Female,0,No,No,2,Yes,DSL,Month-to-month,Mailed check,45.85,105.6,0,0.6814289271866707,1,MEDIUM RISK,2026-08-30 13:02:06
5956-YHHRX,Male,1,No,No,21,Yes,Fiber optic,Month-to-month,Electronic check,104.35,2271.85,0,0.8607798948553984,1,HIGH RISK,2026-08-30 13:02:06
6008-NAIXK,Male,1,No,No,54,No,DSL,One year,Electronic check,55.45,2966.95,0,0.4493606641384609,0,MEDIUM RISK,2026-08-30 13:02:06
2956-GGUCQ,Male,1,Yes,No,24,Yes,Fiber optic,Month-to-month,Electronic check,78.85,1772.25,1,0.6949236584957429,1,MEDIUM RISK,2026-08-30 13:02:06
1928-BXYIV,Male,0,No,No,1,Yes,DSL,Month-to-month,Electronic check,61.15,61.15,0,0.6458771722151307,1,MEDIUM RISK,2026-08-30 13:02:06
5760-FXFVO,Male,0,No,No,6,Yes,Fiber optic,Month-to-month,Electronic check,78.95,494.95,0,0.781329092839619,1,HIGH RISK,2026-08-30 13:02:06
6595-COKXZ,Female,0,No,No,1,Yes,DSL,Month-to-month,Mailed check,44.45,44.45,1,0.6896194861755525,1,MEDIUM RISK,2026-08-30 13:02:06
0961-ZWLVI,Male,0,No,Yes,49,Yes,Fiber optic,One year,Credit card (automatic),109.2,5290.45,0,0.4309198414944904,0,MEDIUM RISK,2026-08-30 13:02:06
5181-OABFK,Female,0,Yes,Yes,56,Yes,DSL,Two year,Credit card (automatic),61.3,3346.8,0,0.04086286889223433,0,LOW RISK,2026-08-30 13:02:06
4007-NHVHI,Female,1,No,No,56,Yes,Fiber optic,Month-to-month,Electronic check,96.85,5219.65,0,0.6297472957638535,1,MEDIUM RISK,2026-08-30 13:02:06
7816-VGHTO,Female,0,Yes,Yes,6,No,DSL,Two year,Mailed check,40.55,217.5,0,0.17959164700993557,0,LOW RISK,2026-08-30 13:02:06
5871-DGTXZ,Male,0,No,No,32,Yes,No,One year,Mailed check,19.8,607.7,0,0.06980283825034933,0,LOW RISK,2026-08-30 13:02:06
7550-WIQVA,Male,0,Yes,Yes,50,Yes,Fiber optic,One year,Electronic check,108.25,5431.4,0,0.528124417746084,1,MEDIUM RISK,2026-08-30 13:02:06
7544-ZVIKX,Male,0,Yes,Yes,58,Yes,Fiber optic,One year,Bank transfer (automatic),105.05,6004.85,0,0.4013587415796003,0,MEDIUM RISK,2026-08-30 13:02:06
0016-QLJIS,Female,0,Yes,Yes,65,Yes,DSL,Two year,Mailed check,90.45,5957.9,0,0.045989519239853165,0,LOW RISK,2026-08-30 13:02:06
7508-DQAKK,Female,0,No,No,64,Yes,DSL,Two year,Credit card (automatic),86.4,5442.05,0,0.05764548353412601,0,LOW RISK,2026-08-30 13:02:06
5176-OLSKT,Female,0,Yes,No,66,Yes,DSL,Two year,Bank transfer (automatic),66.9,4370.25,0,0.024202152498160885,0,LOW RISK,2026-08-30 13:02:06
9356-AXGMP,Male,0,Yes,No,38,Yes,Fiber optic,One year,Electronic check,110.7,4428.6,0,0.5153820736744047,1,MEDIUM RISK,2026-08-30 13:02:06
3556-BVQGL,Female,0,Yes,No,20,Yes,No,One year,Mailed check,20.0,416.45,0,0.12313456829700406,0,LOW RISK,2026-08-30 13:02:06
0362-ZBZWJ,Male,0,No,No,36,Yes,Fiber optic,Month-to-month,Electronic check,84.9,3067.2,1,0.7549369669971111,1,HIGH RISK,2026-08-30 13:02:06
8979-CAMGB,Male,1,No,No,64,Yes,Fiber optic,One year,Electronic check,102.1,6688.1,0,0.46310200899888393,0,MEDIUM RISK,2026-08-30 13:02:06
4211-MMAZN,Male,0,No,No,1,Yes,No,Month-to-month,Mailed check,20.25,20.25,1,0.39526342193510106,0,LOW RISK,2026-08-30 13:02:06
7581-EBBOU,Female,0,No,No,60,Yes,DSL,One year,Credit card (automatic),70.15,4224.7,0,0.09800197359693288,0,LOW RISK,2026-08-30 13:02:06
4274-OWWYO,Male,0,No,No,1,Yes,Fiber optic,Month-to-month,Electronic check,74.35,74.35,1,0.858581273766976,1,HIGH RISK,2026-08-30 13:02:06
5073-RZGBK,Female,0,Yes,Yes,50,Yes,DSL,One year,Bank transfer (automatic),80.05,4042.2,0,0.11151864415368856,0,LOW RISK,2026-08-30 13:02:06
1541-ETJZO,Male,0,No,No,1,Yes,DSL,Month-to-month,Mailed check,62.05,62.05,1,0.6129231371312228,1,MEDIUM RISK,2026-08-30 13:02:06
2192-CKRLV,Female,0,Yes,No,72,No,DSL,Two year,Electronic check,49.2,3580.95,0,0.07746989793532062,0,LOW RISK,2026-08-30 13:02:06
3154-HMWUU,Male,0,Yes,No,60,Yes,No,Two year,Bank transfer (automatic),20.5,1198.8,0,0.025882471275083124,0,LOW RISK,2026-08-30 13:02:06
6119-SPUDB,Male,0,No,No,46,No,DSL,Two year,Mailed check,38.25,1755.35,0,0.0383630633441298,0,LOW RISK,2026-08-30 13:02:06
6522-OIQSX,Female,0,Yes,Yes,69,No,DSL,Two year,Credit card (automatic),54.95,3772.5,0,0.09324527381475523,0,LOW RISK,2026-08-30 13:02:06
7813-ZGGAW,Male,1,No,No,31,Yes,Fiber optic,Month-to-month,Bank transfer (automatic),96.6,2877.95,0,0.676520659972689,1,MEDIUM RISK,2026-08-30 13:02:06
8748-HFWBO,Male,0,Yes,Yes,19,Yes,No,One year,Mailed check,19.9,357.7,0,0.07855194460410668,0,LOW RISK,2026-08-30 13:02:06
1052-QJIBV,Female,0,Yes,Yes,71,Yes,No,Two year,Credit card (automatic),19.9,1397.3,0,0.009939211776763664,0,LOW RISK,2026-08-30 13:02:06
1319-YLZJG,Male,0,Yes,No,12,Yes,Fiber optic,Month-to-month,Electronic check,84.6,959.9,0,0.7463392778066832,1,HIGH RISK,2026-08-30 13:02:06
4106-HADHQ,Male,0,Yes,Yes,39,Yes,DSL,One year,Credit card (automatic),80.0,3182.95,1,0.08676080314707307,0,LOW RISK,2026-08-30 13:02:06
0723-FDLAY,Male,0,No,No,44,Yes,DSL,One year,Bank transfer (automatic),85.25,3704.15,0,0.18192864374964046,0,LOW RISK,2026-08-30 13:02:06
3050-RLLXC,Female,0,Yes,Yes,56,Yes,DSL,Two year,Credit card (automatic),81.25,4620.4,0,0.031214919315081364,0,LOW RISK,2026-08-30 13:02:06
9298-WGMRW,Female,0,Yes,No,72,Yes,Fiber optic,Two year,Bank transfer (automatic),115.5,8312.75,0,0.12491088788645448,0,LOW RISK,2026-08-30 13:02:06
2369-UAPKZ,Male,0,No,No,5,Yes,Fiber optic,Month-to-month,Mailed check,104.1,541.9,1,0.8715934178236664,1,HIGH RISK,2026-08-30 13:02:06
3088-LHEFH,Female,0,No,No,11,Yes,Fiber optic,Month-to-month,Bank transfer (automatic),79.0,929.3,0,0.755609522935509,1,HIGH RISK,2026-08-30 13:02:06
2778-OCLGR,Male,1,Yes,No,24,No,DSL,Month-to-month,Bank transfer (automatic),39.1,971.3,1,0.4219612078270001,0,MEDIUM RISK,2026-08-30 13:02:06
6583-KQJLK,Female,1,Yes,No,15,Yes,Fiber optic,Month-to-month,Electronic check,94.65,1285.05,0,0.8393564371132975,1,HIGH RISK,2026-08-30 13:02:06
8544-JNBOX,Male,0,No,No,72,Yes,No,Two year,Mailed check,20.8,1521.2,0,0.01654297638000085,0,LOW RISK,2026-08-30 13:02:06
6681-ZSEXG,Male,0,Yes,No,56,Yes,DSL,Two year,Credit card (automatic),59.5,3389.25,0,0.07272292857056269,0,LOW RISK,2026-08-30 13:02:06
6139-ZZRBQ,Male,1,No,No,64,Yes,No,Two year,Bank transfer (automatic),20.05,1198.05,0,0.025165597600118314,0,LOW RISK,2026-08-30 13:02:06
6116-RFVHN,Female,0,Yes,No,34,Yes,Fiber optic,Month-to-month,Electronic check,100.45,3414.65,0,0.821472245164035,1,HIGH RISK,2026-08-30 13:02:06
0637-KVDLV,Male,0,No,No,2,Yes,Fiber optic,Month-to-month,Electronic check,76.5,162.45,1,0.8982377901398666,1,HIGH RISK,2026-08-30 13:02:06
8884-FEEWR,Male,0,No,No,35,Yes,No,One year,Bank transfer (automatic),20.6,754.0,0,0.06065792058658073,0,LOW RISK,2026-08-30 13:02:06
3125-RAHBV,Male,0,No,No,22,Yes,No,One year,Credit card (automatic),20.3,467.15,0,0.08196066374016364,0,LOW RISK,2026-08-30 13:02:06
6633-MPWBS,Male,0,No,No,5,Yes,DSL,Month-to-month,Electronic check,49.2,216.9,1,0.6727423283401744,1,MEDIUM RISK,2026-08-30 13:02:06
0373-AIVNJ,Male,0,No,No,9,No,DSL,One year,Mailed check,39.55,373.0,0,0.33559285939966604,0,LOW RISK,2026-08-30 13:02:06
8785-EPNCG,Male,0,No,No,11,Yes,No,Month-to-month,Credit card (automatic),23.15,245.2,1,0.3792112797715707,0,LOW RISK,2026-08-30 13:02:06
1682-VCOIO,Male,0,No,No,23,Yes,No,One year,Mailed check,20.45,481.1,0,0.079837788892467,0,LOW RISK,2026-08-30 13:02:06
5729-KLZAR,Female,0,Yes,Yes,4,Yes,Fiber optic,Month-to-month,Electronic check,80.85,302.75,1,0.8243960852946347,1,HIGH RISK,2026-08-30 13:02:06
2072-ZVJJX,Male,0,Yes,No,68,Yes,No,Two year,Bank transfer (automatic),25.25,1728.2,0,0.018755794336556848,0,LOW RISK,2026-08-30 13:02:06
8849-AYPTR,Male,0,Yes,No,33,Yes,Fiber optic,Month-to-month,Electronic check,91.25,2964.05,0,0.7085641774319147,1,HIGH RISK,2026-08-30 13:02:06
9518-IMLHK,Male,0,No,No,31,Yes,DSL,Month-to-month,Bank transfer (automatic),72.45,2156.25,0,0.2163153659951814,0,LOW RISK,2026-08-30 13:02:06
1582-RAFML,Male,0,No,No,1,Yes,DSL,Month-to-month,Mailed check,60.1,60.1,1,0.5878368987835696,1,MEDIUM RISK,2026-08-30 13:02:06
3646-ITDGM,Female,0,No,No,56,Yes,No,Two year,Bank transfer (automatic),19.7,1051.9,0,0.020464088107318198,0,LOW RISK,2026-08-30 13:02:06
8740-CRYFY,Male,0,No,No,1,Yes,Fiber optic,Month-to-month,Electronic check,78.95,78.95,1,0.9032210321884182,1,HIGH RISK,2026-08-30 13:02:06
3569-VLDHH,Male,0,Yes,Yes,66,Yes,DSL,One year,Electronic check,75.1,5013.0,0,0.07098081746271231,0,LOW RISK,2026-08-30 13:02:06
8224-KDLKN,Male,0,Yes,Yes,72,Yes,No,Two year,Bank transfer (automatic),25.0,1738.9,0,0.01301771486248963,0,LOW RISK,2026-08-30 13:02:06
7594-LZNWR,Male,1,No,No,34,Yes,Fiber optic,Month-to-month,Credit card (automatic),69.15,2275.1,0,0.49433845789284486,0,MEDIUM RISK,2026-08-30 13:02:06
4001-TSBTV,Female,0,Yes,Yes,58,Yes,Fiber optic,Month-to-month,Electronic check,91.55,5511.65,0,0.553461186062971,1,MEDIUM RISK,2026-08-30 13:02:06
2962-XPMCQ,Male,0,No,No,2,Yes,DSL,Month-to-month,Electronic check,45.15,98.5,1,0.7574917178563674,1,HIGH RISK,2026-08-30 13:02:06
8727-XDPUD,Male,0,No,No,37,No,DSL,Two year,Credit card (automatic),35.8,1316.9,0,0.11867066220004462,0,LOW RISK,2026-08-30 13:02:06
1043-UXOVO,Female,0,No,No,71,Yes,Fiber optic,Two year,Credit card (automatic),113.15,7993.3,0,0.1315947700420262,0,LOW RISK,2026-08-30 13:02:06
1064-FBXNK,Male,0,Yes,Yes,1,Yes,No,One year,Credit card (automatic),19.85,19.85,0,0.20527748337528184,0,LOW RISK,2026-08-30 13:02:06
3996-ZNWYK,Male,1,Yes,Yes,71,Yes,No,Two year,Credit card (automatic),19.8,1388.45,0,0.011983486839163254,0,LOW RISK,2026-08-30 13:02:06
2878-DHMIN,Male,0,Yes,Yes,35,Yes,No,One year,Electronic check,19.9,666.0,0,0.0745476037423625,0,LOW RISK,2026-08-30 13:02:06
7762-ONLJY,Female,0,Yes,Yes,6,Yes,No,One year,Mailed check,19.7,94.45,0,0.17178946228975533,0,LOW RISK,2026-08-30 13:02:06
1678-FYZOW,Female,0,No,No,3,Yes,Fiber optic,Month-to-month,Electronic check,79.4,244.65,1,0.89428665839103,1,HIGH RISK,2026-08-30 13:02:06
5795-BKOYE,Female,0,Yes,Yes,69,Yes,DSL,One year,Bank transfer (automatic),59.1,4134.7,0,0.04357113789551148,0,LOW RISK,2026-08-30 13:02:06
8627-EHGIP,Male,0,No,No,44,No,DSL,One year,Mailed check,53.95,2375.4,1,0.30065698173327043,0,LOW RISK,2026-08-30 13:02:06
7402-PWYJJ,Female,0,Yes,No,53,Yes,Fiber optic,One year,Electronic check,91.15,4862.5,0,0.5009635260522363,1,MEDIUM RISK,2026-08-30 13:02:06
5480-TBGPH,Female,0,Yes,No,24,Yes,Fiber optic,Month-to-month,Credit card (automatic),99.3,2431.35,1,0.7072827400660959,1,HIGH RISK,2026-08-30 13:02:06
0018-NYROU,Female,0,Yes,No,5,Yes,Fiber optic,Month-to-month,Electronic check,68.95,351.5,0,0.8590454595992184,1,HIGH RISK,2026-08-30 13:02:06
7501-VTYLJ,Female,0,No,Yes,2,Yes,DSL,Month-to-month,Mailed check,51.55,106.2,0,0.5104875039095351,1,MEDIUM RISK,2026-08-30 13:02:06
7608-RGIRO,Male,0,No,Yes,62,Yes,No,Two year,Mailed check,24.4,1413.0,0,0.027184432196961827,0,LOW RISK,2026-08-30 13:02:06
0480-BIXDE,Female,0,Yes,No,19,Yes,Fiber optic,Month-to-month,Electronic check,96.8,1743.05,0,0.8130902057224605,1,HIGH RISK,2026-08-30 13:02:06
5895-QSXOD,Male,0,No,No,9,Yes,Fiber optic,Month-to-month,Mailed check,70.05,657.5,0,0.7198762575523077,1,HIGH RISK,2026-08-30 13:02:06
9814-AOUDH,Male,0,No,No,53,Yes,No,Two year,Credit card (automatic),19.5,1050.5,0,0.024534438672494097,0,LOW RISK,2026-08-30 13:02:06
6175-IRFIT,Male,0,No,No,5,Yes,Fiber optic,Month-to-month,Mailed check,78.75,426.35,0,0.8092276936394821,1,HIGH RISK,2026-08-30 13:02:06
8760-ZRHKE,Female,1,Yes,Yes,71,Yes,DSL,One year,Electronic check,69.2,4982.5,0,0.08394718428215055,0,LOW RISK,2026-08-30 13:02:06
1622-HSHSF,Female,0,No,No,1,Yes,No,Month-to-month,Mailed check,19.55,19.55,0,0.4768783325258726,0,MEDIUM RISK,2026-08-30 13:02:06
8854-CCVSQ,Male,0,No,No,18,Yes,Fiber optic,Month-to-month,Electronic check,80.65,1451.9,1,0.7461443595759343,1,HIGH RISK,2026-08-30 13:02:06
6749-UTDVX,Male,0,No,No,72,Yes,Fiber optic,Two year,Electronic check,103.65,7634.8,0,0.2898387944302409,0,LOW RISK,2026-08-30 13:02:06
5542-DHSXL,Female,0,Yes,No,4,Yes,DSL,Month-to-month,Mailed check,54.7,235.05,0,0.4714482851872756,0,MEDIUM RISK,2026-08-30 13:02:06
9102-OXKFY,Male,0,No,No,59,Yes,DSL,Two year,Credit card (automatic),54.15,3116.15,0,0.06985562161500242,0,LOW RISK,2026-08-30 13:02:06
0511-JTEOY,Female,0,No,No,1,Yes,Fiber optic,Month-to-month,Mailed check,71.1,71.1,1,0.7646393904238555,1,HIGH RISK,2026-08-30 13:02:06
5216-WASFJ,Female,1,Yes,No,31,Yes,Fiber optic,Month-to-month,Electronic check,84.85,2633.4,0,0.810485614590211,1,HIGH RISK,2026-08-30 13:02:06
7808-DVWEP,Male,0,Yes,No,3,Yes,No,Month-to-month,Bank transfer (automatic),20.0,49.65,0,0.37211448237470446,0,LOW RISK,2026-08-30 13:02:06
7067-KSAZT,Female,1,Yes,No,65,Yes,Fiber optic,One year,Electronic check,106.25,6979.8,1,0.5644730889947258,1,MEDIUM RISK,2026-08-30 13:02:06
2284-VFLKH,Male,0,Yes,No,49,Yes,Fiber optic,One year,Credit card (automatic),99.25,4920.8,0,0.46668007806621226,0,MEDIUM RISK,2026-08-30 13:02:06
0366-NQSHS,Male,0,No,No,2,Yes,No,Month-to-month,Mailed check,19.35,46.35,0,0.3931257617704375,0,LOW RISK,2026-08-30 13:02:06
6532-YLWSI,Female,0,Yes,No,53,Yes,No,One year,Bank transfer (automatic),20.8,1021.8,1,0.0499319588743072,0,LOW RISK,2026-08-30 13:02:06
3807-BPOMJ,Female,0,Yes,No,55,Yes,Fiber optic,One year,Electronic check,94.75,5276.1,0,0.4696615172922455,0,MEDIUM RISK,2026-08-30 13:02:06
3892-NXAZG,Male,0,Yes,Yes,72,Yes,Fiber optic,Two year,Credit card (automatic),114.05,8289.2,0,0.111823751267978,0,LOW RISK,2026-08-30 13:02:06
4948-WBBKL,Female,1,No,No,36,Yes,Fiber optic,Month-to-month,Bank transfer (automatic),74.9,2659.45,0,0.6274014296790209,1,MEDIUM RISK,2026-08-30 13:02:06
4182-BGSIQ,Female,0,Yes,Yes,10,Yes,No,Month-to-month,Bank transfer (automatic),19.8,196.75,0,0.3377635180580674,0,LOW RISK,2026-08-30 13:02:06
9300-AGZNL,Male,1,No,No,1,Yes,Fiber optic,Month-to-month,Electronic check,94.0,94.0,1,0.9532388891991264,1,HIGH RISK,2026-08-30 13:02:06
0988-AADSA,Female,0,Yes,Yes,72,Yes,DSL,Two year,Bank transfer (automatic),80.85,5824.75,0,0.017664640324836396,0,LOW RISK,2026-08-30 13:02:06
9972-NKTFD,Female,0,No,No,28,Yes,DSL,Month-to-month,Bank transfer (automatic),54.65,1517.5,0,0.2290312471132714,0,LOW RISK,2026-08-30 13:02:06
3717-LNXKW,Male,0,Yes,No,38,Yes,Fiber optic,Month-to-month,Bank transfer (automatic),91.7,3479.05,0,0.48260936021604195,0,MEDIUM RISK,2026-08-30 13:02:06
5734-EJKXG,Female,0,No,No,61,Yes,Fiber optic,One year,Electronic check,118.6,7365.7,0,0.3889276684852777,0,LOW RISK,2026-08-30 13:02:06
2207-RYYRL,Male,0,Yes,Yes,52,Yes,No,Two year,Mailed check,24.55,1331.05,0,0.02977929490612585,0,LOW RISK,2026-08-30 13:02:06
6729-FZWSY,Male,0,No,No,67,Yes,No,One year,Mailed check,19.45,1195.95,0,0.04340598716153389,0,LOW RISK,2026-08-30 13:02:06
9695-IDRZR,Female,0,No,Yes,34,Yes,Fiber optic,Two year,Credit card (automatic),116.15,3946.9,0,0.1993433398416278,0,LOW RISK,2026-08-30 13:02:06
8144-DGHXP,Female,0,No,No,54,Yes,DSL,Two year,Electronic check,80.6,4299.95,0,0.0639668501651501,0,LOW RISK,2026-08-30 13:02:06
7814-LEEVE,Female,0,Yes,No,1,Yes,No,Month-to-month,Bank transfer (automatic),20.3,20.3,0,0.4706544506365814,0,MEDIUM RISK,2026-08-30 13:02:06
1112-CUNAO,Female,1,No,No,15,Yes,Fiber optic,Month-to-month,Electronic check,89.85,1424.95,1,0.7919031782820298,1,HIGH RISK,2026-08-30 13:02:06
5175-AOBHI,Female,0,No,No,4,Yes,DSL,Month-to-month,Mailed check,46.0,193.6,1,0.6605562871209475,1,MEDIUM RISK,2026-08-30 13:02:06
5174-RNGBH,Female,0,No,No,9,Yes,DSL,Month-to-month,Mailed check,66.25,620.55,1,0.42359225084128393,0,MEDIUM RISK,2026-08-30 13:02:06
8631-WUXGY,Female,0,No,Yes,46,Yes,Fiber optic,Month-to-month,Electronic check,99.8,4391.25,0,0.6021634314924545,1,MEDIUM RISK,2026-08-30 13:02:06
7270-BDIOA,Female,0,No,No,22,Yes,Fiber optic,Month-to-month,Electronic check,90.0,1993.8,1,0.7447351420639688,1,HIGH RISK,2026-08-30 13:02:06
9565-JSNFM,Male,0,No,No,38,Yes,Fiber optic,One year,Bank transfer (automatic),70.45,2597.6,1,0.31444950115255993,0,LOW RISK,2026-08-30 13:02:06
5906-DVAPM,Female,0,Yes,Yes,55,Yes,DSL,One year,Credit card (automatic),75.0,4213.9,0,0.09388417999398825,0,LOW RISK,2026-08-30 13:02:06
6654-QGBZZ,Female,0,No,No,1,Yes,No,Month-to-month,Mailed check,19.9,19.9,0,0.3905608352762067,0,LOW RISK,2026-08-30 13:02:06
8348-JLBUG,Male,1,Yes,No,64,Yes,Fiber optic,One year,Credit card (automatic),80.3,5017.7,0,0.1622097711142337,0,LOW RISK,2026-08-30 13:02:06
0607-DAAHE,Male,0,No,Yes,53,Yes,No,Two year,Bank transfer (automatic),19.75,1052.35,1,0.019263728241785287,0,LOW RISK,2026-08-30 13:02:06
5641-DMBFJ,Female,0,Yes,No,58,Yes,DSL,Two year,Electronic check,84.3,4916.4,0,0.10928425629896257,0,LOW RISK,2026-08-30 13:02:06
9200-NLNPD,Male,0,Yes,No,56,No,DSL,One year,Bank transfer (automatic),54.05,2959.8,0,0.2805905851808132,0,LOW RISK,2026-08-30 13:02:06
2664-XJZNO,Male,0,Yes,Yes,72,Yes,Fiber optic,Two year,Credit card (automatic),104.9,7559.55,0,0.09069670283344106,0,LOW RISK,2026-08-30 13:02:06
9732-KPKBW,Male,0,No,No,1,Yes,DSL,Month-to-month,Electronic check,53.95,53.95,1,0.6286750598107743,1,MEDIUM RISK,2026-08-30 13:02:06
3339-EAQNV,Male,1,Yes,No,72,Yes,Fiber optic,One year,Credit card (automatic),97.25,7133.1,0,0.42816864607582344,0,MEDIUM RISK,2026-08-30 13:02:06
0921-OHLVP,Male,0,No,No,22,Yes,Fiber optic,Month-to-month,Electronic check,83.05,1799.3,0,0.7462231240991496,1,HIGH RISK,2026-08-30 13:02:06
3389-YGYAI,Female,1,No,No,8,Yes,Fiber optic,Month-to-month,Electronic check,105.5,829.55,1,0.9316294920665233,1,HIGH RISK,2026-08-30 13:02:06
9560-ARGQJ,Female,0,No,Yes,16,Yes,Fiber optic,Month-to-month,Electronic check,81.0,1312.15,1,0.7369304675289875,1,HIGH RISK,2026-08-30 13:02:06
8350-NYMVI,Female,0,No,No,39,No,DSL,Month-to-month,Bank transfer (automatic),41.1,1597.05,0,0.21488154987325037,0,LOW RISK,2026-08-30 13:02:06
1600-DILPE,Female,0,No,No,12,Yes,DSL,Month-to-month,Bank transfer (automatic),45.0,524.35,0,0.5794831671110175,1,MEDIUM RISK,2026-08-30 13:02:06
0536-ESJEP,Male,0,Yes,No,54,Yes,DSL,Two year,Bank transfer (automatic),74.55,4191.45,0,0.07592818712036714,0,LOW RISK,2026-08-30 13:02:06
4654-GGUII,Female,0,No,No,18,No,DSL,One year,Mailed check,40.2,711.95,0,0.19460129447342336,0,LOW RISK,2026-08-30 13:02:06
6478-HRRCZ,Male,0,Yes,No,32,Yes,DSL,One year,Mailed check,70.5,2201.75,0,0.0852442990246845,0,LOW RISK,2026-08-30 13:02:06
8510-BBWMU,Female,0,No,No,41,Yes,No,One year,Mailed check,19.75,806.95,0,0.06907779000505974,0,LOW RISK,2026-08-30 13:02:06
6857-TKDJV,Male,0,Yes,Yes,67,Yes,No,Two year,Bank transfer (automatic),24.65,1620.45,0,0.015897484742748824,0,LOW RISK,2026-08-30 13:02:06
2360-RDGRO,Male,0,Yes,No,65,Yes,Fiber optic,Month-to-month,Electronic check,104.25,6812.95,0,0.6570899268552022,1,MEDIUM RISK,2026-08-30 13:02:06
0584-BJQGZ,Female,0,No,No,25,Yes,DSL,Month-to-month,Bank transfer (automatic),78.35,1837.9,0,0.3080744735358148,0,LOW RISK,2026-08-30 13:02:06
5134-IKDAY,Female,0,Yes,Yes,1,Yes,Fiber optic,Month-to-month,Electronic check,69.8,69.8,1,0.8483216885957091,1,HIGH RISK,2026-08-30 13:02:06
1360-XFJMR,Female,0,Yes,No,67,Yes,Fiber optic,One year,Credit card (automatic),109.7,7344.45,0,0.356425722509661,0,LOW RISK,2026-08-30 13:02:06
3070-DVEYC,Male,1,No,No,7,Yes,Fiber optic,Month-to-month,Mailed check,73.75,545.15,1,0.8191912967763918,1,HIGH RISK,2026-08-30 13:02:06
5730-RIITO,Female,1,No,No,43,No,DSL,Month-to-month,Credit card (automatic),33.45,1500.25,0,0.27569787156846104,0,LOW RISK,2026-08-30 13:02:06
9058-MJLZC,Female,0,No,No,24,Yes,Fiber optic,Month-to-month,Electronic check,94.6,2283.15,0,0.7193293060158612,1,HIGH RISK,2026-08-30 13:02:06
5707-ORNDZ,Male,1,No,No,9,Yes,DSL,Month-to-month,Electronic check,54.55,494.05,1,0.6510448122424695,1,MEDIUM RISK,2026-08-30 13:02:06
0902-XKXPN,Male,0,Yes,Yes,69,Yes,No,Two year,Bank transfer (automatic),20.2,1376.5,0,0.010645137811632972,0,LOW RISK,2026-08-30 13:02:06
5177-RVZNU,Female,0,No,Yes,37,Yes,No,One year,Bank transfer (automatic),20.3,755.4,0,0.044986281447783764,0,LOW RISK,2026-08-30 13:02:06
0056-EPFBG,Male,0,Yes,Yes,20,No,DSL,Two year,Credit card (automatic),39.4,825.4,0,0.09212309848844438,0,LOW RISK,2026-08-30 13:02:06
8993-IZEUX,Male,0,No,No,7,Yes,Fiber optic,Month-to-month,Bank transfer (automatic),69.15,488.65,0,0.7265798333712233,1,HIGH RISK,2026-08-30 13:02:06
8696-JKZNU,Female,1,No,No,37,Yes,Fiber optic,Month-to-month,Electronic check,76.25,2841.55,1,0.7043064375318223,1,HIGH RISK,2026-08-30 13:02:06
5380-AFSSK,Female,0,No,No,5,Yes,Fiber optic,Month-to-month,Mailed check,93.9,486.85,1,0.9130240082657306,1,HIGH RISK,2026-08-30 13:02:06
8190-ZTQFB,Male,0,No,No,41,No,DSL,One year,Electronic check,51.35,2075.1,0,0.4238784360867084,0,MEDIUM RISK,2026-08-30 13:02:06
0931-MHTEM,Female,0,No,No,54,Yes,Fiber optic,One year,Credit card (automatic),100.05,5299.65,0,0.34847915134690305,0,LOW RISK,2026-08-30 13:02:06
2055-PDADH,Female,1,No,No,3,Yes,Fiber optic,Month-to-month,Electronic check,70.4,204.7,1,0.8774120175270579,1,HIGH RISK,2026-08-30 13:02:06
7515-LODFU,Male,1,No,No,69,Yes,No,Two year,Credit card (automatic),20.3,1356.3,0,0.015259579134058331,0,LOW RISK,2026-08-30 13:02:06
0440-UEDAI,Female,0,No,No,53,Yes,Fiber optic,One year,Credit card (automatic),94.45,5042.75,0,0.315063165678945,0,LOW RISK,2026-08-30 13:02:06
1337-BOZWO,Male,0,Yes,Yes,18,No,DSL,One year,Credit card (automatic),46.4,812.4,0,0.27109186699932275,0,LOW RISK,2026-08-30 13:02:06
0868-VJRDR,Male,0,Yes,No,64,Yes,Fiber optic,Two year,Credit card (automatic),104.05,6605.55,0,0.12439266381237171,0,LOW RISK,2026-08-30 13:02:06
8714-EUHJO,Female,0,Yes,Yes,31,Yes,Fiber optic,Month-to-month,Electronic check,91.15,2995.45,1,0.7283354068560237,1,HIGH RISK,2026-08-30 13:02:06
6344-SFJVH,Female,0,No,No,20,No,DSL,Month-to-month,Credit card (automatic),24.9,505.95,0,0.4131143398991075,0,MEDIUM RISK,2026-08-30 13:02:06
3950-VPYJB,Male,0,Yes,Yes,57,Yes,DSL,One year,Mailed check,59.6,3509.4,0,0.04951099691990521,0,LOW RISK,2026-08-30 13:02:06
8041-TMEID,Male,1,Yes,No,63,Yes,Fiber optic,Two year,Credit card (automatic),108.5,6991.9,0,0.18966296409714775,0,LOW RISK,2026-08-30 13:02:06
7321-ZNSLA,Male,0,Yes,Yes,13,No,DSL,Two year,Mailed check,40.55,590.35,0,0.07467246538884079,0,LOW RISK,2026-08-30 13:02:06
6941-KXRRV,Female,1,Yes,No,48,Yes,DSL,One year,Bank transfer (automatic),58.95,2789.7,0,0.17993884099151328,0,LOW RISK,2026-08-30 13:02:06
3721-CNEYS,Female,0,No,No,2,Yes,Fiber optic,Month-to-month,Electronic check,70.95,137.95,1,0.8621969983463885,1,HIGH RISK,2026-08-30 13:02:06
8727-JQFHV,Male,0,Yes,Yes,57,Yes,No,Two year,Mailed check,20.75,1123.15,0,0.01748063201105147,0,LOW RISK,2026-08-30 13:02:06
9475-NNDGC,Male,0,Yes,No,71,Yes,Fiber optic,One year,Bank transfer (automatic),113.15,7953.25,0,0.3121682176858853,0,LOW RISK,2026-08-30 13:02:06
1355-KUSBG,Female,0,Yes,Yes,7,Yes,DSL,Month-to-month,Electronic check,48.8,349.8,0,0.6725751415743573,1,MEDIUM RISK,2026-08-30 13:02:06
3688-FTHLT,Female,0,No,No,16,Yes,DSL,Month-to-month,Bank transfer (automatic),63.05,1067.05,0,0.5927575096054334,1,MEDIUM RISK,2026-08-30 13:02:06
0899-LIIBW,Male,0,Yes,No,34,Yes,Fiber optic,Month-to-month,Electronic check,100.85,3527.3,0,0.7712801810312068,1,HIGH RISK,2026-08-30 13:02:06
2568-OIADY,Female,0,Yes,No,37,Yes,Fiber optic,Month-to-month,Electronic check,99.5,3762.0,1,0.8099312256168473,1,HIGH RISK,2026-08-30 13:02:06
1384-RCUXW,Male,0,No,No,16,Yes,Fiber optic,Month-to-month,Mailed check,80.55,1248.9,0,0.6879207998671341,1,MEDIUM RISK,2026-08-30 13:02:06
5825-XJOCM,Male,0,No,Yes,48,Yes,DSL,One year,Bank transfer (automatic),64.4,3035.35,0,0.09377676378444962,0,LOW RISK,2026-08-30 13:02:06
6848-YLDFR,Male,0,Yes,Yes,58,Yes,DSL,One year,Credit card (automatic),75.2,4300.8,0,0.12074393411991036,0,LOW RISK,2026-08-30 13:02:06
8125-QPFJD,Female,0,Yes,No,72,Yes,DSL,Two year,Bank transfer (automatic),84.9,6065.3,0,0.04695377601217216,0,LOW RISK,2026-08-30 13:02:06
2320-YKQBO,Female,0,No,No,7,Yes,No,Month-to-month,Mailed check,19.3,144.95,0,0.3398400308352145,0,LOW RISK,2026-08-30 13:02:06
1193-RTSLK,Female,0,No,No,38,Yes,Fiber optic,Month-to-month,Credit card (automatic),83.9,3233.6,1,0.39509253127367905,0,LOW RISK,2026-08-30 13:02:06
2302-ANTDP,Female,1,Yes,No,48,Yes,Fiber optic,Month-to-month,Electronic check,117.45,5438.9,1,0.512698709461136,1,MEDIUM RISK,2026-08-30 13:02:06
5923-GXUOC,Male,0,No,No,10,Yes,Fiber optic,Month-to-month,Electronic check,104.4,1081.45,1,0.8550283512815712,1,HIGH RISK,2026-08-30 13:02:06
4973-RLZVI,Female,0,No,No,30,Yes,DSL,One year,Credit card (automatic),74.65,2308.6,0,0.0874212436645414,0,LOW RISK,2026-08-30 13:02:06
7869-ZYDST,Male,0,Yes,No,31,Yes,DSL,Month-to-month,Credit card (automatic),59.05,1882.8,0,0.53820113054111,1,MEDIUM RISK,2026-08-30 13:02:06
4501-UYKBC,Female,1,No,No,46,Yes,DSL,One year,Credit card (automatic),69.1,3255.35,0,0.17141285185435923,0,LOW RISK,2026-08-30 13:02:06
1215-EXRMO,Male,0,Yes,No,50,Yes,No,Two year,Mailed check,20.55,1067.65,0,0.028515225769436544,0,LOW RISK,2026-08-30 13:02:06
2305-MRGLV,Male,0,Yes,No,28,Yes,Fiber optic,Month-to-month,Bank transfer (automatic),76.55,2065.4,0,0.42994480501732646,0,MEDIUM RISK,2026-08-30 13:02:06
8404-VIOMB,Female,0,No,No,66,No,DSL,Two year,Bank transfer (automatic),62.5,4136.4,0,0.06919179616721646,0,LOW RISK,2026-08-30 13:02:06
5233-GEEAX,Male,1,No,No,8,No,DSL,Month-to-month,Electronic check,29.4,221.9,1,0.8086828115971186,1,HIGH RISK,2026-08-30 13:02:06
2359-KLTEK,Female,0,Yes,Yes,41,Yes,Fiber optic,Month-to-month,Bank transfer (automatic),94.9,3848.0,0,0.5899301022647733,1,MEDIUM RISK,2026-08-30 13:02:06
5304-EFJLP,Male,1,Yes,No,72,Yes,Fiber optic,Two year,Bank transfer (automatic),111.65,8022.85,0,0.19389170561317307,0,LOW RISK,2026-08-30 13:02:06
2673-ZALNP,Female,0,No,No,7,Yes,No,One year,Mailed check,19.9,173.15,0,0.19703489199315458,0,LOW RISK,2026-08-30 13:02:06
9184-GALIL,Female,0,Yes,Yes,38,Yes,No,Month-to-month,Mailed check,20.45,781.25,0,0.09340887131625332,0,LOW RISK,2026-08-30 13:02:06
4393-RYCRE,Male,0,No,No,44,Yes,Fiber optic,One year,Electronic check,106.05,4510.8,0,0.40229210440685276,0,MEDIUM RISK,2026-08-30 13:02:06
9746-MDMBK,Male,0,Yes,Yes,47,Yes,Fiber optic,One year,Bank transfer (automatic),113.45,5317.8,0,0.2749113051360606,0,LOW RISK,2026-08-30 13:02:06
3162-ZJZFU,Male,0,Yes,Yes,53,Yes,Fiber optic,Month-to-month,Electronic check,92.55,4779.45,0,0.5165097912694432,1,MEDIUM RISK,2026-08-30 13:02:06
8404-GFGCZ,Male,0,Yes,No,4,Yes,DSL,Month-to-month,Electronic check,65.6,250.1,0,0.7320681195642478,1,HIGH RISK,2026-08-30 13:02:06
8875-AKBYH,Male,1,No,No,20,Yes,Fiber optic,Month-to-month,Electronic check,84.35,1745.2,0,0.8364125849956928,1,HIGH RISK,2026-08-30 13:02:06
4432-ADRLB,Male,0,No,No,2,Yes,DSL,Month-to-month,Mailed check,44.65,74.9,1,0.6012582754520717,1,MEDIUM RISK,2026-08-30 13:02:06
0533-UCAAU,Male,1,Yes,No,57,Yes,DSL,One year,Credit card (automatic),71.1,4140.1,0,0.21345077652139946,0,LOW RISK,2026-08-30 13:02:06
1394-SUIUH,Female,1,Yes,No,44,Yes,Fiber optic,Month-to-month,Electronic check,85.15,3670.5,0,0.3984062727024399,0,LOW RISK,2026-08-30 13:02:06
3521-MNKLV,Male,0,No,No,24,Yes,DSL,Month-to-month,Mailed check,49.7,1167.8,0,0.39329195030595865,0,LOW RISK,2026-08-30 13:02:06
2533-TIBIX,Male,0,Yes,Yes,15,No,DSL,Month-to-month,Bank transfer (automatic),30.2,469.65,0,0.41066807499080554,0,MEDIUM RISK,2026-08-30 13:02:06
8993-PHFWD,Female,0,No,No,3,No,DSL,Month-to-month,Electronic check,25.25,58.9,1,0.7426543084261248,1,HIGH RISK,2026-08-30 13:02:06
1565-RHDJD,Female,0,No,Yes,4,Yes,Fiber optic,Month-to-month,Bank transfer (automatic),84.05,333.55,1,0.7377456058609512,1,HIGH RISK,2026-08-30 13:02:06
7137-RYLPP,Male,1,Yes,No,37,Yes,Fiber optic,Month-to-month,Electronic check,85.7,3171.15,1,0.7769722417736074,1,HIGH RISK,2026-08-30 13:02:06
3765-JXVKY,Female,0,No,No,1,Yes,Fiber optic,Month-to-month,Electronic check,74.7,74.7,1,0.854594543166484,1,HIGH RISK,2026-08-30 13:02:06
5092-STPKP,Female,0,No,No,24,Yes,DSL,Month-to-month,Credit card (automatic),56.35,1381.2,0,0.18240381366352285,0,LOW RISK,2026-08-30 13:02:06
7330-WZLNC,Female,0,No,No,5,Yes,Fiber optic,Month-to-month,Electronic check,90.8,455.5,1,0.9009742762794698,1,HIGH RISK,2026-08-30 13:02:06
0114-PEGZZ,Female,0,No,No,33,Yes,Fiber optic,Month-to-month,Electronic check,107.55,3645.5,0,0.7391261729109017,1,HIGH RISK,2026-08-30 13:02:06
3359-DSRKA,Female,0,Yes,Yes,58,Yes,No,Two year,Mailed check,19.85,1158.85,0,0.023502876011605958,0,LOW RISK,2026-08-30 13:02:06
8639-NHQEI,Female,0,Yes,Yes,72,Yes,Fiber optic,Two year,Bank transfer (automatic),95.9,6954.15,0,0.09293014515304034,0,LOW RISK,2026-08-30 13:02:06
7161-DFHUF,Female,0,Yes,No,71,Yes,No,Two year,Mailed check,23.85,1672.1,0,0.017336385080766275,0,LOW RISK,2026-08-30 13:02:06
3957-LXOLK,Female,1,No,No,28,Yes,Fiber optic,Month-to-month,Electronic check,106.15,3152.5,1,0.8534232740777922,1,HIGH RISK,2026-08-30 13:02:06
3720-DBRWL,Male,0,Yes,No,51,Yes,DSL,Two year,Credit card (automatic),83.85,4307.1,0,0.0683425764204152,0,LOW RISK,2026-08-30 13:02:06
6635-MYYYZ,Female,0,No,No,30,Yes,DSL,One year,Bank transfer (automatic),85.35,2530.4,1,0.11184982036932348,0,LOW RISK,2026-08-30 13:02:06
8565-WUXZU,Male,1,Yes,No,72,Yes,Fiber optic,Two year,Credit card (automatic),84.8,6141.65,0,0.05973474239687689,0,LOW RISK,2026-08-30 13:02:06
5281-BUZGT,Male,1,No,No,36,Yes,Fiber optic,Month-to-month,Electronic check,90.85,3186.7,1,0.7051891694361768,1,HIGH RISK,2026-08-30 13:02:06
4994-OBRSZ,Male,0,No,Yes,14,Yes,DSL,Two year,Bank transfer (automatic),76.1,1054.8,0,0.047724087608564746,0,LOW RISK,2026-08-30 13:02:06
0562-FGDCR,Female,0,Yes,Yes,72,Yes,DSL,Two year,Mailed check,74.55,5430.65,0,0.017960857563235646,0,LOW RISK,2026-08-30 13:02:06
2436-QBZFP,Female,0,Yes,Yes,22,No,DSL,Month-to-month,Electronic check,39.2,849.9,0,0.491646834757974,0,MEDIUM RISK,2026-08-30 13:02:06
3420-YJLQT,Female,0,No,No,2,Yes,Fiber optic,Month-to-month,Electronic check,79.55,151.75,0,0.8431532674768112,1,HIGH RISK,2026-08-30 13:02:06
6040-CGACY,Female,0,No,No,15,Yes,No,Month-to-month,Mailed check,19.6,299.4,0,0.19790821570386755,0,LOW RISK,2026-08-30 13:02:06
6582-PLFUU,Male,0,Yes,Yes,51,Yes,No,Two year,Credit card (automatic),19.55,1086.75,0,0.02247164904712492,0,LOW RISK,2026-08-30 13:02:06
8242-PDSGJ,Male,0,Yes,No,70,No,DSL,Two year,Credit card (automatic),39.15,2692.75,0,0.036906440735179444,0,LOW RISK,2026-08-30 13:02:06
0264-CNITK,Female,0,Yes,Yes,71,Yes,No,Two year,Bank transfer (automatic),20.1,1389.6,0,0.009593048598913839,0,LOW RISK,2026-08-30 13:02:06
0089-IIQKO,Female,0,Yes,Yes,39,Yes,Fiber optic,Month-to-month,Credit card (automatic),99.95,3767.4,0,0.6147669406631024,1,MEDIUM RISK,2026-08-30 13:02:06
7839-NUIAA,Female,0,Yes,Yes,61,Yes,DSL,Month-to-month,Electronic check,59.8,3641.5,0,0.1880739725996287,0,LOW RISK,2026-08-30 13:02:06
6075-QMNRR,Female,0,No,No,52,Yes,DSL,Month-to-month,Bank transfer (automatic),49.75,2535.55,0,0.22611627179866325,0,LOW RISK,2026-08-30 13:02:06
5378-IKEEG,Female,0,No,No,1,No,DSL,Month-to-month,Electronic check,35.75,35.75,1,0.8568184526417824,1,HIGH RISK,2026-08-30 13:02:06
5966-EMAZU,Male,0,Yes,No,64,Yes,Fiber optic,One year,Mailed check,108.5,6880.85,0,0.3368166405666358,0,LOW RISK,2026-08-30 13:02:06
0440-EKDCF,Male,0,Yes,No,62,Yes,DSL,Two year,Credit card (automatic),60.15,3753.2,0,0.04631093999389469,0,LOW RISK,2026-08-30 13:02:06
4774-HHGGS,Male,0,Yes,No,30,Yes,No,Two year,Mailed check,19.05,637.55,0,0.03771456329725651,0,LOW RISK,2026-08-30 13:02:06
2718-GAXQD,Female,1,Yes,Yes,4,Yes,DSL,Month-to-month,Electronic check,46.0,181.6,1,0.6556100730860946,1,MEDIUM RISK,2026-08-30 13:02:06
2055-BFOCC,Male,1,Yes,No,63,Yes,DSL,One year,Bank transfer (automatic),84.0,5329.55,0,0.10708400504549644,0,LOW RISK,2026-08-30 13:02:06
8180-AKMJV,Female,0,No,No,1,Yes,DSL,Month-to-month,Credit card (automatic),44.55,44.55,0,0.6859278231162032,1,MEDIUM RISK,2026-08-30 13:02:06
4298-OYIFC,Male,0,Yes,No,15,Yes,Fiber optic,Month-to-month,Electronic check,103.45,1539.8,0,0.8506104521118878,1,HIGH RISK,2026-08-30 13:02:06
5566-SOEZD,Male,0,Yes,Yes,27,Yes,Fiber optic,One year,Credit card (automatic),80.65,2209.75,0,0.2697155600747757,0,LOW RISK,2026-08-30 13:02:06
9842-EFSYY,Female,0,No,Yes,4,No,DSL,Month-to-month,Mailed check,57.2,223.75,0,0.7318448845262433,1,HIGH RISK,2026-08-30 13:02:06
2272-WUSPA,Female,0,Yes,No,72,Yes,Fiber optic,Two year,Electronic check,110.75,7751.7,0,0.21244357603578282,0,LOW RISK,2026-08-30 13:02:06
4584-LBNMK,Male,1,Yes,No,45,Yes,No,One year,Credit card (automatic),24.7,1174.35,0,0.07098349093539084,0,LOW RISK,2026-08-30 13:02:06
3898-GUYTS,Female,1,No,No,45,Yes,Fiber optic,Month-to-month,Electronic check,97.05,4385.05,0,0.5529265004239742,1,MEDIUM RISK,2026-08-30 13:02:06
0930-EHUZA,Female,0,No,No,36,Yes,DSL,One year,Mailed check,76.35,2606.35,0,0.09425684373723472,0,LOW RISK,2026-08-30 13:02:06
6413-XKKPU,Male,0,Yes,Yes,17,Yes,Fiber optic,Month-to-month,Electronic check,89.4,1539.45,1,0.6752822889314549,1,MEDIUM RISK,2026-08-30 13:02:06
9975-SKRNR,Male,0,No,No,1,Yes,No,Month-to-month,Mailed check,18.9,18.9,0,0.4011513696609281,0,MEDIUM RISK,2026-08-30 13:02:06
3703-KBKZP,Male,1,No,No,16,Yes,Fiber optic,Month-to-month,Bank transfer (automatic),74.45,1261.35,0,0.7465664342996026,1,HIGH RISK,2026-08-30 13:02:06
1449-XQEMT,Male,0,No,No,3,Yes,No,Month-to-month,Mailed check,19.8,58.15,1,0.46232331355665685,0,MEDIUM RISK,2026-08-30 13:02:06
2626-URJFX,Male,0,Yes,Yes,4,Yes,DSL,Month-to-month,Electronic check,50.9,225.6,1,0.7654884890544932,1,HIGH RISK,2026-08-30 13:02:06
4973-MGTON,Female,0,Yes,No,71,Yes,DSL,Two year,Credit card (automatic),84.4,5969.3,0,0.03334899285775325,0,LOW RISK,2026-08-30 13:02:06
3682-YEUWS,Male,0,Yes,Yes,10,Yes,No,Month-to-month,Mailed check,24.4,253.9,0,0.4295471729318243,0,MEDIUM RISK,2026-08-30 13:02:06
1223-UNPKS,Male,0,Yes,Yes,20,Yes,No,Two year,Mailed check,20.05,400.0,0,0.03591266203182594,0,LOW RISK,2026-08-30 13:02:06
2612-RRIDN,Male,0,No,No,4,Yes,Fiber optic,Month-to-month,Electronic check,81.0,340.85,1,0.8913316109916332,1,HIGH RISK,2026-08-30 13:02:06
4735-ASGMA,Male,0,No,No,26,Yes,Fiber optic,Month-to-month,Electronic check,98.35,2515.3,1,0.8585553281966735,1,HIGH RISK,2026-08-30 13:02:06
3446-QDSZF,Female,0,No,No,4,Yes,DSL,Month-to-month,Credit card (automatic),55.5,227.35,0,0.646764348115844,1,MEDIUM RISK,2026-08-30 13:02:06
3669-LVWZB,Male,0,No,No,5,No,DSL,Month-to-month,Mailed check,51.0,305.95,1,0.8230658627347994,1,HIGH RISK,2026-08-30 13:02:06
6892-EZDTG,Female,0,Yes,No,4,Yes,Fiber optic,Month-to-month,Electronic check,91.65,365.4,1,0.9055544700380217,1,HIGH RISK,2026-08-30 13:02:06
5117-IFGPS,Male,1,Yes,No,29,Yes,Fiber optic,Month-to-month,Electronic check,84.3,2357.75,0,0.8240268544872106,1,HIGH RISK,2026-08-30 13:02:06
7379-FNIUJ,Male,0,No,No,2,Yes,Fiber optic,Month-to-month,Electronic check,100.2,198.5,0,0.8380004590107827,1,HIGH RISK,2026-08-30 13:02:06
1627-AFWVJ,Female,0,No,No,29,Yes,No,Two year,Mailed check,19.4,554.25,0,0.03628200397841046,0,LOW RISK,2026-08-30 13:02:06
9725-SCPZG,Male,0,No,Yes,1,Yes,Fiber optic,Month-to-month,Electronic check,90.85,90.85,1,0.9092571208191653,1,HIGH RISK,2026-08-30 13:02:06
5884-GCYMI,Male,0,No,No,1,Yes,Fiber optic,Month-to-month,Mailed check,69.4,69.4,1,0.7747467904948465,1,HIGH RISK,2026-08-30 13:02:06
3217-FZDMN,Female,1,No,No,8,Yes,Fiber optic,Month-to-month,Credit card (automatic),94.45,742.95,1,0.8897011967131118,1,HIGH RISK,2026-08-30 13:02:06
4486-EFAEB,Male,0,No,No,13,Yes,No,Month-to-month,Electronic check,20.4,251.65,0,0.3500877406449168,0,LOW RISK,2026-08-30 13:02:06
0060-FUALY,Female,0,Yes,No,59,Yes,Fiber optic,Month-to-month,Electronic check,94.75,5597.65,0,0.5823083805315834,1,MEDIUM RISK,2026-08-30 13:02:06
7853-GVUDZ,Female,0,Yes,Yes,1,Yes,No,Month-to-month,Credit card (automatic),20.15,20.15,1,0.4266497004943908,0,MEDIUM RISK,2026-08-30 13:02:06
7480-QNVZJ,Male,1,No,No,50,Yes,Fiber optic,Month-to-month,Electronic check,95.7,4816.7,1,0.8329825721944719,1,HIGH RISK,2026-08-30 13:02:06
6954-OOYZZ,Male,0,Yes,No,18,Yes,DSL,Month-to-month,Bank transfer (automatic),44.35,768.05,0,0.4423435256790158,0,MEDIUM RISK,2026-08-30 13:02:06
7088-FBAWU,Female,0,Yes,Yes,17,Yes,DSL,Month-to-month,Mailed check,74.55,1215.8,0,0.2834173120408424,0,LOW RISK,2026-08-30 13:02:06
8313-AFGBW,Male,0,Yes,No,47,Yes,DSL,Two year,Electronic check,73.6,3522.65,0,0.08961927422153823,0,LOW RISK,2026-08-30 13:02:06
3943-KDREE,Female,0,No,No,26,Yes,Fiber optic,Month-to-month,Bank transfer (automatic),74.95,1834.95,1,0.6646676509361507,1,MEDIUM RISK,2026-08-30 13:02:06
9239-ZBZZV,Female,0,No,No,6,No,DSL,Month-to-month,Electronic check,47.95,305.1,1,0.8798565947418945,1,HIGH RISK,2026-08-30 13:02:06
3097-IDVPU,Male,0,Yes,Yes,19,Yes,DSL,Month-to-month,Credit card (automatic),50.1,910.45,0,0.3767709432370111,0,LOW RISK,2026-08-30 13:02:06
4398-HSCJH,Female,0,No,No,3,Yes,DSL,Month-to-month,Electronic check,63.6,155.65,1,0.7954828411292422,1,HIGH RISK,2026-08-30 13:02:06
2197-OMWGI,Female,1,Yes,Yes,68,No,DSL,Two year,Electronic check,53.0,3656.25,0,0.15788180108384575,0,LOW RISK,2026-08-30 13:02:06
2303-PJYHN,Female,0,Yes,No,2,Yes,No,Month-to-month,Bank transfer (automatic),19.85,52.0,0,0.3840937258379109,0,LOW RISK,2026-08-30 13:02:06
9795-VOWON,Male,0,No,No,7,No,DSL,One year,Credit card (automatic),24.35,150.85,0,0.5480830260603207,1,MEDIUM RISK,2026-08-30 13:02:06
1237-WIYYZ,Female,0,No,No,18,Yes,No,Month-to-month,Mailed check,19.55,389.25,0,0.2382293531608359,0,LOW RISK,2026-08-30 13:02:06
1987-AUELQ,Female,0,Yes,No,71,Yes,No,Two year,Credit card (automatic),25.05,1873.7,0,0.016991479245287575,0,LOW RISK,2026-08-30 13:02:06
7852-LECYP,Male,1,Yes,No,13,Yes,Fiber optic,Month-to-month,Credit card (automatic),93.8,1261.0,0,0.6778926543683454,1,MEDIUM RISK,2026-08-30 13:02:06
4430-UZIPO,Male,0,No,No,3,No,DSL,Month-to-month,Mailed check,36.85,108.7,1,0.6586772370095313,1,MEDIUM RISK,2026-08-30 13:02:06
4822-LPTYJ,Male,0,Yes,No,72,Yes,Fiber optic,Two year,Bank transfer (automatic),103.75,7346.2,0,0.21588271204136134,0,LOW RISK,2026-08-30 13:02:06
8165-CBKXO,Male,0,Yes,Yes,66,No,DSL,Two year,Credit card (automatic),56.75,3708.4,0,0.1029356092817844,0,LOW RISK,2026-08-30 13:02:06
6527-PZFPV,Male,0,Yes,Yes,24,Yes,No,One year,Credit card (automatic),20.8,469.65,0,0.08755239968267196,0,LOW RISK,2026-08-30 13:02:06
4855-SNKMY,Female,0,No,No,1,Yes,DSL,Month-to-month,Electronic check,44.1,44.1,1,0.7604084057905148,1,HIGH RISK,2026-08-30 13:02:06
9593-CVZKR,Female,0,Yes,Yes,56,Yes,No,Two year,Mailed check,24.45,1385.85,0,0.034797478628287117,0,LOW RISK,2026-08-30 13:02:06
8595-SIZNC,Female,1,Yes,No,22,Yes,No,One year,Bank transfer (automatic),25.6,548.8,0,0.12134579236095727,0,LOW RISK,2026-08-30 13:02:06
8008-HAWED,Male,0,No,No,14,No,DSL,Month-to-month,Electronic check,50.75,712.75,1,0.7792210083532639,1,HIGH RISK,2026-08-30 13:02:06
7124-UGSUR,Female,1,Yes,No,61,Yes,Fiber optic,One year,Credit card (automatic),104.4,6405.0,1,0.5138381332528636,1,MEDIUM RISK,2026-08-30 13:02:06
1862-SKORY,Female,1,Yes,No,40,No,DSL,Month-to-month,Electronic check,39.3,1637.4,1,0.5529687029170245,1,MEDIUM RISK,2026-08-30 13:02:06
5236-XMZJY,Female,0,No,No,42,Yes,DSL,Month-to-month,Bank transfer (automatic),59.65,2536.55,0,0.14279891557143004,0,LOW RISK,2026-08-30 13:02:06
4827-DPADN,Female,0,Yes,Yes,72,Yes,DSL,Two year,Bank transfer (automatic),83.3,6042.7,0,0.039567432347015236,0,LOW RISK,2026-08-30 13:02:06
2694-CIUMO,Female,0,No,No,12,Yes,Fiber optic,Month-to-month,Credit card (automatic),79.55,958.25,0,0.7645047620265747,1,HIGH RISK,2026-08-30 13:02:06
5846-ABOBJ,Male,0,Yes,No,71,Yes,No,Two year,Bank transfer (automatic),24.45,1730.65,0,0.016884422380644446,0,LOW RISK,2026-08-30 13:02:06
1439-LCGVL,Female,0,Yes,No,26,Yes,No,One year,Mailed check,19.2,459.6,0,0.08794637575762605,0,LOW RISK,2026-08-30 13:02:06
0909-SDHNU,Female,0,No,Yes,7,No,DSL,Month-to-month,Mailed check,29.8,201.95,0,0.4995160207861398,0,MEDIUM RISK,2026-08-30 13:02:06
4647-XXZAM,Female,0,Yes,Yes,6,Yes,DSL,Month-to-month,Mailed check,45.5,285.2,0,0.5188159415270509,1,MEDIUM RISK,2026-08-30 13:02:06
1502-XFCVR,Female,0,No,No,58,Yes,Fiber optic,One year,Electronic check,106.45,6145.85,1,0.40500862303052526,0,MEDIUM RISK,2026-08-30 13:02:06
7740-KKCXF,Male,0,Yes,No,51,No,DSL,Month-to-month,Credit card (automatic),30.05,1529.45,0,0.3676780210562066,0,LOW RISK,2026-08-30 13:02:06
5360-XGYAZ,Male,0,Yes,Yes,72,No,DSL,Two year,Bank transfer (automatic),65.65,4664.5,0,0.03396872490234974,0,LOW RISK,2026-08-30 13:02:06
9692-TUSXH,Female,0,No,No,18,Yes,Fiber optic,Month-to-month,Electronic check,96.05,1740.7,1,0.7553216556103016,1,HIGH RISK,2026-08-30 13:02:06
7912-SYRQT,Female,0,No,No,7,Yes,Fiber optic,Month-to-month,Bank transfer (automatic),75.1,552.95,1,0.831738396511365,1,HIGH RISK,2026-08-30 13:02:06
3557-HTYWR,Female,0,No,No,47,Yes,DSL,Two year,Mailed check,74.05,3496.3,0,0.032255583505315176,0,LOW RISK,2026-08-30 13:02:06
4816-JBHOV,Male,1,No,No,2,Yes,DSL,Month-to-month,Electronic check,44.7,93.7,1,0.7861412037413145,1,HIGH RISK,2026-08-30 13:02:06
8920-NAVAY,Male,1,No,No,62,Yes,Fiber optic,One year,Bank transfer (automatic),110.75,7053.35,0,0.4277408698088372,0,MEDIUM RISK,2026-08-30 13:02:06
1699-TLDLZ,Female,0,Yes,Yes,16,Yes,No,Two year,Mailed check,19.7,301.55,0,0.0408241122445497,0,LOW RISK,2026-08-30 13:02:06
5600-PDUJF,Male,0,No,No,6,Yes,DSL,Month-to-month,Credit card (automatic),49.5,312.7,0,0.5852257776963187,1,MEDIUM RISK,2026-08-30 13:02:06
8292-TYSPY,Male,0,No,No,19,Yes,DSL,Month-to-month,Credit card (automatic),55.0,1046.5,1,0.3677662430009605,0,LOW RISK,2026-08-30 13:02:06
0567-XRHCU,Female,0,Yes,Yes,69,No,DSL,Two year,Credit card (automatic),43.95,2960.1,0,0.055244546142207904,0,LOW RISK,2026-08-30 13:02:06
1867-BDVFH,Male,0,Yes,Yes,11,Yes,Fiber optic,Month-to-month,Electronic check,74.35,834.2,1,0.8481457123083069,1,HIGH RISK,2026-08-30 13:02:06
2067-QYTCF,Female,0,Yes,No,64,Yes,Fiber optic,Month-to-month,Electronic check,111.15,6953.4,0,0.641698889871019,1,MEDIUM RISK,2026-08-30 13:02:06
2359-QWQUL,Female,0,Yes,No,39,Yes,Fiber optic,One year,Credit card (automatic),104.7,4134.85,1,0.33462823507862305,0,LOW RISK,2026-08-30 13:02:06
9103-TCIHJ,Female,0,No,No,15,Yes,DSL,Month-to-month,Mailed check,55.7,899.8,1,0.4525854495791809,0,MEDIUM RISK,2026-08-30 13:02:06
7407-SUJIZ,Male,0,No,No,25,Yes,No,Month-to-month,Mailed check,20.6,541.5,0,0.17141588460336893,0,LOW RISK,2026-08-30 13:02:06
9150-KPBJQ,Female,0,No,No,6,Yes,No,Two year,Credit card (automatic),19.65,116.85,0,0.10092514762968673,0,LOW RISK,2026-08-30 13:02:06
0052-DCKON,Male,0,Yes,No,66,Yes,Fiber optic,One year,Bank transfer (automatic),115.8,7942.15,0,0.22379484488522053,0,LOW RISK,2026-08-30 13:02:06
3654-ARMGP,Female,0,No,No,61,Yes,DSL,Two year,Credit card (automatic),88.65,5321.25,0,0.05803740339451482,0,LOW RISK,2026-08-30 13:02:06
9699-UBQFS,Female,1,Yes,No,43,Yes,Fiber optic,Month-to-month,Electronic check,94.5,4156.8,0,0.6371740140924727,1,MEDIUM RISK,2026-08-30 13:02:06
9367-TCUYN,Female,0,No,No,12,Yes,No,Month-to-month,Mailed check,20.1,223.6,0,0.29194510275016106,0,LOW RISK,2026-08-30 13:02:06
1261-FWTTE,Male,1,No,No,23,No,DSL,Month-to-month,Bank transfer (automatic),34.65,768.45,0,0.5933918972142159,1,MEDIUM RISK,2026-08-30 13:02:06
3528-HFRIQ,Male,1,Yes,No,71,No,DSL,Month-to-month,Bank transfer (automatic),52.3,3765.05,0,0.4011371522938006,0,MEDIUM RISK,2026-08-30 13:02:06
0708-SJDIS,Female,0,No,No,34,Yes,DSL,Month-to-month,Mailed check,65.0,2157.5,0,0.27226612330671524,0,LOW RISK,2026-08-30 13:02:06
4140-WJAWW,Female,0,No,No,5,Yes,No,Month-to-month,Credit card (automatic),19.85,108.05,1,0.3521528924872966,0,LOW RISK,2026-08-30 13:02:06
2073-QBVBI,Female,0,Yes,No,41,No,DSL,One year,Mailed check,35.45,1391.65,0,0.1136150522759669,0,LOW RISK,2026-08-30 13:02:06
6928-ONTRW,Female,0,Yes,Yes,72,Yes,No,Two year,Credit card (automatic),19.7,1379.8,0,0.009565259484671735,0,LOW RISK,2026-08-30 13:02:06
3320-VEOYC,Male,1,No,No,14,Yes,Fiber optic,Month-to-month,Electronic check,95.6,1273.3,0,0.8923262198896882,1,HIGH RISK,2026-08-30 13:02:06
5231-FIQPA,Female,0,No,No,41,Yes,No,Two year,Mailed check,19.85,810.45,0,0.032501719681629904,0,LOW RISK,2026-08-30 13:02:06
6617-WLBQC,Female,0,Yes,Yes,23,Yes,Fiber optic,One year,Credit card (automatic),81.85,1810.85,0,0.2617475913102748,0,LOW RISK,2026-08-30 13:02:06
2599-CIPQE,Male,0,Yes,Yes,71,Yes,Fiber optic,Two year,Credit card (automatic),109.3,7782.85,0,0.06203075806526452,0,LOW RISK,2026-08-30 13:02:06
6653-CBBOM,Female,0,No,No,1,Yes,Fiber optic,Month-to-month,Electronic check,70.3,70.3,1,0.8686514127615311,1,HIGH RISK,2026-08-30 13:02:06
8774-GSBUN,Male,0,Yes,No,72,Yes,No,Two year,Mailed check,25.4,1797.1,0,0.016730984460145707,0,LOW RISK,2026-08-30 13:02:06
7326-RIGQZ,Male,0,Yes,Yes,6,Yes,Fiber optic,Month-to-month,Electronic check,69.8,377.85,0,0.8233008464724831,1,HIGH RISK,2026-08-30 13:02:06
1401-FTHFQ,Male,0,Yes,Yes,23,Yes,No,One year,Credit card (automatic),20.0,445.3,0,0.09210233909285397,0,LOW RISK,2026-08-30 13:02:06
3247-ZVOUO,Male,1,Yes,No,10,Yes,Fiber optic,Month-to-month,Electronic check,85.55,851.75,1,0.8886003103134666,1,HIGH RISK,2026-08-30 13:02:06
0254-FNMCI,Female,0,No,No,72,Yes,Fiber optic,Two year,Electronic check,109.9,7624.2,0,0.12685244583063518,0,LOW RISK,2026-08-30 13:02:06
1848-LBZHY,Female,0,Yes,No,7,Yes,DSL,Month-to-month,Bank transfer (automatic),50.3,355.1,0,0.5440777738584116,1,MEDIUM RISK,2026-08-30 13:02:06
6101-IMRMM,Male,0,No,Yes,6,Yes,Fiber optic,Month-to-month,Mailed check,94.5,575.45,1,0.8136501410259771,1,HIGH RISK,2026-08-30 13:02:06
8118-TJAFG,Male,0,Yes,Yes,9,Yes,Fiber optic,Month-to-month,Electronic check,101.5,906.85,0,0.8387229880438829,1,HIGH RISK,2026-08-30 13:02:06
5429-LWCMV,Female,0,No,No,12,Yes,Fiber optic,Month-to-month,Electronic check,89.15,1057.55,0,0.8833739426126413,1,HIGH RISK,2026-08-30 13:02:06
7298-IZWLY,Female,0,No,No,1,Yes,No,Month-to-month,Mailed check,19.4,19.4,0,0.4775594293478097,0,MEDIUM RISK,2026-08-30 13:02:06
9758-MFWGD,Female,1,Yes,Yes,48,No,DSL,One year,Bank transfer (automatic),29.9,1388.75,0,0.10583521510399026,0,LOW RISK,2026-08-30 13:02:06
3955-JBZZM,Male,0,No,No,20,Yes,Fiber optic,Month-to-month,Electronic check,78.8,1641.3,0,0.6956044798495371,1,MEDIUM RISK,2026-08-30 13:02:06
1268-ASBGA,Female,1,Yes,No,16,Yes,Fiber optic,Month-to-month,Credit card (automatic),85.35,1375.15,1,0.8041684688334984,1,HIGH RISK,2026-08-30 13:02:06
8943-URTMR,Female,0,No,No,2,Yes,Fiber optic,Month-to-month,Mailed check,79.65,152.7,1,0.8577300520985951,1,HIGH RISK,2026-08-30 13:02:06
4815-TUMEQ,Female,0,No,No,10,Yes,No,One year,Mailed check,19.3,185.2,0,0.23361617339096344,0,LOW RISK,2026-08-30 13:02:06
4713-LZDRV,Female,1,No,No,2,Yes,Fiber optic,Month-to-month,Electronic check,79.6,195.05,1,0.9175771188746097,1,HIGH RISK,2026-08-30 13:02:06
9909-IDLEK,Male,0,Yes,Yes,20,Yes,Fiber optic,Month-to-month,Mailed check,96.8,1826.7,0,0.5279213469316366,1,MEDIUM RISK,2026-08-30 13:02:06
4092-OFQZS,Male,0,Yes,No,20,Yes,No,One year,Mailed check,20.65,417.5,0,0.09137677121266681,0,LOW RISK,2026-08-30 13:02:06
1561-BWHIN,Male,0,Yes,Yes,19,Yes,No,One year,Mailed check,19.8,344.5,0,0.0784799030047033,0,LOW RISK,2026-08-30 13:02:06
4325-NFSKC,Male,1,No,No,19,Yes,Fiber optic,Month-to-month,Electronic check,90.6,1660.0,1,0.7775545464365672,1,HIGH RISK,2026-08-30 13:02:06
9927-DSWDF,Male,0,Yes,No,22,Yes,Fiber optic,Month-to-month,Electronic check,104.6,2180.55,0,0.654801220700101,1,MEDIUM RISK,2026-08-30 13:02:06
9500-LTVBP,Female,0,No,No,35,Yes,Fiber optic,Month-to-month,Credit card (automatic),80.05,2835.9,0,0.45311953078589406,0,MEDIUM RISK,2026-08-30 13:02:06
7252-NTGSS,Female,0,No,No,1,Yes,DSL,Month-to-month,Mailed check,45.15,45.15,0,0.608156120579861,1,MEDIUM RISK,2026-08-30 13:02:06
8149-AIQCG,Male,0,No,No,39,Yes,Fiber optic,Month-to-month,Credit card (automatic),73.15,2730.85,0,0.5801945667079372,1,MEDIUM RISK,2026-08-30 13:02:06
1360-JYXKQ,Female,1,Yes,No,54,Yes,Fiber optic,One year,Electronic check,99.1,5437.1,0,0.5495266282381425,1,MEDIUM RISK,2026-08-30 13:02:06
2955-PSXOE,Female,0,No,No,1,Yes,No,Month-to-month,Bank transfer (automatic),20.2,20.2,1,0.46247275468470234,0,MEDIUM RISK,2026-08-30 13:02:06
7762-URZQH,Male,0,Yes,No,66,Yes,Fiber optic,Two year,Credit card (automatic),106.05,6981.35,1,0.21139874914931425,0,LOW RISK,2026-08-30 13:02:06
0899-WZRSD,Male,0,No,No,56,Yes,Fiber optic,Month-to-month,Mailed check,105.35,5794.45,0,0.5613102921682541,1,MEDIUM RISK,2026-08-30 13:02:06
3255-GRXMG,Male,0,No,Yes,18,Yes,DSL,Month-to-month,Credit card (automatic),45.65,747.2,0,0.38210029315687316,0,LOW RISK,2026-08-30 13:02:06
4828-FAZPK,Female,0,Yes,Yes,16,Yes,Fiber optic,Month-to-month,Credit card (automatic),79.95,1267.95,0,0.6434991978072914,1,MEDIUM RISK,2026-08-30 13:02:06
6094-ZIVKX,Female,0,No,No,68,Yes,DSL,One year,Credit card (automatic),54.45,3674.95,0,0.07677071952545253,0,LOW RISK,2026-08-30 13:02:06
6925-BAYGL,Female,1,Yes,No,53,Yes,No,Two year,Credit card (automatic),25.1,1275.6,0,0.03868950171256709,0,LOW RISK,2026-08-30 13:02:06
3262-EIDHV,Female,0,Yes,Yes,72,Yes,DSL,Two year,Credit card (automatic),84.7,5893.9,0,0.027903241290638987,0,LOW RISK,2026-08-30 13:02:06
7354-OIJLX,Male,0,No,No,9,Yes,Fiber optic,Month-to-month,Electronic check,75.85,724.65,0,0.8760189601209776,1,HIGH RISK,2026-08-30 13:02:06
1376-HHBDV,Female,0,No,No,30,Yes,DSL,Month-to-month,Mailed check,48.8,1536.75,0,0.3033042311742371,0,LOW RISK,2026-08-30 13:02:06
6907-NZZIJ,Female,0,No,No,36,Yes,Fiber optic,Month-to-month,Electronic check,99.15,3615.6,1,0.7875657478612059,1,HIGH RISK,2026-08-30 13:02:06
6133-OZILE,Female,0,No,No,18,No,DSL,Month-to-month,Electronic check,35.2,607.3,0,0.5397263239861717,1,MEDIUM RISK,2026-08-30 13:02:06
4135-FRWKJ,Female,1,Yes,Yes,55,Yes,DSL,One year,Electronic check,76.25,4154.55,0,0.12131906660576501,0,LOW RISK,2026-08-30 13:02:06
2911-UREFD,Female,0,Yes,No,39,No,DSL,Month-to-month,Electronic check,55.9,2184.35,1,0.456524030601986,0,MEDIUM RISK,2026-08-30 13:02:06
3744-ZRRDZ,Male,0,No,No,21,Yes,Fiber optic,Month-to-month,Electronic check,82.35,1852.85,1,0.7248975976598251,1,HIGH RISK,2026-08-30 13:02:06
5673-TIYIB,Male,0,No,No,2,No,DSL,Month-to-month,Credit card (automatic),40.4,77.15,1,0.6712209308452849,1,MEDIUM RISK,2026-08-30 13:02:06
6551-ZCOTS,Male,1,No,No,33,Yes,No,One year,Bank transfer (automatic),24.9,847.8,0,0.13811687318886937,0,LOW RISK,2026-08-30 13:02:06
7191-ADRGF,Male,0,Yes,No,44,No,DSL,Two year,Bank transfer (automatic),54.3,2390.45,0,0.1194232007544938,0,LOW RISK,2026-08-30 13:02:06
5018-LXQQG,Female,0,Yes,Yes,30,Yes,DSL,Month-to-month,Bank transfer (automatic),66.3,1923.5,0,0.14997575293658308,0,LOW RISK,2026-08-30 13:02:06
6892-BOGQE,Female,0,Yes,No,71,Yes,No,Two year,Bank transfer (automatic),20.9,1493.2,0,0.01652427921148702,0,LOW RISK,2026-08-30 13:02:06
1602-IJQQE,Female,0,No,No,4,Yes,Fiber optic,Month-to-month,Electronic check,75.35,338.1,1,0.85463014063259,1,HIGH RISK,2026-08-30 13:02:06
4628-WQCQQ,Male,0,No,Yes,35,Yes,Fiber optic,One year,Electronic check,85.15,3030.6,1,0.4731321824072546,0,MEDIUM RISK,2026-08-30 13:02:06
1746-TGTWV,Male,0,Yes,No,1,Yes,Fiber optic,Month-to-month,Credit card (automatic),75.35,75.35,0,0.777042567154994,1,HIGH RISK,2026-08-30 13:02:06
5995-SNNEW,Male,1,Yes,No,23,Yes,Fiber optic,Month-to-month,Electronic check,104.45,2184.85,0,0.8484375697456352,1,HIGH RISK,2026-08-30 13:02:06
8050-WYBND,Female,0,No,Yes,22,No,DSL,One year,Credit card (automatic),49.45,1031.4,0,0.4069989698427213,0,MEDIUM RISK,2026-08-30 13:02:06
2821-WARNZ,Female,0,No,Yes,49,Yes,No,One year,Credit card (automatic),19.45,921.3,0,0.04843508046193815,0,LOW RISK,2026-08-30 13:02:06
4879-GZLFH,Female,0,Yes,Yes,42,Yes,Fiber optic,Month-to-month,Electronic check,92.15,3875.4,0,0.6846906611637893,1,MEDIUM RISK,2026-08-30 13:02:06
1644-IRKSF,Female,0,Yes,Yes,33,Yes,Fiber optic,One year,Electronic check,93.8,3124.5,1,0.5807724958038608,1,MEDIUM RISK,2026-08-30 13:02:06
8314-HTWVE,Female,0,Yes,Yes,7,Yes,No,Two year,Mailed check,19.85,144.15,0,0.08412885740629893,0,LOW RISK,2026-08-30 13:02:06
9402-ROUMJ,Female,0,Yes,Yes,67,Yes,Fiber optic,One year,Bank transfer (automatic),100.25,6689.0,0,0.19535398171204665,0,LOW RISK,2026-08-30 13:02:06
2507-QZPQS,Male,0,No,No,15,Yes,Fiber optic,Month-to-month,Electronic check,95.7,1451.1,0,0.7080412145198174,1,HIGH RISK,2026-08-30 13:02:06
7159-NOKYQ,Male,0,Yes,No,67,Yes,Fiber optic,Two year,Electronic check,93.15,6368.2,0,0.2659595552022428,0,LOW RISK,2026-08-30 13:02:06
5707-ZMDJP,Male,0,Yes,Yes,53,Yes,DSL,Two year,Mailed check,69.7,3729.6,0,0.03684995331229192,0,LOW RISK,2026-08-30 13:02:06
8779-YIQQA,Male,0,Yes,Yes,21,Yes,No,One year,Mailed check,19.8,350.1,0,0.07251839458603115,0,LOW RISK,2026-08-30 13:02:06
7136-IHZJA,Female,0,Yes,Yes,40,Yes,DSL,Month-to-month,Mailed check,71.35,2847.2,0,0.14210939149792912,0,LOW RISK,2026-08-30 13:02:06
8966-OIQHG,Female,0,Yes,Yes,22,Yes,No,One year,Bank transfer (automatic),20.75,452.35,0,0.06522891464269268,0,LOW RISK,2026-08-30 13:02:06
7074-STDCN,Male,0,No,No,39,No,DSL,Month-to-month,Electronic check,40.6,1494.5,0,0.4758549614588337,0,MEDIUM RISK,2026-08-30 13:02:06
3705-PSNGL,Male,0,No,No,45,Yes,No,One year,Electronic check,20.4,930.45,1,0.08395812673727442,0,LOW RISK,2026-08-30 13:02:06
8739-QOTTN,Female,0,Yes,No,2,Yes,No,Month-to-month,Mailed check,20.35,41.85,0,0.3880424763446475,0,LOW RISK,2026-08-30 13:02:06
1399-OUPJN,Female,0,Yes,Yes,57,Yes,No,Two year,Bank transfer (automatic),19.75,1272.05,0,0.016923839811318307,0,LOW RISK,2026-08-30 13:02:06
0277-BKSQP,Male,0,Yes,Yes,8,Yes,DSL,Month-to-month,Electronic check,54.4,475.1,0,0.7410001965917199,1,HIGH RISK,2026-08-30 13:02:06
6502-HCJTI,Male,1,Yes,No,7,Yes,Fiber optic,Month-to-month,Credit card (automatic),94.7,673.1,1,0.8441505205672357,1,HIGH RISK,2026-08-30 13:02:06
2606-RMDHZ,Male,0,No,No,6,No,DSL,Month-to-month,Credit card (automatic),30.5,208.7,1,0.70157791876356,1,HIGH RISK,2026-08-30 13:02:06
5774-XZTQC,Female,0,Yes,Yes,7,Yes,No,Month-to-month,Mailed check,20.45,150.75,0,0.29681606287061546,0,LOW RISK,2026-08-30 13:02:06
2676-SSLTO,Male,0,No,No,49,Yes,DSL,Two year,Bank transfer (automatic),66.15,3199.0,0,0.09720546702595294,0,LOW RISK,2026-08-30 13:02:06
6266-QHOJZ,Female,0,No,No,65,Yes,Fiber optic,One year,Electronic check,89.85,5844.65,0,0.22168053925962086,0,LOW RISK,2026-08-30 13:02:06
7269-JISCY,Female,0,No,No,55,Yes,DSL,One year,Bank transfer (automatic),45.05,2462.6,0,0.11140925606208245,0,LOW RISK,2026-08-30 13:02:06
0363-SVHYR,Male,0,Yes,Yes,71,Yes,DSL,Two year,Bank transfer (automatic),86.85,6263.8,0,0.027733661261364766,0,LOW RISK,2026-08-30 13:02:06
8547-NSBBO,Male,0,No,No,35,Yes,Fiber optic,Month-to-month,Mailed check,96.75,3403.4,0,0.4275215426179178,0,MEDIUM RISK,2026-08-30 13:02:06
8258-GSTJK,Male,1,No,No,3,Yes,Fiber optic,Month-to-month,Electronic check,77.0,237.75,1,0.9076716637797315,1,HIGH RISK,2026-08-30 13:02:06
6861-OKBCE,Female,0,No,Yes,11,Yes,No,Month-to-month,Credit card (automatic),20.1,221.35,1,0.2559212245748267,0,LOW RISK,2026-08-30 13:02:06
9940-RHLFB,Female,0,No,No,1,Yes,Fiber optic,Month-to-month,Electronic check,75.3,75.3,1,0.8255230922710795,1,HIGH RISK,2026-08-30 13:02:06
6591-QGOYB,Male,0,No,No,17,Yes,Fiber optic,Month-to-month,Bank transfer (automatic),106.65,1672.1,0,0.5825290137202495,1,MEDIUM RISK,2026-08-30 13:02:06
9070-BCKQP,Female,0,Yes,No,72,Yes,Fiber optic,Two year,Credit card (automatic),110.15,7881.2,0,0.14106906471108888,0,LOW RISK,2026-08-30 13:02:06
6421-SZVEM,Female,0,Yes,Yes,28,Yes,Fiber optic,One year,Bank transfer (automatic),82.85,2320.8,0,0.355645311254107,0,LOW RISK,2026-08-30 13:02:06
1328-EUZHC,Female,0,Yes,No,18,Yes,No,Two year,Mailed check,20.1,370.5,0,0.046316478022060875,0,LOW RISK,2026-08-30 13:02:06
2995-UPRYS,Female,1,Yes,No,40,Yes,Fiber optic,One year,Credit card (automatic),99.2,4062.2,1,0.4192895689808365,0,MEDIUM RISK,2026-08-30 13:02:06
8878-RYUKI,Female,0,No,No,52,Yes,DSL,Month-to-month,Electronic check,59.45,3043.7,0,0.479643292589841,0,MEDIUM RISK,2026-08-30 13:02:06
9633-DENPU,Female,0,Yes,No,47,Yes,DSL,Month-to-month,Bank transfer (automatic),58.6,2723.4,0,0.28608544595739116,0,LOW RISK,2026-08-30 13:02:06
7811-JIVPF,Female,0,No,No,23,Yes,DSL,Month-to-month,Credit card (automatic),49.7,1081.25,0,0.31190351106699127,0,LOW RISK,2026-08-30 13:02:06
7113-HIPFI,Male,0,Yes,Yes,66,Yes,DSL,Two year,Mailed check,65.85,4097.05,0,0.011748475752248222,0,LOW RISK,2026-08-30 13:02:06
8541-QVFKM,Female,0,No,No,8,Yes,Fiber optic,Month-to-month,Electronic check,73.5,632.2,0,0.8800834506195435,1,HIGH RISK,2026-08-30 13:02:06
6686-YPGHK,Male,1,No,No,47,Yes,Fiber optic,Month-to-month,Mailed check,85.5,4042.3,1,0.3812962689308648,0,LOW RISK,2026-08-30 13:02:06
1383-EZRWL,Female,0,No,No,7,Yes,No,Month-to-month,Mailed check,20.05,164.85,1,0.3386702288049717,0,LOW RISK,2026-08-30 13:02:06
9258-CNWAC,Female,0,Yes,Yes,71,Yes,Fiber optic,Two year,Credit card (automatic),113.65,8166.8,0,0.08298862019634742,0,LOW RISK,2026-08-30 13:02:06
5371-VYLSX,Female,1,No,No,50,Yes,Fiber optic,Month-to-month,Electronic check,83.4,4113.7,0,0.6148446878993278,1,MEDIUM RISK,2026-08-30 13:02:06
6374-AFWOX,Male,0,Yes,No,46,Yes,DSL,Two year,Mailed check,65.65,3047.15,0,0.01867309807509913,0,LOW RISK,2026-08-30 13:02:06
4759-TRPLW,Male,0,No,No,1,Yes,Fiber optic,Month-to-month,Electronic check,70.4,70.4,1,0.8274011499519929,1,HIGH RISK,2026-08-30 13:02:06
5317-FLPJF,Female,0,No,No,66,No,DSL,Two year,Bank transfer (automatic),61.35,4193.4,0,0.07377847189511348,0,LOW RISK,2026-08-30 13:02:06
7621-VPNET,Female,0,Yes,No,42,Yes,Fiber optic,Month-to-month,Credit card (automatic),85.9,3729.75,0,0.490424435253569,0,MEDIUM RISK,2026-08-30 13:02:06
6034-YMTOB,Female,0,No,No,5,Yes,Fiber optic,Month-to-month,Mailed check,75.65,399.45,0,0.7536134104942659,1,HIGH RISK,2026-08-30 13:02:06
8563-IIOXK,Male,0,Yes,Yes,7,Yes,DSL,One year,Electronic check,49.75,331.3,1,0.41162845455406316,0,MEDIUM RISK,2026-08-30 13:02:06
4903-CNOZC,Male,0,No,No,29,Yes,DSL,One year,Credit card (automatic),70.9,1964.6,0,0.20489444903051376,0,LOW RISK,2026-08-30 13:02:06
4353-HYOJD,Female,0,Yes,Yes,27,Yes,DSL,Month-to-month,Mailed check,49.85,1336.15,0,0.2628622083719901,0,LOW RISK,2026-08-30 13:02:06
8020-BWHYL,Female,1,No,No,15,Yes,Fiber optic,Month-to-month,Credit card (automatic),75.3,1147.45,1,0.6592466177152737,1,MEDIUM RISK,2026-08-30 13:02:06
7267-FRMJW,Female,0,Yes,Yes,25,Yes,No,Two year,Mailed check,20.1,486.05,0,0.03513557644722759,0,LOW RISK,2026-08-30 13:02:06
2982-VPSGI,Female,0,Yes,No,11,Yes,Fiber optic,Month-to-month,Electronic check,94.0,1078.9,1,0.9271767140768179,1,HIGH RISK,2026-08-30 13:02:06
4188-FRABG,Male,0,Yes,No,57,Yes,Fiber optic,Month-to-month,Electronic check,103.05,5925.75,0,0.5536273836461568,1,MEDIUM RISK,2026-08-30 13:02:06
8199-ZLLSA,Male,0,No,No,67,Yes,Fiber optic,One year,Bank transfer (automatic),118.35,7804.15,1,0.259347738065291,0,LOW RISK,2026-08-30 13:02:06
4128-ETESU,Female,1,Yes,No,47,Yes,Fiber optic,Month-to-month,Electronic check,99.7,4747.2,0,0.7129044608993382,1,HIGH RISK,2026-08-30 13:02:06
0620-DLSLK,Female,0,No,No,13,Yes,Fiber optic,Month-to-month,Mailed check,81.9,1028.9,0,0.7245080077673538,1,HIGH RISK,2026-08-30 13:02:06
4625-EWPTF,Male,0,No,No,8,No,DSL,Month-to-month,Electronic check,30.45,226.45,1,0.7061455538061723,1,HIGH RISK,2026-08-30 13:02:06
5980-NOPLP,Female,0,Yes,No,44,Yes,Fiber optic,Month-to-month,Electronic check,96.1,4364.1,1,0.7619744448788084,1,HIGH RISK,2026-08-30 13:02:06
3850-OKINF,Male,0,Yes,Yes,71,Yes,DSL,One year,Electronic check,66.2,4692.55,0,0.10845873508862892,0,LOW RISK,2026-08-30 13:02:06
6892-XPFPU,Male,1,Yes,No,24,Yes,Fiber optic,Month-to-month,Electronic check,104.25,2433.9,1,0.8484817589432545,1,HIGH RISK,2026-08-30 13:02:06
8010-EZLOU,Male,1,No,No,15,Yes,Fiber optic,Month-to-month,Electronic check,80.2,1217.25,1,0.7956786501114308,1,HIGH RISK,2026-08-30 13:02:06
1156-ZFYDO,Female,0,No,No,1,Yes,No,Month-to-month,Electronic check,19.75,19.75,0,0.4770120812394069,0,MEDIUM RISK,2026-08-30 13:02:06
3295-YVUSR,Male,1,No,No,2,Yes,Fiber optic,Month-to-month,Mailed check,72.6,154.3,0,0.8869028957146465,1,HIGH RISK,2026-08-30 13:02:06
8016-NCFVO,Male,1,No,No,55,Yes,Fiber optic,Month-to-month,Electronic check,116.5,6382.55,0,0.6674644468302257,1,MEDIUM RISK,2026-08-30 13:02:06
4119-ZYPZY,Male,1,No,No,71,Yes,Fiber optic,Two year,Electronic check,106.8,7623.2,0,0.25810529659438436,0,LOW RISK,2026-08-30 13:02:06
5549-ZGHFB,Male,0,Yes,Yes,50,Yes,No,Two year,Mailed check,24.95,1261.45,0,0.03177056552368632,0,LOW RISK,2026-08-30 13:02:06
7577-SWIFR,Male,0,No,No,1,Yes,Fiber optic,Month-to-month,Electronic check,89.25,89.25,0,0.9272438000332679,1,HIGH RISK,2026-08-30 13:02:06
0303-WMMRN,Male,0,No,No,5,Yes,No,Month-to-month,Mailed check,19.25,86.05,0,0.4437992861971169,0,MEDIUM RISK,2026-08-30 13:02:06
6408-OTUBZ,Female,0,No,No,66,Yes,Fiber optic,One year,Bank transfer (automatic),104.55,6779.05,0,0.20778775414707087,0,LOW RISK,2026-08-30 13:02:06
5204-HMGYF,Female,0,Yes,Yes,49,Yes,DSL,One year,Mailed check,87.2,4345.0,0,0.11720826679754073,0,LOW RISK,2026-08-30 13:02:06
1078-TDCRN,Female,1,Yes,No,3,No,DSL,Month-to-month,Electronic check,30.75,82.85,0,0.8136755161236291,1,HIGH RISK,2026-08-30 13:02:06
3727-OVPRY,Male,0,Yes,Yes,66,Yes,No,One year,Credit card (automatic),25.7,1714.55,0,0.050729049678660494,0,LOW RISK,2026-08-30 13:02:06
3797-FKOGQ,Male,0,No,Yes,11,Yes,Fiber optic,Month-to-month,Electronic check,86.2,893.2,0,0.8323622666015255,1,HIGH RISK,2026-08-30 13:02:06
7622-NXQZR,Male,0,No,No,28,No,DSL,Month-to-month,Credit card (automatic),30.1,810.85,0,0.4110331814182931,0,MEDIUM RISK,2026-08-30 13:02:06
6196-HBOBZ,Male,0,Yes,No,65,Yes,Fiber optic,Two year,Electronic check,99.35,6347.55,0,0.2034273487874681,0,LOW RISK,2026-08-30 13:02:06
3970-XGJDU,Female,0,No,No,62,Yes,No,Two year,Credit card (automatic),19.2,1123.65,0,0.023635981536252664,0,LOW RISK,2026-08-30 13:02:06
7017-VFULY,Female,0,Yes,No,2,Yes,No,Month-to-month,Bank transfer (automatic),20.1,43.15,0,0.37901119620580165,0,LOW RISK,2026-08-30 13:02:06
5562-YJQGT,Female,0,No,No,2,Yes,No,Month-to-month,Credit card (automatic),20.35,35.1,0,0.37334606333885517,0,LOW RISK,2026-08-30 13:02:06
8807-OPMBM,Female,0,Yes,Yes,55,Yes,No,Two year,Credit card (automatic),25.65,1388.0,0,0.03481884833114034,0,LOW RISK,2026-08-30 13:02:06
5439-WIKXB,Male,1,Yes,No,41,Yes,Fiber optic,Month-to-month,Electronic check,94.55,3851.45,0,0.736366179292926,1,HIGH RISK,2026-08-30 13:02:06
9874-QLCLH,Female,0,Yes,Yes,17,Yes,Fiber optic,Month-to-month,Electronic check,104.2,1743.5,1,0.7909482607655112,1,HIGH RISK,2026-08-30 13:02:06
8294-UIMBA,Female,0,No,No,30,Yes,Fiber optic,One year,Bank transfer (automatic),94.4,2638.1,0,0.4616619204254087,0,MEDIUM RISK,2026-08-30 13:02:06
8109-YUOHE,Male,0,No,No,17,Yes,DSL,One year,Mailed check,56.1,946.95,0,0.1433266641825644,0,LOW RISK,2026-08-30 13:02:06
5840-NVDCG,Female,0,Yes,Yes,16,Yes,DSL,Two year,Bank transfer (automatic),68.25,1114.85,0,0.046829249963858136,0,LOW RISK,2026-08-30 13:02:06
8092-NLTGF,Male,0,No,No,72,Yes,No,Two year,Bank transfer (automatic),24.75,1777.6,0,0.01563954957831808,0,LOW RISK,2026-08-30 13:02:06
5928-QLDHB,Male,0,No,No,9,Yes,Fiber optic,Month-to-month,Electronic check,76.25,684.85,0,0.8731127990222063,1,HIGH RISK,2026-08-30 13:02:06
9840-EFJQB,Female,0,No,No,1,Yes,Fiber optic,Month-to-month,Electronic check,74.35,74.35,0,0.807125366488126,1,HIGH RISK,2026-08-30 13:02:06
0696-UKTOX,Male,0,No,Yes,23,Yes,DSL,Month-to-month,Electronic check,54.15,1312.45,0,0.2699551076782933,0,LOW RISK,2026-08-30 13:02:06
4801-KFYKL,Male,0,No,Yes,8,Yes,No,Month-to-month,Bank transfer (automatic),19.45,159.2,0,0.2807080738000411,0,LOW RISK,2026-08-30 13:02:06
3472-OAOOR,Male,0,Yes,Yes,19,No,DSL,Month-to-month,Mailed check,34.95,610.2,0,0.35268990109938997,0,LOW RISK,2026-08-30 13:02:06
6135-OZQVA,Female,0,No,No,7,Yes,DSL,Month-to-month,Electronic check,53.65,404.35,0,0.7083183720999039,1,HIGH RISK,2026-08-30 13:02:06
8062-YBDOE,Male,1,No,No,1,Yes,Fiber optic,Month-to-month,Electronic check,69.65,69.65,1,0.8898071397238709,1,HIGH RISK,2026-08-30 13:02:06
2252-JHJGE,Male,0,No,No,61,Yes,Fiber optic,One year,Electronic check,104.0,6363.45,0,0.41733902765377223,0,MEDIUM RISK,2026-08-30 13:02:06
4188-PCPIG,Female,0,Yes,No,57,Yes,DSL,Two year,Credit card (automatic),70.35,4124.65,0,0.037683459305440294,0,LOW RISK,2026-08-30 13:02:06
6000-APYLU,Male,0,No,No,9,Yes,Fiber optic,Month-to-month,Electronic check,80.8,713.1,1,0.8751095131880269,1,HIGH RISK,2026-08-30 13:02:06
7105-BENQF,Male,0,No,Yes,15,Yes,DSL,One year,Mailed check,64.85,950.75,0,0.145936403195535,0,LOW RISK,2026-08-30 13:02:06
7721-DVEKZ,Female,0,No,No,1,Yes,No,Month-to-month,Mailed check,19.65,19.65,0,0.39164439979318566,0,LOW RISK,2026-08-30 13:02:06
3566-VVORZ,Female,0,Yes,No,12,Yes,DSL,Month-to-month,Bank transfer (automatic),45.9,505.95,0,0.4958233195589939,0,MEDIUM RISK,2026-08-30 13:02:06
9507-HSMMZ,Male,0,No,No,54,Yes,No,Two year,Mailed check,20.0,1149.65,0,0.023938326965060003,0,LOW RISK,2026-08-30 13:02:06
2480-SQIOB,Male,0,Yes,Yes,4,Yes,DSL,Month-to-month,Electronic check,44.8,169.65,0,0.6278612925974355,1,MEDIUM RISK,2026-08-30 13:02:06
0947-IDHRQ,Female,0,No,No,7,Yes,Fiber optic,Month-to-month,Mailed check,80.3,526.7,1,0.8316655595088879,1,HIGH RISK,2026-08-30 13:02:06
7813-TKCVO,Female,0,Yes,No,20,Yes,No,One year,Mailed check,20.35,393.15,0,0.08930761236855482,0,LOW RISK,2026-08-30 13:02:06
0128-MKWSG,Female,0,No,Yes,26,No,DSL,Month-to-month,Mailed check,45.8,1147.0,0,0.2893649230250218,0,LOW RISK,2026-08-30 13:02:06
3672-YITQD,Male,1,Yes,No,36,Yes,Fiber optic,Month-to-month,Electronic check,84.1,3021.6,1,0.7911783150229618,1,HIGH RISK,2026-08-30 13:02:06
4350-ZTLPI,Female,0,Yes,No,53,Yes,Fiber optic,One year,Bank transfer (automatic),108.95,5718.2,0,0.4660072364909106,0,MEDIUM RISK,2026-08-30 13:02:06
9048-JVYVF,Male,0,No,No,3,Yes,DSL,Month-to-month,Electronic check,69.35,191.35,1,0.7472058314204786,1,HIGH RISK,2026-08-30 13:02:06
0361-HJRDX,Female,0,No,No,68,No,DSL,Two year,Credit card (automatic),64.35,4539.6,0,0.04747282688307702,0,LOW RISK,2026-08-30 13:02:06
5727-MYATE,Male,0,Yes,Yes,72,Yes,DSL,Two year,Credit card (automatic),90.8,6397.6,0,0.03567109437393551,0,LOW RISK,2026-08-30 13:02:06
3823-KYNQY,Male,0,No,No,12,Yes,No,One year,Credit card (automatic),24.95,280.4,0,0.21243747018328257,0,LOW RISK,2026-08-30 13:02:06
8988-ECPJR,Female,1,Yes,Yes,34,Yes,Fiber optic,Month-to-month,Mailed check,79.6,2718.3,1,0.5879235495315176,1,MEDIUM RISK,2026-08-30 13:02:06
7570-WELNY,Female,0,Yes,No,68,Yes,Fiber optic,Two year,Bank transfer (automatic),84.7,5711.05,0,0.09533431410341003,0,LOW RISK,2026-08-30 13:02:06
3021-VLNRJ,Female,0,No,Yes,50,Yes,DSL,One year,Credit card (automatic),70.8,3478.15,0,0.08880512168488534,0,LOW RISK,2026-08-30 13:02:06
3776-EKTKM,Female,1,No,No,1,No,DSL,Month-to-month,Electronic check,36.45,36.45,1,0.874147954094284,1,HIGH RISK,2026-08-30 13:02:06
2080-CAZNM,Female,1,No,No,41,Yes,Fiber optic,Month-to-month,Electronic check,104.4,4133.95,0,0.783838985636589,1,HIGH RISK,2026-08-30 13:02:06
1028-FFNJK,Male,1,Yes,No,30,Yes,Fiber optic,Month-to-month,Electronic check,101.5,2917.65,0,0.820085206577657,1,HIGH RISK,2026-08-30 13:02:06
6907-FLBER,Male,0,No,No,1,Yes,DSL,Month-to-month,Electronic check,54.3,54.3,0,0.7322006924952671,1,HIGH RISK,2026-08-30 13:02:06
3001-UNBTL,Male,1,Yes,Yes,29,Yes,Fiber optic,Month-to-month,Electronic check,103.95,2964.8,0,0.8333854635217516,1,HIGH RISK,2026-08-30 13:02:06
5982-PSMKW,Female,0,Yes,Yes,23,Yes,DSL,Two year,Credit card (automatic),91.1,2198.3,0,0.09167330007419158,0,LOW RISK,2026-08-30 13:02:06
3507-GASNP,Male,0,No,Yes,60,Yes,No,Two year,Mailed check,19.95,1189.9,0,0.015320886616051356,0,LOW RISK,2026-08-30 13:02:06
7096-ZNBZI,Female,0,Yes,No,72,Yes,No,Two year,Credit card (automatic),26.45,1914.5,0,0.015894453094280198,0,LOW RISK,2026-08-30 13:02:06
1902-XBTFB,Male,0,No,Yes,22,Yes,Fiber optic,Month-to-month,Electronic check,89.4,2001.5,1,0.6824479472129046,1,MEDIUM RISK,2026-08-30 13:02:06
1676-MQAOA,Male,0,No,No,72,Yes,DSL,Two year,Bank transfer (automatic),75.1,5336.35,0,0.021612644668282947,0,LOW RISK,2026-08-30 13:02:06
0786-IVLAW,Female,1,No,No,66,Yes,Fiber optic,One year,Bank transfer (automatic),108.1,7238.6,0,0.35986862105625084,0,LOW RISK,2026-08-30 13:02:06
7566-DSRLQ,Female,0,Yes,No,72,Yes,Fiber optic,Two year,Electronic check,110.15,7998.8,0,0.2339072871480573,0,LOW RISK,2026-08-30 13:02:06
0643-OKLRP,Female,1,Yes,No,47,Yes,Fiber optic,Month-to-month,Electronic check,80.35,3825.85,1,0.46361591424779014,0,MEDIUM RISK,2026-08-30 13:02:06
7245-JMTTQ,Female,0,No,No,51,Yes,Fiber optic,One year,Electronic check,111.5,5703.25,0,0.5654902335691073,1,MEDIUM RISK,2026-08-30 13:02:06
6050-IJRHS,Female,0,Yes,Yes,70,Yes,Fiber optic,One year,Electronic check,106.5,7397.0,0,0.4245921890042008,0,MEDIUM RISK,2026-08-30 13:02:06
6202-JVYEU,Male,0,No,No,9,Yes,No,One year,Electronic check,19.9,164.6,0,0.3129378952834306,0,LOW RISK,2026-08-30 13:02:06
8591-TKMZH,Male,0,Yes,Yes,59,Yes,Fiber optic,Two year,Mailed check,111.1,6555.2,0,0.15708753591729302,0,LOW RISK,2026-08-30 13:02:06
0734-OXWBT,Male,0,No,Yes,3,Yes,DSL,Month-to-month,Mailed check,70.7,225.65,0,0.5470955824902579,1,MEDIUM RISK,2026-08-30 13:02:06
4282-ACRXS,Male,1,Yes,No,38,No,DSL,Month-to-month,Electronic check,24.85,955.75,0,0.5257764194182134,1,MEDIUM RISK,2026-08-30 13:02:06
0365-TRTPY,Female,0,No,No,37,Yes,Fiber optic,Month-to-month,Bank transfer (automatic),91.2,3382.3,0,0.37836260556334234,0,LOW RISK,2026-08-30 13:02:06
7349-ALMUX,Male,0,No,No,37,Yes,DSL,Two year,Bank transfer (automatic),65.6,2313.8,0,0.022926994420586384,0,LOW RISK,2026-08-30 13:02:06
9381-NDKME,Female,1,Yes,No,24,No,DSL,Month-to-month,Credit card (automatic),40.65,933.3,1,0.5930957684200241,1,MEDIUM RISK,2026-08-30 13:02:06
6502-KUGLL,Female,0,Yes,Yes,14,Yes,DSL,Month-to-month,Bank transfer (automatic),59.45,780.85,0,0.19015105960767045,0,LOW RISK,2026-08-30 13:02:06
1841-YSJGV,Male,0,Yes,No,72,Yes,Fiber optic,Two year,Credit card (automatic),109.95,7852.4,0,0.1279660585443392,0,LOW RISK,2026-08-30 13:02:06
2794-XIMMO,Male,0,Yes,No,53,No,DSL,One year,Electronic check,60.45,3184.25,1,0.3626393446712003,0,LOW RISK,2026-08-30 13:02:06
8382-SHQEH,Female,0,Yes,No,8,Yes,Fiber optic,Month-to-month,Electronic check,84.9,764.95,1,0.9138477462613188,1,HIGH RISK,2026-08-30 13:02:06
3511-BFTJW,Male,0,Yes,Yes,72,No,DSL,Two year,Credit card (automatic),38.5,2763.0,0,0.0235454387048555,0,LOW RISK,2026-08-30 13:02:06
7668-XCFYV,Female,1,Yes,No,17,Yes,Fiber optic,Month-to-month,Electronic check,92.55,1614.7,0,0.8910774639747628,1,HIGH RISK,2026-08-30 13:02:06
2983-ZANRP,Female,0,Yes,Yes,2,Yes,Fiber optic,Month-to-month,Bank transfer (automatic),73.55,145.4,1,0.7649046941865341,1,HIGH RISK,2026-08-30 13:02:06
7845-URHJN,Female,0,Yes,No,8,Yes,No,Month-to-month,Bank transfer (automatic),20.15,156.25,1,0.3235141484413758,0,LOW RISK,2026-08-30 13:02:06
3034-ZBEQN,Female,0,Yes,No,48,No,DSL,One year,Mailed check,34.7,1604.5,1,0.11783541598493913,0,LOW RISK,2026-08-30 13:02:06
5018-HEKFO,Female,0,No,No,10,Yes,No,Month-to-month,Mailed check,24.5,270.15,0,0.4678816973815211,0,MEDIUM RISK,2026-08-30 13:02:06
2923-ARZLG,Male,0,Yes,Yes,0,Yes,No,One year,Mailed check,19.7,0.0,0,0.26507395572650455,0,LOW RISK,2026-08-30 13:02:06
3976-NLDEZ,Male,0,No,No,1,Yes,No,Month-to-month,Mailed check,20.6,20.6,0,0.39374178888287353,0,LOW RISK,2026-08-30 13:02:06
2282-YGNOR,Female,0,No,No,29,Yes,DSL,One year,Credit card (automatic),58.0,1734.5,0,0.10447672401749154,0,LOW RISK,2026-08-30 13:02:06
5336-UFNZP,Female,1,Yes,Yes,65,Yes,Fiber optic,One year,Electronic check,107.45,7047.5,0,0.5072987892412703,1,MEDIUM RISK,2026-08-30 13:02:06
6854-EXGSF,Female,0,No,No,8,Yes,DSL,Month-to-month,Bank transfer (automatic),65.5,573.15,0,0.4977818199433994,0,MEDIUM RISK,2026-08-30 13:02:06
1241-EZFMJ,Male,0,Yes,No,61,Yes,No,Two year,Bank transfer (automatic),25.45,1538.6,0,0.024348929840089708,0,LOW RISK,2026-08-30 13:02:06
9233-PSYHO,Female,1,No,No,45,Yes,Fiber optic,One year,Bank transfer (automatic),100.15,4459.8,0,0.5323060709535872,1,MEDIUM RISK,2026-08-30 13:02:06
5376-PCKNB,Male,0,Yes,Yes,72,Yes,Fiber optic,One year,Credit card (automatic),104.45,7459.0,0,0.3355214596063043,0,LOW RISK,2026-08-30 13:02:06
8044-BGWPI,Male,0,Yes,Yes,12,Yes,No,Month-to-month,Electronic check,21.15,306.05,0,0.4171616244745333,0,MEDIUM RISK,2026-08-30 13:02:06
4060-LDNLU,Male,0,No,No,7,Yes,Fiber optic,Month-to-month,Electronic check,96.2,639.7,0,0.90360625279029,1,HIGH RISK,2026-08-30 13:02:06
3589-PPVKW,Male,0,No,No,9,Yes,DSL,Month-to-month,Mailed check,44.4,348.15,0,0.6223157675609279,1,MEDIUM RISK,2026-08-30 13:02:06
8327-LZKAS,Female,1,Yes,No,43,Yes,Fiber optic,One year,Electronic check,107.55,4533.9,1,0.5771578787270283,1,MEDIUM RISK,2026-08-30 13:02:06
5887-IKKYO,Male,0,Yes,Yes,58,Yes,Fiber optic,Two year,Bank transfer (automatic),94.35,5563.65,0,0.13819428409889187,0,LOW RISK,2026-08-30 13:02:06
1075-BGWOH,Male,1,Yes,No,16,Yes,Fiber optic,Month-to-month,Electronic check,98.75,1587.55,1,0.8955537692308607,1,HIGH RISK,2026-08-30 13:02:06
1755-RMCXH,Male,0,Yes,Yes,2,Yes,No,Month-to-month,Mailed check,20.3,40.25,0,0.34464381747410866,0,LOW RISK,2026-08-30 13:02:06
0302-JOIVN,Female,0,Yes,No,8,Yes,Fiber optic,Month-to-month,Electronic check,101.15,842.9,1,0.8636408076976955,1,HIGH RISK,2026-08-30 13:02:06
3858-XHYJO,Female,0,Yes,No,40,Yes,Fiber optic,One year,Bank transfer (automatic),105.75,4228.55,0,0.36965098471452923,0,LOW RISK,2026-08-30 13:02:06
4299-SIMNS,Male,0,No,No,9,Yes,Fiber optic,Month-to-month,Electronic check,81.15,784.45,0,0.8301015951443934,1,HIGH RISK,2026-08-30 13:02:06
7025-IWFHT,Male,0,No,No,41,Yes,Fiber optic,One year,Electronic check,89.55,3729.75,0,0.3739802354075498,0,LOW RISK,2026-08-30 13:02:06
6261-LHRTG,Female,0,No,No,26,Yes,DSL,Month-to-month,Credit card (automatic),54.75,1406.9,0,0.3851220676884296,0,LOW RISK,2026-08-30 13:02:06
7841-FCRQD,Female,0,Yes,No,33,Yes,DSL,One year,Credit card (automatic),53.75,1857.3,0,0.15420818209920537,0,LOW RISK,2026-08-30 13:02:06
2056-EVGZL,Male,0,Yes,Yes,68,Yes,Fiber optic,One year,Credit card (automatic),105.75,7322.5,0,0.185589663010487,0,LOW RISK,2026-08-30 13:02:06
8777-MBMTS,Female,1,Yes,No,65,Yes,Fiber optic,Two year,Credit card (automatic),105.85,6725.5,0,0.18161132435300284,0,LOW RISK,2026-08-30 13:02:06
7753-USQYQ,Male,0,No,No,55,Yes,DSL,One year,Electronic check,64.2,3627.3,0,0.21411178208735018,0,LOW RISK,2026-08-30 13:02:06
5366-IJEQJ,Male,0,No,No,20,Yes,Fiber optic,Month-to-month,Electronic check,88.7,1761.45,1,0.8147505903045686,1,HIGH RISK,2026-08-30 13:02:06
7661-CPURM,Male,0,No,No,19,Yes,Fiber optic,One year,Credit card (automatic),87.7,1725.95,0,0.4436256551816308,0,MEDIUM RISK,2026-08-30 13:02:06
6233-HXJMX,Female,0,No,No,45,Yes,Fiber optic,Month-to-month,Credit card (automatic),89.3,4192.15,0,0.6146201350133775,1,MEDIUM RISK,2026-08-30 13:02:06
5902-WBLSE,Female,0,Yes,Yes,70,Yes,No,Two year,Credit card (automatic),20.15,1411.2,0,0.01451524468744726,0,LOW RISK,2026-08-30 13:02:06
1981-INRFU,Female,0,No,No,2,Yes,Fiber optic,Month-to-month,Electronic check,79.75,164.5,1,0.8971592437384281,1,HIGH RISK,2026-08-30 13:02:06
4971-PUYQO,Female,0,No,No,27,Yes,Fiber optic,Month-to-month,Mailed check,94.55,2724.6,1,0.8043642268397782,1,HIGH RISK,2026-08-30 13:02:06
3239-TPHPZ,Female,0,Yes,No,12,Yes,No,Two year,Electronic check,20.05,264.55,0,0.15788472313408403,0,LOW RISK,2026-08-30 13:02:06
5115-GZDEL,Male,0,No,Yes,72,No,DSL,Two year,Credit card (automatic),67.2,4671.7,0,0.02341097100325619,0,LOW RISK,2026-08-30 13:02:06
3338-CVVEH,Male,0,No,No,12,Yes,Fiber optic,Month-to-month,Electronic check,94.55,1173.55,0,0.8948586962796358,1,HIGH RISK,2026-08-30 13:02:06
8485-GJCDN,Female,1,No,No,5,Yes,Fiber optic,Month-to-month,Mailed check,69.05,318.5,1,0.8259201670539454,1,HIGH RISK,2026-08-30 13:02:06
2615-YVMYX,Male,1,Yes,No,71,Yes,Fiber optic,Month-to-month,Electronic check,107.5,7713.55,0,0.6281896717643396,1,MEDIUM RISK,2026-08-30 13:02:06
2851-STERV,Male,1,No,No,35,Yes,DSL,One year,Electronic check,73.0,2471.25,0,0.3083158891426336,0,LOW RISK,2026-08-30 13:02:06
4393-GEADV,Male,0,Yes,Yes,70,Yes,Fiber optic,Two year,Credit card (automatic),114.75,7842.3,0,0.08406710880395044,0,LOW RISK,2026-08-30 13:02:06
8486-AYEQH,Female,0,No,No,31,Yes,Fiber optic,Month-to-month,Electronic check,76.05,2227.8,0,0.7070256658907176,1,HIGH RISK,2026-08-30 13:02:06
1527-SXDPN,Male,0,Yes,Yes,52,Yes,Fiber optic,Two year,Bank transfer (automatic),96.25,4990.25,1,0.21162129389377105,0,LOW RISK,2026-08-30 13:02:06
6029-WTIPC,Male,1,No,No,37,Yes,Fiber optic,Month-to-month,Electronic check,101.1,3744.05,1,0.8270949732838585,1,HIGH RISK,2026-08-30 13:02:06
8634-CILSZ,Male,0,No,No,69,Yes,Fiber optic,One year,Bank transfer (automatic),104.7,7220.35,1,0.32555072621282505,0,LOW RISK,2026-08-30 13:02:06
5419-JKZNQ,Male,1,Yes,No,30,Yes,Fiber optic,Month-to-month,Mailed check,77.9,2351.45,0,0.6075584932555038,1,MEDIUM RISK,2026-08-30 13:02:06
2495-KZNFB,Female,0,No,No,33,Yes,Fiber optic,Month-to-month,Electronic check,90.65,2989.6,0,0.696204761889367,1,MEDIUM RISK,2026-08-30 13:02:06
1409-PHXTF,Male,1,Yes,No,54,Yes,Fiber optic,Two year,Electronic check,110.45,6077.75,0,0.4061907379969222,0,MEDIUM RISK,2026-08-30 13:02:06
4560-WQAQW,Female,0,No,No,59,Yes,DSL,One year,Bank transfer (automatic),68.7,4070.95,0,0.07837461951541073,0,LOW RISK,2026-08-30 13:02:06
9591-YVTEB,Male,1,No,No,55,No,DSL,Month-to-month,Electronic check,44.85,2479.05,0,0.44219411816999615,0,MEDIUM RISK,2026-08-30 13:02:06
9309-BZGNT,Male,1,Yes,No,69,No,DSL,One year,Credit card (automatic),29.8,2134.3,0,0.15875782154720808,0,LOW RISK,2026-08-30 13:02:06
4274-DRSQT,Female,0,No,No,66,Yes,Fiber optic,One year,Bank transfer (automatic),88.9,6000.1,0,0.3298832351616564,0,LOW RISK,2026-08-30 13:02:06
2027-DNKIV,Male,0,Yes,Yes,37,Yes,DSL,One year,Mailed check,58.75,2203.1,0,0.0952054008362557,0,LOW RISK,2026-08-30 13:02:06
8075-GXIUB,Male,1,Yes,No,9,Yes,No,One year,Credit card (automatic),19.85,183.15,0,0.2154820488489258,0,LOW RISK,2026-08-30 13:02:06
2885-HIJDH,Male,0,Yes,Yes,69,Yes,DSL,Two year,Bank transfer (automatic),86.9,6194.1,0,0.031131062122718253,0,LOW RISK,2026-08-30 13:02:06
5424-RLQLC,Male,0,No,No,10,Yes,DSL,Month-to-month,Mailed check,59.65,638.95,0,0.6614277540700381,1,MEDIUM RISK,2026-08-30 13:02:06
6682-QJDGB,Male,0,No,Yes,40,Yes,DSL,Month-to-month,Mailed check,55.25,2139.2,1,0.17402312214370602,0,LOW RISK,2026-08-30 13:02:06
6507-DTJZV,Male,0,No,Yes,13,Yes,DSL,Month-to-month,Credit card (automatic),66.4,831.75,0,0.4152359838414186,0,MEDIUM RISK,2026-08-30 13:02:06
8780-IXSTS,Female,0,No,No,6,Yes,Fiber optic,Month-to-month,Electronic check,90.1,521.3,1,0.8976859848730891,1,HIGH RISK,2026-08-30 13:02:06
7673-BQGKU,Female,0,Yes,Yes,69,Yes,No,Two year,Bank transfer (automatic),20.15,1337.5,0,0.01034271056990764,0,LOW RISK,2026-08-30 13:02:06
6723-WSNTY,Female,1,Yes,No,66,Yes,Fiber optic,One year,Credit card (automatic),108.1,7181.95,0,0.4095762418905628,0,MEDIUM RISK,2026-08-30 13:02:06
9530-EHPOH,Male,0,No,No,11,Yes,DSL,Month-to-month,Electronic check,53.75,608.0,1,0.6875335564382955,1,MEDIUM RISK,2026-08-30 13:02:06
2725-IWWBA,Male,0,Yes,Yes,46,Yes,DSL,One year,Mailed check,56.9,2560.1,0,0.051451602544654515,0,LOW RISK,2026-08-30 13:02:06
0345-HKJVM,Female,0,No,No,6,Yes,Fiber optic,Month-to-month,Electronic check,89.3,577.6,1,0.8830764043271623,1,HIGH RISK,2026-08-30 13:02:06
1061-PNTHC,Female,0,Yes,Yes,56,Yes,Fiber optic,Month-to-month,Mailed check,109.6,5953.0,0,0.5179870928432326,1,MEDIUM RISK,2026-08-30 13:02:06
0394-YONDK,Male,0,Yes,Yes,70,Yes,No,Two year,Credit card (automatic),25.15,1790.15,0,0.014592630553241637,0,LOW RISK,2026-08-30 13:02:06
6574-MCOEH,Female,0,Yes,Yes,33,Yes,DSL,One year,Electronic check,79.15,2531.4,0,0.3085959517047173,0,LOW RISK,2026-08-30 13:02:06
7399-QHBJS,Female,0,Yes,Yes,72,Yes,DSL,Two year,Credit card (automatic),66.75,4760.3,0,0.012221268302184568,0,LOW RISK,2026-08-30 13:02:06
3049-SOLAY,Female,0,Yes,No,3,Yes,Fiber optic,Month-to-month,Electronic check,95.2,292.85,1,0.9415062791742667,1,HIGH RISK,2026-08-30 13:02:06
0997-YTLNY,Female,0,No,Yes,19,Yes,DSL,Month-to-month,Mailed check,48.8,953.65,0,0.24985451541666479,0,LOW RISK,2026-08-30 13:02:06
3317-HRTNN,Female,1,No,No,5,No,DSL,Month-to-month,Electronic check,45.7,198.0,1,0.8517509693339019,1,HIGH RISK,2026-08-30 13:02:06
9479-HYNYL,Female,0,Yes,No,71,Yes,DSL,Two year,Credit card (automatic),80.7,5705.05,0,0.04592880679216211,0,LOW RISK,2026-08-30 13:02:06
3235-ETOOB,Male,0,Yes,No,8,Yes,Fiber optic,Month-to-month,Electronic check,74.5,609.9,1,0.7935718482080435,1,HIGH RISK,2026-08-30 13:02:06
9708-KFDBY,Male,0,No,No,1,Yes,No,Month-to-month,Credit card (automatic),20.55,20.55,0,0.39029509369408805,0,LOW RISK,2026-08-30 13:02:06
8058-INTPH,Female,0,No,No,1,Yes,Fiber optic,Month-to-month,Electronic check,79.65,79.65,1,0.8997736723935306,1,HIGH RISK,2026-08-30 13:02:06
3642-GKTCT,Female,0,No,No,61,Yes,Fiber optic,One year,Mailed check,115.1,6993.65,0,0.3169778698689691,0,LOW RISK,2026-08-30 13:02:06
0774-RMNUW,Female,0,Yes,Yes,71,No,DSL,Two year,Bank transfer (automatic),59.7,4122.65,0,0.032875592142423526,0,LOW RISK,2026-08-30 13:02:06
1334-PDUKM,Female,0,Yes,No,68,Yes,Fiber optic,One year,Credit card (automatic),86.45,5762.95,0,0.19387739089566833,0,LOW RISK,2026-08-30 13:02:06
0756-MPZRL,Male,0,No,No,46,No,DSL,One year,Credit card (automatic),33.7,1537.85,0,0.10954189100750174,0,LOW RISK,2026-08-30 13:02:06
2242-MFOTG,Male,0,No,No,33,Yes,Fiber optic,One year,Bank transfer (automatic),80.1,2603.3,0,0.2724068355078438,0,LOW RISK,2026-08-30 13:02:06
2927-CVULT,Female,0,Yes,Yes,53,Yes,Fiber optic,Two year,Bank transfer (automatic),104.05,5566.4,0,0.14111947844028444,0,LOW RISK,2026-08-30 13:02:06
2144-BFDSO,Female,1,Yes,No,50,Yes,Fiber optic,Month-to-month,Bank transfer (automatic),108.75,5431.9,0,0.6106906401333365,1,MEDIUM RISK,2026-08-30 13:02:06
8745-PVESG,Female,0,No,No,57,No,DSL,One year,Credit card (automatic),41.1,2258.25,0,0.11004221447144089,0,LOW RISK,2026-08-30 13:02:06
7647-GYYKX,Female,0,Yes,Yes,54,Yes,No,Two year,Bank transfer (automatic),20.35,1092.35,0,0.02594970815504649,0,LOW RISK,2026-08-30 13:02:06
5647-FXOTP,Female,1,Yes,No,60,Yes,Fiber optic,Month-to-month,Electronic check,105.9,6401.25,0,0.7645759167046634,1,HIGH RISK,2026-08-30 13:02:06
5569-OUICF,Female,1,Yes,No,28,Yes,Fiber optic,Month-to-month,Credit card (automatic),101.3,2812.2,1,0.7712995742902954,1,HIGH RISK,2026-08-30 13:02:06
8821-XNHVZ,Female,0,Yes,Yes,1,Yes,Fiber optic,Month-to-month,Mailed check,80.05,80.05,1,0.8403096859059259,1,HIGH RISK,2026-08-30 13:02:06
2082-OJVTK,Male,0,Yes,Yes,29,Yes,Fiber optic,Month-to-month,Electronic check,89.2,2698.35,1,0.7766977764403934,1,HIGH RISK,2026-08-30 13:02:06
9700-ISPUP,Female,0,Yes,Yes,10,Yes,DSL,Month-to-month,Electronic check,65.5,616.9,0,0.5461093180127375,1,MEDIUM RISK,2026-08-30 13:02:06
9839-ETQOE,Male,0,No,Yes,43,No,DSL,Month-to-month,Electronic check,40.45,1912.85,0,0.28064999122680134,0,LOW RISK,2026-08-30 13:02:06
6078-VESFR,Male,1,Yes,No,13,Yes,Fiber optic,Month-to-month,Bank transfer (automatic),70.45,849.1,0,0.625372276751936,1,MEDIUM RISK,2026-08-30 13:02:06
9027-TMATR,Female,0,Yes,No,43,Yes,DSL,Two year,Electronic check,78.8,3460.3,0,0.0853619411406406,0,LOW RISK,2026-08-30 13:02:06
5940-NFXKV,Male,0,Yes,Yes,19,Yes,Fiber optic,Month-to-month,Electronic check,83.65,1465.75,1,0.7893649180895074,1,HIGH RISK,2026-08-30 13:02:06
1941-HOSAM,Male,0,Yes,Yes,1,Yes,Fiber optic,Month-to-month,Electronic check,90.1,90.1,0,0.9131678503911359,1,HIGH RISK,2026-08-30 13:02:06
9110-HSGTV,Female,0,No,No,69,Yes,DSL,Two year,Credit card (automatic),82.45,5555.3,0,0.03641171496436564,0,LOW RISK,2026-08-30 13:02:06
0704-VCUMB,Female,0,Yes,No,61,Yes,No,Two year,Credit card (automatic),20.25,1278.8,0,0.018049036256489986,0,LOW RISK,2026-08-30 13:02:06
6171-ZTVYB,Male,0,Yes,No,43,Yes,DSL,Month-to-month,Bank transfer (automatic),66.25,2907.35,0,0.11143224373130858,0,LOW RISK,2026-08-30 13:02:06
8053-WWDRO,Female,0,Yes,No,6,Yes,No,Month-to-month,Bank transfer (automatic),19.5,146.3,1,0.34834242779484953,0,LOW RISK,2026-08-30 13:02:06
9564-KCLHR,Male,0,No,No,1,Yes,DSL,Month-to-month,Mailed check,51.25,51.25,1,0.5398193413430559,1,MEDIUM RISK,2026-08-30 13:02:06
1935-IMVBB,Male,0,Yes,No,56,Yes,Fiber optic,Month-to-month,Mailed check,89.7,4952.95,0,0.5640757314809183,1,MEDIUM RISK,2026-08-30 13:02:06
2535-PBCGC,Female,0,Yes,No,70,No,DSL,Two year,Bank transfer (automatic),64.55,4504.9,0,0.04351139508939734,0,LOW RISK,2026-08-30 13:02:06
2082-CEFLT,Male,0,No,No,1,Yes,DSL,Month-to-month,Electronic check,45.6,45.6,1,0.7601868764691979,1,HIGH RISK,2026-08-30 13:02:06
1470-PSXNM,Male,0,Yes,Yes,49,Yes,Fiber optic,One year,Electronic check,93.65,4520.15,0,0.536031857819202,1,MEDIUM RISK,2026-08-30 13:02:06
1213-NGCUN,Female,0,No,No,6,Yes,DSL,Month-to-month,Bank transfer (automatic),49.65,267.35,1,0.563438114479439,1,MEDIUM RISK,2026-08-30 13:02:06
2498-XLDZR,Female,0,Yes,Yes,32,Yes,DSL,Two year,Mailed check,73.6,2316.85,0,0.03396872351595928,0,LOW RISK,2026-08-30 13:02:06
9866-OCCKE,Female,1,Yes,No,72,Yes,Fiber optic,Two year,Mailed check,109.75,8075.35,0,0.16792114133635377,0,LOW RISK,2026-08-30 13:02:06
5338-YHWYT,Male,0,No,Yes,37,Yes,DSL,Two year,Credit card (automatic),61.45,2302.35,0,0.02601934942645361,0,LOW RISK,2026-08-30 13:02:06
7718-UPSKJ,Female,0,Yes,No,69,Yes,Fiber optic,One year,Credit card (automatic),106.4,7251.9,0,0.19823046076037606,0,LOW RISK,2026-08-30 13:02:06
8731-WBBMB,Female,0,Yes,No,26,Yes,DSL,Month-to-month,Bank transfer (automatic),81.9,2078.55,0,0.30630973594511557,0,LOW RISK,2026-08-30 13:02:06
1448-CYWKC,Female,0,Yes,Yes,58,Yes,Fiber optic,One year,Credit card (automatic),105.2,6225.4,0,0.44623100147592404,0,MEDIUM RISK,2026-08-30 13:02:06
7901-IIDQV,Male,0,No,No,24,Yes,DSL,One year,Bank transfer (automatic),54.6,1242.25,0,0.17312305215056062,0,LOW RISK,2026-08-30 13:02:06
2690-DVRVK,Male,0,Yes,Yes,5,Yes,No,One year,Electronic check,20.55,99.45,0,0.2386656669721579,0,LOW RISK,2026-08-30 13:02:06
5688-KZTSN,Male,0,Yes,Yes,15,Yes,No,Month-to-month,Electronic check,20.0,288.05,1,0.2961317611936396,0,LOW RISK,2026-08-30 13:02:06
1270-XKUCC,Female,0,Yes,Yes,30,Yes,No,Two year,Mailed check,19.7,599.25,0,0.02938360318713743,0,LOW RISK,2026-08-30 13:02:06
0334-ZFJSR,Female,0,Yes,No,55,Yes,DSL,One year,Credit card (automatic),66.05,3462.1,0,0.08121270415280689,0,LOW RISK,2026-08-30 13:02:06
2894-QOJRX,Female,0,Yes,No,25,No,DSL,Month-to-month,Bank transfer (automatic),34.0,853.0,1,0.5855414581382824,1,MEDIUM RISK,2026-08-30 13:02:06
5747-PMBSQ,Male,1,Yes,No,10,Yes,Fiber optic,Month-to-month,Mailed check,92.5,934.1,1,0.8031577413079751,1,HIGH RISK,2026-08-30 13:02:06
5583-EJXRD,Male,0,Yes,Yes,44,No,DSL,Two year,Credit card (automatic),54.05,2375.2,0,0.05840229092132454,0,LOW RISK,2026-08-30 13:02:06
4565-EVZMJ,Female,0,No,No,47,Yes,DSL,One year,Mailed check,58.9,2813.05,0,0.06961268659768494,0,LOW RISK,2026-08-30 13:02:06
3143-JQEGI,Female,0,Yes,Yes,13,Yes,Fiber optic,Month-to-month,Electronic check,88.35,1222.8,1,0.7713924463240881,1,HIGH RISK,2026-08-30 13:02:06
6386-SZZKH,Female,0,Yes,Yes,49,Yes,Fiber optic,Two year,Bank transfer (automatic),107.95,5293.2,1,0.2732530681924003,0,LOW RISK,2026-08-30 13:02:06
3327-YBAKM,Female,0,Yes,No,64,Yes,Fiber optic,One year,Mailed check,96.9,6314.35,0,0.2670280092214518,0,LOW RISK,2026-08-30 13:02:06
9441-QHEVC,Male,0,No,No,1,Yes,No,Month-to-month,Mailed check,19.1,19.1,0,0.40027723413931277,0,MEDIUM RISK,2026-08-30 13:02:06
6705-LNMDD,Male,0,No,No,20,Yes,DSL,Month-to-month,Mailed check,50.0,1003.05,0,0.28377870190090776,0,LOW RISK,2026-08-30 13:02:06
2580-ASVVY,Female,0,Yes,No,37,No,DSL,Two year,Electronic check,45.4,1593.1,0,0.09332227932530945,0,LOW RISK,2026-08-30 13:02:06
3370-GQEAL,Male,0,Yes,Yes,30,Yes,Fiber optic,Month-to-month,Electronic check,85.45,2509.95,0,0.6797838546151445,1,MEDIUM RISK,2026-08-30 13:02:06
5032-USPKF,Female,0,No,No,38,Yes,DSL,One year,Bank transfer (automatic),84.1,3187.65,0,0.15147134368652368,0,LOW RISK,2026-08-30 13:02:06
2982-IHMFT,Female,1,No,No,1,Yes,Fiber optic,Month-to-month,Mailed check,74.45,74.45,1,0.8828303149226852,1,HIGH RISK,2026-08-30 13:02:06
3521-SYVOR,Female,0,No,No,37,Yes,DSL,Month-to-month,Electronic check,64.75,2345.2,1,0.5575537421843678,1,MEDIUM RISK,2026-08-30 13:02:06
4254-QPEDE,Female,0,Yes,No,52,No,DSL,Two year,Credit card (automatic),66.25,3330.1,0,0.059490522583749636,0,LOW RISK,2026-08-30 13:02:06
6283-GITPX,Male,0,No,Yes,71,Yes,DSL,Two year,Credit card (automatic),76.9,5522.7,0,0.01853972686511797,0,LOW RISK,2026-08-30 13:02:06
9526-JAWYF,Male,0,No,No,26,Yes,Fiber optic,Month-to-month,Electronic check,89.8,2335.3,1,0.6632787668775685,1,MEDIUM RISK,2026-08-30 13:02:06
0771-CHWSK,Male,0,No,No,66,Yes,DSL,Two year,Credit card (automatic),74.6,4798.4,0,0.049684365121435856,0,LOW RISK,2026-08-30 13:02:06
9788-HNGUT,Male,0,Yes,No,72,Yes,Fiber optic,Two year,Credit card (automatic),116.95,8594.4,0,0.1309763343011502,0,LOW RISK,2026-08-30 13:02:06
9495-REDIY,Male,0,No,Yes,25,No,DSL,One year,Credit card (automatic),40.65,970.55,0,0.271029410173716,0,LOW RISK,2026-08-30 13:02:06
5375-XLDOF,Male,0,Yes,Yes,69,Yes,Fiber optic,Two year,Bank transfer (automatic),114.35,7665.8,0,0.11538435967125427,0,LOW RISK,2026-08-30 13:02:06
1172-VIYBP,Male,0,Yes,Yes,53,Yes,DSL,Two year,Bank transfer (automatic),69.7,3686.05,0,0.04530202881512397,0,LOW RISK,2026-08-30 13:02:06
5649-VUKMC,Female,0,No,No,12,Yes,Fiber optic,One year,Mailed check,95.5,1115.15,1,0.6655611846114473,1,MEDIUM RISK,2026-08-30 13:02:06
6559-PDZLR,Male,0,No,No,26,Yes,Fiber optic,Month-to-month,Electronic check,98.65,2537.0,0,0.7705700305501866,1,HIGH RISK,2026-08-30 13:02:06
8992-OBVDG,Male,0,No,No,21,Yes,DSL,Month-to-month,Mailed check,61.65,1393.6,0,0.41457875486260676,0,MEDIUM RISK,2026-08-30 13:02:06
4273-MBHYA,Female,0,No,Yes,1,Yes,Fiber optic,Month-to-month,Electronic check,89.35,89.35,0,0.9093573648463403,1,HIGH RISK,2026-08-30 13:02:06
4724-WXVWF,Male,0,No,No,48,Yes,Fiber optic,Month-to-month,Electronic check,95.4,4445.3,0,0.5098058321321709,1,MEDIUM RISK,2026-08-30 13:02:06
5701-GUXDC,Female,0,Yes,No,26,No,DSL,One year,Credit card (automatic),35.4,978.6,0,0.19485751665491416,0,LOW RISK,2026-08-30 13:02:06
1460-UZPRJ,Male,0,Yes,No,60,Yes,No,Two year,Mailed check,19.95,1258.15,0,0.01966088078243511,0,LOW RISK,2026-08-30 13:02:06
6082-GLJIX,Male,0,No,No,18,Yes,No,Month-to-month,Mailed check,19.25,331.35,0,0.1838701240487272,0,LOW RISK,2026-08-30 13:02:06
5143-EGQFK,Female,1,No,No,10,No,DSL,Month-to-month,Electronic check,29.65,291.4,1,0.7390245033952392,1,HIGH RISK,2026-08-30 13:02:06
4919-IKATY,Male,0,Yes,Yes,5,Yes,Fiber optic,Month-to-month,Electronic check,84.5,453.75,1,0.8288489248376836,1,HIGH RISK,2026-08-30 13:02:06
2495-TTHBQ,Female,0,No,Yes,4,Yes,No,One year,Mailed check,20.4,84.75,0,0.2354799254658168,0,LOW RISK,2026-08-30 13:02:06
0485-ZBSLN,Male,0,Yes,Yes,65,Yes,No,Two year,Credit card (automatic),24.75,1715.1,0,0.017923538900338896,0,LOW RISK,2026-08-30 13:02:06
3810-PJUHR,Male,0,Yes,Yes,70,Yes,No,Two year,Mailed check,25.35,1715.15,0,0.014637639972313769,0,LOW RISK,2026-08-30 13:02:06
9050-QLROH,Male,0,No,No,18,Yes,Fiber optic,Month-to-month,Credit card (automatic),90.7,1597.25,1,0.7630027404019704,1,HIGH RISK,2026-08-30 13:02:06
0847-HGRML,Male,0,No,Yes,62,Yes,No,Two year,Bank transfer (automatic),20.0,1250.1,0,0.013568587483807047,0,LOW RISK,2026-08-30 13:02:06
8232-CTLKO,Female,0,Yes,Yes,66,Yes,DSL,Two year,Electronic check,59.75,3996.8,0,0.0624119543290457,0,LOW RISK,2026-08-30 13:02:06
9227-YBAXE,Female,0,Yes,Yes,65,Yes,DSL,Two year,Bank transfer (automatic),82.5,5215.1,0,0.04359294832227928,0,LOW RISK,2026-08-30 13:02:06
6168-WFVVF,Female,1,No,No,3,Yes,Fiber optic,Month-to-month,Electronic check,70.3,235.5,1,0.8816582498400684,1,HIGH RISK,2026-08-30 13:02:06
9860-LISIZ,Female,0,No,No,34,Yes,No,Month-to-month,Mailed check,20.35,673.2,0,0.1255135808921681,0,LOW RISK,2026-08-30 13:02:06
0112-QAWRZ,Male,0,Yes,Yes,16,Yes,Fiber optic,Month-to-month,Bank transfer (automatic),90.8,1442.2,0,0.7337106236486692,1,HIGH RISK,2026-08-30 13:02:06
0877-SDMBN,Female,0,No,No,54,Yes,Fiber optic,One year,Bank transfer (automatic),103.95,5639.05,1,0.458574959900515,0,MEDIUM RISK,2026-08-30 13:02:06
2786-GCDPI,Female,1,No,No,50,Yes,Fiber optic,Month-to-month,Electronic check,104.95,5222.35,0,0.7920531704222468,1,HIGH RISK,2026-08-30 13:02:06
4043-MKDTV,Male,0,Yes,No,71,Yes,Fiber optic,Two year,Electronic check,105.25,7291.75,0,0.1860317063489501,0,LOW RISK,2026-08-30 13:02:06
8065-YKXKD,Female,0,No,No,10,Yes,Fiber optic,Month-to-month,Electronic check,74.75,799.65,1,0.8715793362301443,1,HIGH RISK,2026-08-30 13:02:06
9637-EIHEQ,Female,0,No,No,1,Yes,DSL,Month-to-month,Electronic check,50.8,50.8,1,0.698035798624227,1,MEDIUM RISK,2026-08-30 13:02:06
9229-RQABD,Male,0,No,No,18,Yes,No,One year,Mailed check,23.75,424.5,0,0.12850717973441278,0,LOW RISK,2026-08-30 13:02:06
8313-KTIHG,Male,0,No,No,4,Yes,DSL,Month-to-month,Electronic check,61.3,249.4,0,0.7392054788409664,1,HIGH RISK,2026-08-30 13:02:06
5320-BRKGK,Female,0,Yes,Yes,58,Yes,DSL,Two year,Mailed check,75.8,4415.75,0,0.03300736074882682,0,LOW RISK,2026-08-30 13:02:06
6284-KMNUF,Female,0,Yes,No,56,Yes,Fiber optic,One year,Electronic check,98.0,5270.6,0,0.5386980918632858,1,MEDIUM RISK,2026-08-30 13:02:06
9689-PTNPG,Male,0,No,No,2,Yes,Fiber optic,Month-to-month,Electronic check,80.25,144.55,1,0.8951975111043791,1,HIGH RISK,2026-08-30 13:02:06
9465-RWMXL,Male,0,Yes,No,32,Yes,Fiber optic,Month-to-month,Electronic check,78.9,2447.95,1,0.7251115660719217,1,HIGH RISK,2026-08-30 13:02:06
6229-UOLQL,Male,0,Yes,Yes,56,No,DSL,One year,Mailed check,52.0,2884.9,0,0.120218635360607,0,LOW RISK,2026-08-30 13:02:06
2362-IBOOY,Male,0,No,No,36,Yes,Fiber optic,Month-to-month,Electronic check,84.75,3050.15,1,0.7550594946193221,1,HIGH RISK,2026-08-30 13:02:06
3137-LUPIX,Female,0,No,No,4,Yes,DSL,Month-to-month,Mailed check,64.4,253.0,0,0.7302296799040995,1,HIGH RISK,2026-08-30 13:02:06
0843-WTBXE,Male,0,No,No,53,Yes,Fiber optic,Month-to-month,Bank transfer (automatic),85.45,4517.25,1,0.5623367526819837,1,MEDIUM RISK,2026-08-30 13:02:06
6143-JQKEA,Male,0,No,No,10,Yes,DSL,Month-to-month,Credit card (automatic),45.8,436.2,0,0.607176092166312,1,MEDIUM RISK,2026-08-30 13:02:06
8676-OOQEJ,Male,0,No,No,4,No,DSL,Month-to-month,Electronic check,30.5,118.4,0,0.6845226216729932,1,MEDIUM RISK,2026-08-30 13:02:06
5515-IDEJJ,Male,0,Yes,Yes,1,Yes,No,Month-to-month,Mailed check,19.9,19.9,1,0.3553602162960135,0,LOW RISK,2026-08-30 13:02:06
9701-CDXHR,Female,0,Yes,No,51,Yes,Fiber optic,Month-to-month,Mailed check,69.15,3649.6,0,0.4439788146248543,0,MEDIUM RISK,2026-08-30 13:02:06
7450-NWRTR,Male,1,No,No,12,Yes,Fiber optic,Month-to-month,Electronic check,99.45,1200.15,1,0.9342496050264679,1,HIGH RISK,2026-08-30 13:02:06
8124-NZVGJ,Female,0,No,No,6,No,DSL,One year,Mailed check,49.25,255.6,0,0.6317976641700634,1,MEDIUM RISK,2026-08-30 13:02:06
2162-FRZAA,Male,0,Yes,Yes,63,No,DSL,Two year,Bank transfer (automatic),39.35,2395.05,0,0.03331200428010894,0,LOW RISK,2026-08-30 13:02:06
5376-DEQCP,Female,0,No,No,1,Yes,Fiber optic,Month-to-month,Electronic check,70.6,70.6,1,0.8680271803378017,1,HIGH RISK,2026-08-30 13:02:06
5118-MUEYH,Female,0,Yes,No,48,Yes,Fiber optic,Month-to-month,Credit card (automatic),105.1,5083.55,0,0.5673189964190267,1,MEDIUM RISK,2026-08-30 13:02:06
9095-HFAFX,Female,0,No,No,5,Yes,Fiber optic,Month-to-month,Credit card (automatic),81.0,389.6,1,0.83880932317289,1,HIGH RISK,2026-08-30 13:02:06
5627-TVBPP,Female,0,No,Yes,35,Yes,No,One year,Credit card (automatic),20.1,644.5,0,0.067610254473354,0,LOW RISK,2026-08-30 13:02:06
2379-ENZGV,Male,0,No,No,6,Yes,Fiber optic,Month-to-month,Electronic check,84.85,523.5,1,0.8720534383038916,1,HIGH RISK,2026-08-30 13:02:06
3936-QQFLL,Male,0,No,No,2,Yes,No,Month-to-month,Mailed check,19.75,39.3,0,0.38800040150610293,0,LOW RISK,2026-08-30 13:02:06
2589-AYCRP,Female,0,No,No,50,Yes,No,One year,Bank transfer (automatic),19.75,989.05,0,0.055367169834217245,0,LOW RISK,2026-08-30 13:02:06
4067-HLYQI,Female,0,No,No,33,Yes,Fiber optic,Month-to-month,Bank transfer (automatic),70.4,2406.1,0,0.5365104524960096,1,MEDIUM RISK,2026-08-30 13:02:06
5124-EOGYE,Male,0,No,No,31,Yes,No,Two year,Mailed check,20.45,638.55,0,0.033993277371691145,0,LOW RISK,2026-08-30 13:02:06
5057-RKGLH,Female,0,Yes,Yes,9,Yes,No,Two year,Mailed check,20.35,191.1,0,0.07768731789978438,0,LOW RISK,2026-08-30 13:02:06
0292-WEGCH,Female,0,Yes,Yes,54,Yes,DSL,Month-to-month,Electronic check,86.2,4524.05,0,0.39223296312721156,0,LOW RISK,2026-08-30 13:02:06
8910-ICHIU,Female,0,No,No,46,Yes,Fiber optic,One year,Credit card (automatic),95.65,4664.2,0,0.2430115090023644,0,LOW RISK,2026-08-30 13:02:06
4097-YODCF,Male,0,No,Yes,34,Yes,Fiber optic,One year,Electronic check,103.8,3470.8,0,0.5195967011870878,1,MEDIUM RISK,2026-08-30 13:02:06
9715-WZCLW,Male,0,Yes,Yes,71,Yes,Fiber optic,Two year,Electronic check,97.2,6910.3,0,0.21300060020285225,0,LOW RISK,2026-08-30 13:02:06
9786-YWNHU,Female,0,Yes,Yes,63,Yes,DSL,Two year,Mailed check,63.55,4014.2,0,0.0186679091108215,0,LOW RISK,2026-08-30 13:02:06
6407-GSJNL,Female,0,No,No,51,Yes,No,Two year,Bank transfer (automatic),24.95,1288.0,0,0.03385947001564695,0,LOW RISK,2026-08-30 13:02:06
6005-OBZPH,Female,1,No,No,26,Yes,Fiber optic,Month-to-month,Electronic check,89.15,2277.65,1,0.8107754131671634,1,HIGH RISK,2026-08-30 13:02:06
4049-ZPALD,Female,0,Yes,No,64,Yes,Fiber optic,Two year,Bank transfer (automatic),99.0,6375.8,0,0.16961519580853807,0,LOW RISK,2026-08-30 13:02:06
7932-WPTDS,Female,1,Yes,No,1,No,DSL,Month-to-month,Electronic check,24.8,24.8,1,0.8467159950594038,1,HIGH RISK,2026-08-30 13:02:06
3733-UOCWF,Male,1,Yes,No,61,Yes,Fiber optic,One year,Bank transfer (automatic),85.55,5251.75,0,0.28080158727232846,0,LOW RISK,2026-08-30 13:02:06
6833-JMZYP,Female,0,No,No,15,Yes,Fiber optic,Month-to-month,Credit card (automatic),94.0,1505.45,0,0.7874369481591624,1,HIGH RISK,2026-08-30 13:02:06
2722-VOJQL,Male,0,No,No,64,Yes,Fiber optic,One year,Credit card (automatic),105.65,6903.1,1,0.3721625055584455,0,LOW RISK,2026-08-30 13:02:06
1310-QRITU,Female,0,No,No,18,Yes,DSL,Month-to-month,Electronic check,50.3,913.3,0,0.5998865343907204,1,MEDIUM RISK,2026-08-30 13:02:06
8961-QDZZJ,Female,0,Yes,Yes,57,Yes,Fiber optic,One year,Electronic check,95.0,5535.8,0,0.4605235843397376,0,MEDIUM RISK,2026-08-30 13:02:06
9715-SBVSU,Male,0,Yes,Yes,14,Yes,DSL,Two year,Bank transfer (automatic),61.4,815.55,0,0.12465142552742552,0,LOW RISK,2026-08-30 13:02:06
8490-BXHEO,Male,1,No,No,18,Yes,Fiber optic,Month-to-month,Credit card (automatic),80.55,1411.65,0,0.7040019718802131,1,HIGH RISK,2026-08-30 13:02:06
7173-TETGO,Female,1,Yes,No,72,Yes,Fiber optic,Two year,Bank transfer (automatic),78.5,5602.25,0,0.07940585230125992,0,LOW RISK,2026-08-30 13:02:06
7929-SKFGK,Male,0,Yes,No,70,Yes,Fiber optic,Two year,Credit card (automatic),114.3,8244.3,0,0.10670452423759456,0,LOW RISK,2026-08-30 13:02:06
2300-RQGOI,Female,0,No,No,38,Yes,No,Two year,Mailed check,20.05,741.5,0,0.02589237425300051,0,LOW RISK,2026-08-30 13:02:06
3563-SVYLG,Male,0,Yes,Yes,68,Yes,DSL,Two year,Credit card (automatic),62.65,4375.8,0,0.016122953497390135,0,LOW RISK,2026-08-30 13:02:06
5228-EXCET,Male,0,No,No,13,Yes,Fiber optic,Month-to-month,Electronic check,80.85,1008.7,1,0.7994309604978677,1,HIGH RISK,2026-08-30 13:02:06
6435-VWCCY,Male,1,Yes,No,65,Yes,Fiber optic,Two year,Credit card (automatic),92.7,5968.4,0,0.17257429090793286,0,LOW RISK,2026-08-30 13:02:06
4998-IKFSE,Female,0,No,No,30,Yes,Fiber optic,Month-to-month,Electronic check,100.45,3096.9,0,0.785717319437873,1,HIGH RISK,2026-08-30 13:02:06
8630-QSGXK,Male,0,Yes,No,51,Yes,DSL,Two year,Bank transfer (automatic),75.2,3901.25,0,0.13071416446243503,0,LOW RISK,2026-08-30 13:02:06
2455-USLMV,Female,0,No,No,31,Yes,Fiber optic,Month-to-month,Credit card (automatic),84.75,2613.4,0,0.5530236146934839,1,MEDIUM RISK,2026-08-30 13:02:06
7394-FKDNK,Female,0,Yes,No,9,Yes,Fiber optic,Month-to-month,Electronic check,89.45,853.1,1,0.8764691809569322,1,HIGH RISK,2026-08-30 13:02:06
9488-FVZCC,Female,0,Yes,Yes,72,Yes,DSL,Two year,Bank transfer (automatic),79.5,5661.7,0,0.025090570878550104,0,LOW RISK,2026-08-30 13:02:06
6331-LWDTQ,Male,0,No,No,10,Yes,DSL,Month-to-month,Credit card (automatic),72.15,794.25,1,0.7445606078252212,1,HIGH RISK,2026-08-30 13:02:06
5995-WWKKG,Female,0,No,No,37,Yes,No,One year,Electronic check,19.8,695.05,0,0.1091062055286672,0,LOW RISK,2026-08-30 13:02:06
1597-FZREH,Female,0,No,No,2,Yes,DSL,Month-to-month,Electronic check,76.4,160.8,1,0.6808096018748677,1,MEDIUM RISK,2026-08-30 13:02:06
7879-CGSFV,Male,0,No,No,55,Yes,Fiber optic,One year,Mailed check,100.9,5552.05,0,0.3499252119831031,0,LOW RISK,2026-08-30 13:02:06
9921-EZKBY,Male,0,No,Yes,33,Yes,Fiber optic,Month-to-month,Bank transfer (automatic),95.3,3275.15,0,0.5731776777895801,1,MEDIUM RISK,2026-08-30 13:02:06
7432-FFVAR,Female,0,Yes,Yes,46,Yes,Fiber optic,One year,Bank transfer (automatic),90.95,4236.6,0,0.18285158918573277,0,LOW RISK,2026-08-30 13:02:06
7246-ZGQDF,Female,0,No,Yes,1,Yes,DSL,Month-to-month,Electronic check,54.5,54.5,0,0.48326258527814453,0,MEDIUM RISK,2026-08-30 13:02:06
7000-WCEVQ,Female,1,No,No,20,Yes,DSL,Month-to-month,Mailed check,61.6,1174.35,1,0.6061798753973606,1,MEDIUM RISK,2026-08-30 13:02:06
0727-IWKVK,Male,0,Yes,No,9,Yes,Fiber optic,Month-to-month,Electronic check,79.9,741.7,1,0.8290948902253971,1,HIGH RISK,2026-08-30 13:02:06
5959-BELXA,Male,1,No,No,32,Yes,Fiber optic,Month-to-month,Credit card (automatic),96.15,3019.25,1,0.7929699727040506,1,HIGH RISK,2026-08-30 13:02:06
4456-RHSNB,Female,0,Yes,Yes,19,Yes,DSL,Month-to-month,Bank transfer (automatic),49.6,962.9,0,0.38161846890884865,0,LOW RISK,2026-08-30 13:02:06
3512-IZIKN,Female,0,Yes,No,70,Yes,DSL,Two year,Credit card (automatic),65.3,4759.75,1,0.019416523075457954,0,LOW RISK,2026-08-30 13:02:06
2481-SBOYW,Female,0,No,Yes,61,Yes,No,Two year,Credit card (automatic),25.0,1498.35,0,0.027097520082883617,0,LOW RISK,2026-08-30 13:02:06
7109-MFBYV,Male,0,No,No,26,Yes,DSL,Month-to-month,Electronic check,45.45,1233.15,0,0.4214033131322665,0,MEDIUM RISK,2026-08-30 13:02:06
1833-TCXKK,Male,0,Yes,No,45,Yes,Fiber optic,Month-to-month,Bank transfer (automatic),107.75,4882.8,0,0.6513345002053681,1,MEDIUM RISK,2026-08-30 13:02:06
1832-PEUTS,Male,0,Yes,Yes,62,Yes,Fiber optic,Two year,Credit card (automatic),89.1,5411.65,0,0.20301157035943984,0,LOW RISK,2026-08-30 13:02:06
6141-OOXUQ,Male,0,No,No,1,Yes,No,Month-to-month,Mailed check,19.65,19.65,1,0.39787664782105153,0,LOW RISK,2026-08-30 13:02:06
8660-BUETV,Female,0,No,No,3,Yes,DSL,Month-to-month,Mailed check,44.75,148.05,0,0.5958319798525954,1,MEDIUM RISK,2026-08-30 13:02:06
0580-PIQHM,Female,0,Yes,Yes,41,Yes,Fiber optic,One year,Bank transfer (automatic),101.6,3930.55,0,0.28623535791751015,0,LOW RISK,2026-08-30 13:02:06
5696-CEIQJ,Male,0,Yes,Yes,67,Yes,Fiber optic,Two year,Bank transfer (automatic),103.15,6895.5,0,0.09590031153434964,0,LOW RISK,2026-08-30 13:02:06
7503-ZGUZJ,Male,0,No,No,1,Yes,Fiber optic,Month-to-month,Mailed check,84.65,84.65,1,0.8978884006985227,1,HIGH RISK,2026-08-30 13:02:06
1696-HXOWK,Female,0,Yes,No,71,Yes,Fiber optic,One year,Mailed check,95.65,6856.95,0,0.17714279955412135,0,LOW RISK,2026-08-30 13:02:06
3026-ATZYV,Female,0,Yes,Yes,37,Yes,DSL,One year,Bank transfer (automatic),75.1,2658.8,0,0.0969644065587428,0,LOW RISK,2026-08-30 13:02:06
4012-YCFAI,Male,0,Yes,No,60,Yes,DSL,Two year,Mailed check,61.35,3766.2,0,0.034593732201223484,0,LOW RISK,2026-08-30 13:02:06
2506-TNFCO,Female,1,Yes,No,1,Yes,Fiber optic,Month-to-month,Electronic check,69.55,69.55,1,0.8908256185689877,1,HIGH RISK,2026-08-30 13:02:06
9970-QBCDA,Female,0,No,No,6,Yes,No,Month-to-month,Credit card (automatic),19.7,129.55,0,0.3440016331904563,0,LOW RISK,2026-08-30 13:02:06
8718-PTMEZ,Female,0,No,No,13,No,DSL,Month-to-month,Electronic check,31.05,347.25,1,0.6146866654142241,1,MEDIUM RISK,2026-08-30 13:02:06
9496-IVVRP,Female,0,Yes,Yes,11,Yes,DSL,Month-to-month,Bank transfer (automatic),51.0,581.7,0,0.3688636190119073,0,LOW RISK,2026-08-30 13:02:06
2207-OBZNX,Male,0,No,No,7,Yes,DSL,Month-to-month,Mailed check,51.0,354.05,1,0.5494218133524689,1,MEDIUM RISK,2026-08-30 13:02:06
2657-VPXTA,Female,0,Yes,Yes,10,Yes,Fiber optic,Month-to-month,Electronic check,88.85,929.45,0,0.8874051495140298,1,HIGH RISK,2026-08-30 13:02:06
6551-VLJMV,Male,0,Yes,No,34,Yes,No,Two year,Credit card (automatic),20.05,679.0,0,0.031591606315270755,0,LOW RISK,2026-08-30 13:02:06
1221-GHZEP,Female,0,No,No,62,Yes,DSL,Two year,Mailed check,65.1,3846.75,0,0.034320296406902935,0,LOW RISK,2026-08-30 13:02:06
9289-LBQVU,Male,0,Yes,No,64,Yes,DSL,One year,Mailed check,70.15,4480.7,0,0.1216794528240088,0,LOW RISK,2026-08-30 13:02:06
6142-VSJQO,Female,0,Yes,Yes,1,Yes,DSL,Month-to-month,Bank transfer (automatic),44.35,44.35,1,0.6404833874658701,1,MEDIUM RISK,2026-08-30 13:02:06
3458-IDMFK,Male,0,No,No,25,Yes,No,Two year,Mailed check,20.75,499.4,0,0.05866201036166165,0,LOW RISK,2026-08-30 13:02:06
6933-FHBZC,Female,0,No,No,26,Yes,DSL,One year,Mailed check,56.05,1553.2,0,0.2320889997854699,0,LOW RISK,2026-08-30 13:02:06
0221-NAUXK,Male,0,No,Yes,10,Yes,No,One year,Bank transfer (automatic),19.95,219.5,0,0.19474130517751517,0,LOW RISK,2026-08-30 13:02:06
9770-KXGQU,Female,0,No,No,53,Yes,Fiber optic,One year,Mailed check,98.6,5311.85,0,0.29339426635415145,0,LOW RISK,2026-08-30 13:02:06
6437-UKHMV,Female,0,No,No,7,Yes,Fiber optic,Month-to-month,Electronic check,79.7,586.05,1,0.8801567432936546,1,HIGH RISK,2026-08-30 13:02:06
6538-POCHL,Male,0,No,No,33,Yes,Fiber optic,Month-to-month,Credit card (automatic),79.0,2576.8,0,0.5268650077892245,1,MEDIUM RISK,2026-08-30 13:02:06
6726-NNFWD,Female,1,Yes,No,71,Yes,Fiber optic,Two year,Credit card (automatic),89.45,6435.25,0,0.1112494462811209,0,LOW RISK,2026-08-30 13:02:06
3002-WQZWT,Female,0,No,No,29,Yes,Fiber optic,Month-to-month,Electronic check,74.2,1993.25,0,0.7267083997455085,1,HIGH RISK,2026-08-30 13:02:06
4277-UDIEF,Male,0,Yes,Yes,24,Yes,DSL,Month-to-month,Bank transfer (automatic),81.0,1923.85,0,0.2566319396794715,0,LOW RISK,2026-08-30 13:02:06
1208-NBVFH,Male,0,Yes,Yes,20,Yes,DSL,Month-to-month,Electronic check,49.6,939.8,0,0.4712907806853266,0,MEDIUM RISK,2026-08-30 13:02:06
4912-PIGUY,Female,0,No,No,1,Yes,Fiber optic,Month-to-month,Electronic check,84.6,84.6,0,0.9240726175548161,1,HIGH RISK,2026-08-30 13:02:06
1114-CENIM,Male,0,No,Yes,54,Yes,DSL,Month-to-month,Credit card (automatic),55.0,3092.65,1,0.2968162232242158,0,LOW RISK,2026-08-30 13:02:06
6060-DRTNL,Female,1,No,No,5,Yes,Fiber optic,Month-to-month,Mailed check,84.85,415.55,1,0.86582936807699,1,HIGH RISK,2026-08-30 13:02:06
2725-TTRIQ,Female,0,Yes,Yes,72,Yes,DSL,Two year,Bank transfer (automatic),84.2,5986.55,0,0.03861219570131398,0,LOW RISK,2026-08-30 13:02:06
3374-TTZTK,Male,0,Yes,No,52,Yes,Fiber optic,Two year,Electronic check,106.3,5487.0,0,0.24931844563261354,0,LOW RISK,2026-08-30 13:02:06
8990-ZXLSU,Female,0,No,No,9,Yes,Fiber optic,Month-to-month,Electronic check,69.05,651.5,0,0.7836514899422349,1,HIGH RISK,2026-08-30 13:02:06
2275-RBYQS,Female,0,No,No,1,Yes,DSL,Month-to-month,Mailed check,45.4,45.4,0,0.685906502115842,1,MEDIUM RISK,2026-08-30 13:02:06
8473-VUVJN,Male,1,No,No,1,Yes,Fiber optic,Month-to-month,Electronic check,73.65,73.65,1,0.9176141965358618,1,HIGH RISK,2026-08-30 13:02:06
6289-CPNLD,Male,0,Yes,Yes,33,Yes,DSL,One year,Mailed check,73.9,2405.05,1,0.19289936851736328,0,LOW RISK,2026-08-30 13:02:06
5536-SLHPM,Female,0,Yes,No,55,Yes,Fiber optic,Month-to-month,Electronic check,77.75,4458.15,1,0.6675314163977849,1,MEDIUM RISK,2026-08-30 13:02:06
4419-UJMUS,Male,0,Yes,Yes,69,Yes,Fiber optic,Two year,Electronic check,99.35,6856.45,0,0.23437905714697624,0,LOW RISK,2026-08-30 13:02:06
7794-JASDG,Male,0,No,No,1,Yes,DSL,Month-to-month,Mailed check,50.75,50.75,0,0.6057745396422388,1,MEDIUM RISK,2026-08-30 13:02:06
7609-YBPXG,Male,0,No,No,54,Yes,DSL,Two year,Bank transfer (automatic),87.1,4735.2,0,0.060181140566635406,0,LOW RISK,2026-08-30 13:02:06
5519-TEEUH,Male,0,No,Yes,33,Yes,No,One year,Mailed check,20.15,682.15,0,0.07756684474156365,0,LOW RISK,2026-08-30 13:02:06
7856-GANIL,Male,1,Yes,No,45,Yes,Fiber optic,One year,Bank transfer (automatic),98.7,4525.8,0,0.3772142165815762,0,LOW RISK,2026-08-30 13:02:06
0804-XBFBV,Female,0,No,Yes,11,No,DSL,Month-to-month,Electronic check,25.2,321.05,0,0.6399507421281772,1,MEDIUM RISK,2026-08-30 13:02:06
2676-OXPPQ,Male,0,No,No,6,Yes,DSL,Month-to-month,Bank transfer (automatic),55.7,335.65,0,0.517556867361141,1,MEDIUM RISK,2026-08-30 13:02:06
3703-TTEPD,Male,0,No,No,21,Yes,DSL,Month-to-month,Bank transfer (automatic),65.35,1424.4,0,0.2512125573772375,0,LOW RISK,2026-08-30 13:02:06
2799-TSLAG,Female,0,Yes,Yes,65,Yes,No,Two year,Bank transfer (automatic),25.3,1748.55,0,0.023601137916399756,0,LOW RISK,2026-08-30 13:02:06
0196-VULGZ,Female,1,Yes,No,6,Yes,Fiber optic,Month-to-month,Electronic check,84.35,474.9,1,0.9258623046946944,1,HIGH RISK,2026-08-30 13:02:06
8837-VVWLQ,Female,0,No,No,8,Yes,Fiber optic,Month-to-month,Electronic check,84.95,668.4,1,0.7745298336845555,1,HIGH RISK,2026-08-30 13:02:06
2696-NARTR,Male,0,No,No,11,Yes,Fiber optic,Month-to-month,Electronic check,73.85,926.25,1,0.7945976900677091,1,HIGH RISK,2026-08-30 13:02:06
2208-NKVVH,Male,0,Yes,Yes,43,Yes,No,Two year,Mailed check,24.25,1077.95,0,0.0256118423360284,0,LOW RISK,2026-08-30 13:02:06
7614-QVWQL,Male,0,Yes,Yes,49,No,DSL,One year,Bank transfer (automatic),51.8,2541.25,1,0.30713372424174645,0,LOW RISK,2026-08-30 13:02:06
1976-CFOCS,Female,1,Yes,No,1,Yes,DSL,Month-to-month,Electronic check,46.0,46.0,1,0.7252732360749338,1,HIGH RISK,2026-08-30 13:02:06
4631-OACRM,Male,1,No,No,15,Yes,Fiber optic,Month-to-month,Electronic check,79.4,1156.1,1,0.8178333641227219,1,HIGH RISK,2026-08-30 13:02:06
7139-JZFVG,Male,0,Yes,Yes,60,Yes,DSL,Two year,Bank transfer (automatic),60.5,3694.45,0,0.025963695219982458,0,LOW RISK,2026-08-30 13:02:06
4987-GQWPO,Male,0,No,No,17,No,DSL,Month-to-month,Credit card (automatic),25.1,382.8,0,0.44398096172335977,0,MEDIUM RISK,2026-08-30 13:02:06
3755-JBMNH,Male,1,Yes,No,16,Yes,Fiber optic,Month-to-month,Bank transfer (automatic),71.8,1167.8,1,0.6797575116475412,1,MEDIUM RISK,2026-08-30 13:02:06
1757-TCATG,Male,0,Yes,Yes,35,Yes,No,One year,Bank transfer (automatic),20.05,746.75,0,0.0518692432859117,0,LOW RISK,2026-08-30 13:02:06
6345-ULYRW,Male,1,Yes,No,44,Yes,Fiber optic,One year,Mailed check,88.4,3912.9,1,0.3786371941327807,0,LOW RISK,2026-08-30 13:02:06
4776-XSKYQ,Female,0,Yes,Yes,12,No,DSL,One year,Credit card (automatic),30.25,368.85,0,0.30225676411997937,0,LOW RISK,2026-08-30 13:02:06
8048-DSDFQ,Male,0,No,No,1,Yes,No,Month-to-month,Mailed check,20.2,20.2,0,0.3954809645701498,0,LOW RISK,2026-08-30 13:02:06
5753-QQWPW,Female,0,No,No,28,Yes,DSL,One year,Electronic check,59.9,1654.7,0,0.17010511470654416,0,LOW RISK,2026-08-30 13:02:06
6010-DDPPW,Male,0,Yes,No,70,Yes,No,Two year,Bank transfer (automatic),25.15,1940.85,0,0.017706828695188682,0,LOW RISK,2026-08-30 13:02:06
1809-DMJHQ,Female,0,No,Yes,5,Yes,DSL,Month-to-month,Mailed check,46.0,221.7,1,0.5138147600507122,1,MEDIUM RISK,2026-08-30 13:02:06
6693-FRIRW,Male,0,No,No,18,Yes,Fiber optic,Month-to-month,Credit card (automatic),101.3,1794.65,0,0.6649180235113151,1,MEDIUM RISK,2026-08-30 13:02:06
6586-MYGKD,Male,0,Yes,No,70,Yes,DSL,Two year,Credit card (automatic),76.95,5289.8,0,0.05339023616112139,0,LOW RISK,2026-08-30 13:02:06
3173-NVMPX,Female,0,Yes,Yes,9,Yes,DSL,Month-to-month,Mailed check,55.3,501.2,0,0.6187027483491508,1,MEDIUM RISK,2026-08-30 13:02:06
0248-PGHBZ,Female,1,No,No,67,Yes,Fiber optic,Two year,Bank transfer (automatic),92.45,6140.85,0,0.08991960971976382,0,LOW RISK,2026-08-30 13:02:06
0623-GDISB,Female,0,No,No,1,Yes,DSL,Month-to-month,Bank transfer (automatic),48.45,48.45,0,0.5985319272310019,1,MEDIUM RISK,2026-08-30 13:02:06
2892-GESUL,Female,0,Yes,Yes,18,Yes,No,Two year,Mailed check,19.35,309.25,0,0.03786088449607241,0,LOW RISK,2026-08-30 13:02:06
6923-EFPNL,Male,0,No,No,4,Yes,DSL,Month-to-month,Credit card (automatic),51.75,201.1,1,0.6471701614871086,1,MEDIUM RISK,2026-08-30 13:02:06
7472-EQOAV,Male,1,Yes,Yes,71,Yes,Fiber optic,One year,Bank transfer (automatic),86.7,6179.35,0,0.12974723050781578,0,LOW RISK,2026-08-30 13:02:06
9574-RKJIF,Male,0,Yes,Yes,30,Yes,Fiber optic,Month-to-month,Electronic check,94.4,2838.7,1,0.6598712959428603,1,MEDIUM RISK,2026-08-30 13:02:06
2043-WVTQJ,Male,0,Yes,No,1,Yes,DSL,Month-to-month,Mailed check,55.7,55.7,0,0.5325357556517368,1,MEDIUM RISK,2026-08-30 13:02:06
8034-RYTVV,Female,0,No,No,55,Yes,Fiber optic,One year,Credit card (automatic),84.25,4589.85,0,0.29881563175088705,0,LOW RISK,2026-08-30 13:02:06
3863-QSTYI,Male,0,No,No,59,Yes,DSL,Month-to-month,Electronic check,64.65,3735.45,0,0.3510890327360636,0,LOW RISK,2026-08-30 13:02:06
2619-WFQWU,Female,0,No,No,1,Yes,Fiber optic,Month-to-month,Mailed check,70.15,70.15,1,0.8236984201523583,1,HIGH RISK,2026-08-30 13:02:06
5044-LRQAQ,Female,0,Yes,No,7,Yes,Fiber optic,Month-to-month,Bank transfer (automatic),69.2,477.55,0,0.7899609512348034,1,HIGH RISK,2026-08-30 13:02:06
1716-LSAMB,Male,0,Yes,Yes,45,Yes,DSL,Two year,Bank transfer (automatic),54.65,2553.7,0,0.022744144920918526,0,LOW RISK,2026-08-30 13:02:06
1333-PBMXB,Female,0,Yes,Yes,54,Yes,No,One year,Bank transfer (automatic),24.75,1342.15,0,0.07544190432859774,0,LOW RISK,2026-08-30 13:02:06
6546-OPBBH,Male,0,Yes,Yes,51,Yes,No,One year,Mailed check,23.95,1216.35,0,0.09063053497031438,0,LOW RISK,2026-08-30 13:02:06
5985-BEHZK,Female,1,Yes,No,72,Yes,Fiber optic,One year,Credit card (automatic),105.0,7578.05,0,0.33583652707532036,0,LOW RISK,2026-08-30 13:02:06
9127-QRZMH,Male,0,Yes,No,44,Yes,DSL,One year,Bank transfer (automatic),59.85,2603.95,0,0.07503718478253923,0,LOW RISK,2026-08-30 13:02:06
5919-VCZYM,Male,0,No,No,2,Yes,No,Month-to-month,Mailed check,20.05,42.7,0,0.3879168329013646,0,LOW RISK,2026-08-30 13:02:06
9644-KVCNC,Female,0,No,No,66,Yes,Fiber optic,One year,Bank transfer (automatic),92.15,6056.9,0,0.3467668825695654,0,LOW RISK,2026-08-30 13:02:06
2137-DQMEV,Male,0,Yes,Yes,68,No,DSL,One year,Mailed check,44.8,2983.65,0,0.07658196664871263,0,LOW RISK,2026-08-30 13:02:06
8174-LNWMW,Female,0,No,No,31,Yes,No,Two year,Credit card (automatic),20.9,689.35,0,0.03316334236613778,0,LOW RISK,2026-08-30 13:02:06
9279-CJEOJ,Female,1,No,No,21,Yes,Fiber optic,Month-to-month,Bank transfer (automatic),95.4,2025.1,0,0.813846013720476,1,HIGH RISK,2026-08-30 13:02:06
7964-VEXDG,Male,0,No,Yes,21,Yes,Fiber optic,Month-to-month,Electronic check,80.35,1747.2,0,0.5471657111403276,1,MEDIUM RISK,2026-08-30 13:02:06
2404-JIBFC,Female,0,Yes,Yes,55,Yes,DSL,Two year,Bank transfer (automatic),85.1,4657.95,0,0.06807641073405427,0,LOW RISK,2026-08-30 13:02:06
0778-NELLA,Male,0,No,No,9,No,DSL,Month-to-month,Credit card (automatic),34.7,296.1,1,0.7602910031654304,1,HIGH RISK,2026-08-30 13:02:06
8029-XYPWT,Male,1,Yes,No,71,Yes,Fiber optic,Two year,Bank transfer (automatic),115.05,8016.6,0,0.15008032644113128,0,LOW RISK,2026-08-30 13:02:06
4614-NUVZD,Female,0,No,No,1,Yes,Fiber optic,Month-to-month,Electronic check,81.1,81.1,1,0.8994882872566922,1,HIGH RISK,2026-08-30 13:02:06
4632-PAOYU,Male,0,Yes,Yes,22,Yes,No,One year,Mailed check,19.95,433.5,0,0.07063772557294754,0,LOW RISK,2026-08-30 13:02:06
3803-KMQFW,Female,0,Yes,Yes,1,Yes,No,Month-to-month,Mailed check,20.55,20.55,1,0.3467230215992563,0,LOW RISK,2026-08-30 13:02:06
6804-GDMOI,Female,0,No,No,61,Yes,Fiber optic,Two year,Electronic check,106.6,6428.4,1,0.3167586731868485,0,LOW RISK,2026-08-30 13:02:06
2990-OGYTD,Female,0,Yes,No,67,Yes,DSL,Two year,Bank transfer (automatic),86.15,5883.85,0,0.05034066235922872,0,LOW RISK,2026-08-30 13:02:06
6646-JPPHA,Female,1,No,No,14,Yes,Fiber optic,Month-to-month,Electronic check,78.85,1043.8,0,0.5865597359222814,1,MEDIUM RISK,2026-08-30 13:02:06
9572-MTILT,Male,0,Yes,No,59,Yes,Fiber optic,Month-to-month,Electronic check,106.75,6252.9,1,0.5197877407161079,1,MEDIUM RISK,2026-08-30 13:02:06
7658-UYUQS,Male,1,Yes,No,21,Yes,Fiber optic,Month-to-month,Bank transfer (automatic),86.55,1857.25,0,0.6350811398446522,1,MEDIUM RISK,2026-08-30 13:02:06
7880-XSOJX,Male,0,No,No,4,No,DSL,Month-to-month,Mailed check,42.4,146.4,0,0.4683814187355035,0,MEDIUM RISK,2026-08-30 13:02:06
9611-CTWIH,Female,0,No,No,3,Yes,Fiber optic,Month-to-month,Electronic check,89.45,240.45,1,0.9176049190038934,1,HIGH RISK,2026-08-30 13:02:06
4589-IUAJB,Male,0,Yes,No,70,Yes,No,Two year,Bank transfer (automatic),24.25,1724.15,0,0.017651408669887587,0,LOW RISK,2026-08-30 13:02:06
0329-GTIAJ,Female,0,No,No,3,Yes,Fiber optic,Month-to-month,Electronic check,97.9,315.3,1,0.8894728802810088,1,HIGH RISK,2026-08-30 13:02:06
8746-BFOAJ,Male,1,No,No,21,Yes,No,One year,Bank transfer (automatic),20.5,429.55,0,0.09502815873010148,0,LOW RISK,2026-08-30 13:02:06
8457-XIGKN,Male,0,No,No,20,Yes,No,Month-to-month,Credit card (automatic),19.6,356.15,0,0.2229297818239218,0,LOW RISK,2026-08-30 13:02:06
6072-NUQCB,Male,0,Yes,Yes,22,Yes,No,One year,Bank transfer (automatic),20.25,488.25,0,0.0680079818869213,0,LOW RISK,2026-08-30 13:02:06
6629-CZTTH,Male,0,No,No,1,Yes,DSL,Month-to-month,Mailed check,55.7,55.7,1,0.7537475770807478,1,HIGH RISK,2026-08-30 13:02:06
8838-GPHZP,Female,0,No,No,63,Yes,No,Two year,Mailed check,20.6,1298.7,0,0.02279592924984783,0,LOW RISK,2026-08-30 13:02:06
8750-QWZAJ,Female,0,Yes,Yes,70,Yes,No,Two year,Bank transfer (automatic),19.8,1378.75,0,0.010046894704338314,0,LOW RISK,2026-08-30 13:02:06
5364-EVNIB,Male,0,No,No,13,Yes,Fiber optic,Month-to-month,Electronic check,79.8,973.45,1,0.7229928459230476,1,HIGH RISK,2026-08-30 13:02:06
6918-UMQCG,Female,0,No,No,5,Yes,Fiber optic,Month-to-month,Electronic check,80.2,384.25,0,0.8432090515637178,1,HIGH RISK,2026-08-30 13:02:06
0675-NCDYU,Female,0,Yes,Yes,72,Yes,Fiber optic,Two year,Credit card (automatic),116.4,8543.25,0,0.10686691932432046,0,LOW RISK,2026-08-30 13:02:06
6339-DKLMK,Female,0,No,No,13,No,DSL,Month-to-month,Electronic check,31.65,389.95,0,0.6148895131951664,1,MEDIUM RISK,2026-08-30 13:02:06
1346-PJWTK,Male,0,Yes,No,61,Yes,Fiber optic,Month-to-month,Credit card (automatic),94.15,5731.85,0,0.354230748866747,0,LOW RISK,2026-08-30 13:02:06
5088-QZLRL,Male,0,No,No,1,Yes,No,Month-to-month,Electronic check,20.65,20.65,0,0.47943363994405114,0,MEDIUM RISK,2026-08-30 13:02:06
8023-QHAIO,Female,1,Yes,No,56,Yes,Fiber optic,Month-to-month,Bank transfer (automatic),76.85,4275.75,0,0.529494709919382,1,MEDIUM RISK,2026-08-30 13:02:06
4397-FRLTA,Female,0,No,No,4,Yes,No,Month-to-month,Mailed check,20.15,84.5,0,0.362749460069794,0,LOW RISK,2026-08-30 13:02:06
3057-VJJQE,Male,0,No,No,35,Yes,DSL,Two year,Mailed check,55.25,1924.1,0,0.06919432798959178,0,LOW RISK,2026-08-30 13:02:06
5087-SUURX,Female,0,Yes,No,18,No,DSL,Month-to-month,Electronic check,39.05,669.85,1,0.6928953048890556,1,MEDIUM RISK,2026-08-30 13:02:06
2302-OUZXB,Male,0,Yes,No,72,Yes,DSL,Two year,Bank transfer (automatic),82.15,5784.3,0,0.05404276107571931,0,LOW RISK,2026-08-30 13:02:06
8133-ANHHJ,Female,1,No,No,49,Yes,Fiber optic,One year,Bank transfer (automatic),103.0,5166.2,0,0.2975030995488072,0,LOW RISK,2026-08-30 13:02:06
2270-CHBFN,Female,0,Yes,No,44,Yes,Fiber optic,Month-to-month,Credit card (automatic),95.1,4060.55,0,0.35274689995089453,0,LOW RISK,2026-08-30 13:02:06
0013-EXCHZ,Female,1,Yes,No,3,Yes,Fiber optic,Month-to-month,Mailed check,83.9,267.4,1,0.847678791327732,1,HIGH RISK,2026-08-30 13:02:06
5982-FPVQN,Female,0,Yes,Yes,37,Yes,Fiber optic,Month-to-month,Electronic check,95.15,3532.85,0,0.6867193932129305,1,MEDIUM RISK,2026-08-30 13:02:06
9107-UKCKY,Male,0,Yes,No,61,Yes,DSL,One year,Electronic check,79.8,4914.8,0,0.29282980790470525,0,LOW RISK,2026-08-30 13:02:06
4654-ULTTN,Male,0,Yes,No,70,Yes,DSL,Two year,Credit card (automatic),74.8,5315.8,0,0.03919138998091616,0,LOW RISK,2026-08-30 13:02:06
5550-VFRLC,Female,1,No,No,1,Yes,Fiber optic,Month-to-month,Electronic check,69.85,69.85,1,0.8868586378414559,1,HIGH RISK,2026-08-30 13:02:06
5546-BYZSM,Female,0,No,No,41,Yes,No,Month-to-month,Electronic check,20.45,775.6,0,0.13321577698263826,0,LOW RISK,2026-08-30 13:02:06
1492-KGETH,Male,0,Yes,Yes,70,Yes,DSL,One year,Bank transfer (automatic),78.35,5445.95,0,0.04318483834873997,0,LOW RISK,2026-08-30 13:02:06
4929-BSTRX,Female,0,No,No,1,Yes,DSL,Month-to-month,Mailed check,53.55,53.55,1,0.7518523934907325,1,HIGH RISK,2026-08-30 13:02:06
4163-HFTUK,Male,0,No,No,51,Yes,No,One year,Electronic check,19.1,1007.8,0,0.0801953679308796,0,LOW RISK,2026-08-30 13:02:06
8215-NGSPE,Female,0,Yes,Yes,42,Yes,No,Two year,Mailed check,20.0,833.55,0,0.018740175478101594,0,LOW RISK,2026-08-30 13:02:06
2225-ZRGSG,Female,0,Yes,Yes,70,Yes,Fiber optic,Two year,Bank transfer (automatic),93.9,6579.05,1,0.043165125143220115,0,LOW RISK,2026-08-30 13:02:06
8859-YSTWS,Male,0,No,No,48,Yes,No,One year,Bank transfer (automatic),19.95,1004.5,0,0.03775463302367977,0,LOW RISK,2026-08-30 13:02:06
5271-YNWVR,Male,0,Yes,Yes,68,Yes,Fiber optic,Two year,Electronic check,113.15,7856.0,1,0.17535051886897232,0,LOW RISK,2026-08-30 13:02:06
7601-DHFWZ,Female,0,No,No,48,Yes,No,Two year,Credit card (automatic),24.0,1183.05,0,0.02423741056728558,0,LOW RISK,2026-08-30 13:02:06
2657-ALMWY,Female,1,Yes,No,26,Yes,Fiber optic,Month-to-month,Electronic check,84.95,2169.75,1,0.6991998542706553,1,MEDIUM RISK,2026-08-30 13:02:06
6330-JKLPC,Male,0,Yes,No,11,Yes,Fiber optic,Month-to-month,Bank transfer (automatic),80.5,896.9,1,0.8001084519732172,1,HIGH RISK,2026-08-30 13:02:06
4667-OHGKG,Male,0,No,No,1,Yes,No,Month-to-month,Mailed check,19.3,19.3,1,0.4845255448018047,0,MEDIUM RISK,2026-08-30 13:02:06
1998-VHJHK,Female,0,No,No,27,Yes,No,One year,Mailed check,19.15,501.35,0,0.0826065418908327,0,LOW RISK,2026-08-30 13:02:06
1707-HABPF,Female,1,No,No,46,Yes,Fiber optic,One year,Bank transfer (automatic),91.3,4126.35,0,0.33161433593240164,0,LOW RISK,2026-08-30 13:02:06
1660-HSOOQ,Male,0,No,No,1,Yes,DSL,Month-to-month,Mailed check,49.65,49.65,1,0.6967683895884373,1,MEDIUM RISK,2026-08-30 13:02:06
7253-UVNDW,Female,0,No,No,46,Yes,DSL,Two year,Credit card (automatic),54.35,2460.15,1,0.037425153896578904,0,LOW RISK,2026-08-30 13:02:06
0487-VVUVK,Male,0,Yes,Yes,25,Yes,No,Month-to-month,Mailed check,19.15,477.6,0,0.19985264543949785,0,LOW RISK,2026-08-30 13:02:06
7228-OMTPN,Male,0,No,No,4,Yes,Fiber optic,Month-to-month,Electronic check,88.45,370.65,1,0.921945318658854,1,HIGH RISK,2026-08-30 13:02:06
5063-IUOKK,Male,0,No,No,13,Yes,No,Two year,Mailed check,19.75,265.75,0,0.05569599259410895,0,LOW RISK,2026-08-30 13:02:06
4508-OEBEY,Male,0,Yes,No,31,Yes,DSL,One year,Credit card (automatic),75.5,2424.45,0,0.1230846761938414,0,LOW RISK,2026-08-30 13:02:06
0027-KWYKW,Female,0,Yes,Yes,23,Yes,Fiber optic,Month-to-month,Electronic check,83.75,1849.95,0,0.7578717824495721,1,HIGH RISK,2026-08-30 13:02:06
2308-STERM,Female,0,No,No,2,Yes,No,Month-to-month,Mailed check,19.4,61.05,0,0.3930201778565358,0,LOW RISK,2026-08-30 13:02:06
5982-XMDEX,Female,0,No,No,65,Yes,No,Two year,Bank transfer (automatic),26.5,1698.55,0,0.019388200570911878,0,LOW RISK,2026-08-30 13:02:06
6284-AHOOQ,Male,1,No,No,22,Yes,Fiber optic,Month-to-month,Bank transfer (automatic),90.5,1910.6,1,0.697110089364552,1,MEDIUM RISK,2026-08-30 13:02:06
6051-PTVNS,Female,0,Yes,Yes,55,Yes,No,One year,Credit card (automatic),19.15,998.1,0,0.04005677117613287,0,LOW RISK,2026-08-30 13:02:06
2344-JMOGN,Male,0,Yes,No,9,Yes,Fiber optic,Month-to-month,Mailed check,94.85,890.6,1,0.7774158184895262,1,HIGH RISK,2026-08-30 13:02:06
3799-ISUZQ,Male,0,Yes,Yes,7,Yes,Fiber optic,Month-to-month,Bank transfer (automatic),69.95,529.5,1,0.7598904811724081,1,HIGH RISK,2026-08-30 13:02:06
2877-VDUER,Female,0,Yes,Yes,35,No,DSL,One year,Mailed check,40.9,1383.6,0,0.16663900701215337,0,LOW RISK,2026-08-30 13:02:06
9152-AMKAK,Male,0,No,No,6,Yes,DSL,Two year,Mailed check,80.25,493.4,0,0.22173916534973834,0,LOW RISK,2026-08-30 13:02:06
1794-HBQTJ,Female,0,No,No,1,Yes,DSL,Month-to-month,Credit card (automatic),48.6,48.6,1,0.6052190347674816,1,MEDIUM RISK,2026-08-30 13:02:06
9432-VOFYX,Male,0,No,No,17,Yes,Fiber optic,Month-to-month,Electronic check,70.8,1207.0,0,0.7168778641466592,1,HIGH RISK,2026-08-30 13:02:06
8049-WJCLQ,Male,0,Yes,Yes,10,Yes,DSL,Month-to-month,Mailed check,60.2,563.5,0,0.560770312593443,1,MEDIUM RISK,2026-08-30 13:02:06
6586-PSJOX,Male,0,No,Yes,15,Yes,DSL,One year,Credit card (automatic),55.2,864.55,0,0.15618011542979798,0,LOW RISK,2026-08-30 13:02:06
2460-FPSYH,Female,1,No,No,40,No,DSL,Month-to-month,Electronic check,55.8,2109.35,1,0.5262007603130882,1,MEDIUM RISK,2026-08-30 13:02:06
9705-ZJBCG,Female,0,Yes,Yes,13,Yes,DSL,One year,Bank transfer (automatic),54.15,701.05,0,0.11817000568933712,0,LOW RISK,2026-08-30 13:02:06
4818-DRBQT,Male,0,Yes,No,29,Yes,Fiber optic,Month-to-month,Bank transfer (automatic),80.15,2265.25,1,0.6278555080105563,1,MEDIUM RISK,2026-08-30 13:02:06
1320-HTRDR,Female,0,No,No,3,Yes,Fiber optic,Month-to-month,Electronic check,75.5,220.6,1,0.8917985632967518,1,HIGH RISK,2026-08-30 13:02:06
6847-KJLTS,Female,1,Yes,No,58,Yes,Fiber optic,Month-to-month,Bank transfer (automatic),100.4,5749.8,0,0.6593725869197795,1,MEDIUM RISK,2026-08-30 13:02:06
9670-BPNXF,Female,0,No,No,45,Yes,DSL,One year,Credit card (automatic),62.55,2796.45,0,0.06915436031803761,0,LOW RISK,2026-08-30 13:02:06
3913-FCUUW,Female,0,Yes,Yes,72,Yes,DSL,Two year,Bank transfer (automatic),70.45,5165.7,0,0.017753997438950744,0,LOW RISK,2026-08-30 13:02:06
3301-VKTGC,Male,0,Yes,Yes,68,Yes,Fiber optic,One year,Bank transfer (automatic),85.5,5696.6,0,0.1592727463577355,0,LOW RISK,2026-08-30 13:02:06
1493-AMTIE,Male,0,No,No,1,Yes,No,Month-to-month,Bank transfer (automatic),20.2,20.2,1,0.4689632533383156,0,MEDIUM RISK,2026-08-30 13:02:06
9555-SAHUZ,Female,0,Yes,Yes,38,Yes,DSL,Month-to-month,Electronic check,54.5,2076.05,0,0.19045707931200556,0,LOW RISK,2026-08-30 13:02:06
0816-TSPHQ,Male,0,No,No,2,Yes,No,Month-to-month,Mailed check,20.75,44.2,0,0.3849483102490898,0,LOW RISK,2026-08-30 13:02:06
9932-WBWIK,Male,0,No,No,11,Yes,No,Month-to-month,Mailed check,20.35,215.25,0,0.30530259119680614,0,LOW RISK,2026-08-30 13:02:06
4619-EVPHY,Female,1,Yes,No,20,Yes,Fiber optic,One year,Bank transfer (automatic),91.0,1859.5,0,0.6193433454139651,1,MEDIUM RISK,2026-08-30 13:02:06
5286-YHCVC,Male,0,Yes,No,72,Yes,Fiber optic,Two year,Bank transfer (automatic),104.8,7470.1,0,0.2141927998421488,0,LOW RISK,2026-08-30 13:02:06
6424-ELEYH,Female,0,Yes,No,3,Yes,Fiber optic,Month-to-month,Credit card (automatic),74.75,229.5,1,0.8588352124994162,1,HIGH RISK,2026-08-30 13:02:06
4391-RESHN,Male,0,No,No,23,Yes,Fiber optic,Month-to-month,Mailed check,104.05,2470.1,1,0.7477610235299017,1,HIGH RISK,2026-08-30 13:02:06
9115-YQHGA,Male,0,No,No,40,Yes,DSL,Month-to-month,Electronic check,51.1,2092.9,0,0.3123960951997683,0,LOW RISK,2026-08-30 13:02:06
4462-CYWMH,Male,1,Yes,No,62,Yes,Fiber optic,Month-to-month,Bank transfer (automatic),89.8,5629.55,0,0.599068582359667,1,MEDIUM RISK,2026-08-30 13:02:06
8963-MQVYN,Female,0,No,Yes,22,Yes,No,Month-to-month,Electronic check,20.55,469.85,0,0.2309219946150823,0,LOW RISK,2026-08-30 13:02:06
2458-EOMRE,Female,0,No,No,11,Yes,DSL,Month-to-month,Bank transfer (automatic),64.05,733.95,0,0.5077034829162126,1,MEDIUM RISK,2026-08-30 13:02:06
9334-GWGOW,Male,1,Yes,No,7,Yes,Fiber optic,Month-to-month,Electronic check,74.85,485.25,0,0.8988386331872874,1,HIGH RISK,2026-08-30 13:02:06
6821-BUXUX,Female,0,No,No,13,Yes,Fiber optic,Month-to-month,Electronic check,96.65,1244.5,1,0.758133874153387,1,HIGH RISK,2026-08-30 13:02:06
5028-HTLJB,Male,1,No,No,1,Yes,No,Month-to-month,Mailed check,20.05,20.05,1,0.4354054510942717,0,MEDIUM RISK,2026-08-30 13:02:06
9801-GDWGV,Female,0,No,No,39,Yes,Fiber optic,Month-to-month,Electronic check,103.45,3994.45,1,0.7730628074386731,1,HIGH RISK,2026-08-30 13:02:06
6542-LWGXJ,Male,0,Yes,No,3,No,DSL,Month-to-month,Mailed check,25.0,78.25,0,0.6898971638090368,1,MEDIUM RISK,2026-08-30 13:02:06
5567-GZKQY,Male,0,No,No,58,Yes,No,Two year,Credit card (automatic),20.3,1131.5,0,0.019870608261848197,0,LOW RISK,2026-08-30 13:02:06
1222-LRYKO,Male,0,No,Yes,6,Yes,No,Month-to-month,Mailed check,26.35,184.05,0,0.37031314573470914,0,LOW RISK,2026-08-30 13:02:06
2320-JRSDE,Female,0,Yes,Yes,1,Yes,No,Month-to-month,Electronic check,19.9,19.9,1,0.5186405199745443,1,MEDIUM RISK,2026-08-30 13:02:06
2087-QAREY,Female,0,Yes,No,22,Yes,DSL,Month-to-month,Mailed check,54.7,1178.75,0,0.38387405015921616,0,LOW RISK,2026-08-30 13:02:06
0601-WZHJF,Male,0,Yes,No,14,No,DSL,Month-to-month,Electronic check,46.35,667.7,1,0.7170034895744197,1,HIGH RISK,2026-08-30 13:02:06
4423-JWZJN,Male,0,Yes,Yes,64,Yes,Fiber optic,One year,Credit card (automatic),90.25,5629.15,0,0.2707228507486696,0,LOW RISK,2026-08-30 13:02:06
5143-WMWOG,Male,0,No,No,1,Yes,No,Month-to-month,Electronic check,19.95,19.95,1,0.4826141057232837,0,MEDIUM RISK,2026-08-30 13:02:06
6490-FGZAT,Male,0,No,No,6,Yes,No,Month-to-month,Mailed check,20.65,109.3,0,0.3457522853137611,0,LOW RISK,2026-08-30 13:02:06
5393-RXQSZ,Male,0,No,No,1,Yes,Fiber optic,Month-to-month,Electronic check,79.6,79.6,1,0.8697675128561715,1,HIGH RISK,2026-08-30 13:02:06
7452-FOLON,Male,0,No,Yes,39,Yes,No,One year,Bank transfer (automatic),25.45,958.45,0,0.05722277596625042,0,LOW RISK,2026-08-30 13:02:06
2320-TZRRH,Female,0,No,No,20,Yes,No,One year,Mailed check,19.5,403.15,0,0.08818612913489361,0,LOW RISK,2026-08-30 13:02:06
0231-LXVAP,Male,0,No,No,1,Yes,Fiber optic,Month-to-month,Electronic check,75.9,75.9,1,0.8345515130662963,1,HIGH RISK,2026-08-30 13:02:06
9444-JTXHZ,Male,0,Yes,No,1,Yes,Fiber optic,Month-to-month,Electronic check,76.2,76.2,1,0.8318259938124328,1,HIGH RISK,2026-08-30 13:02:06
4942-VZZOM,Male,0,Yes,No,64,Yes,DSL,One year,Credit card (automatic),66.15,4392.5,0,0.12078193435212595,0,LOW RISK,2026-08-30 13:02:06
5510-BOIUJ,Male,0,No,Yes,1,Yes,No,Month-to-month,Mailed check,19.25,19.25,1,0.3501399592466537,0,LOW RISK,2026-08-30 13:02:06
7502-BNYGS,Female,0,Yes,No,46,Yes,DSL,Month-to-month,Credit card (automatic),69.1,3168.0,0,0.30274639627103705,0,LOW RISK,2026-08-30 13:02:06
4291-HYEBC,Female,1,Yes,Yes,28,No,DSL,One year,Electronic check,39.1,1096.6,0,0.4336500186766411,0,MEDIUM RISK,2026-08-30 13:02:06
6147-CBCRA,Female,0,Yes,No,33,Yes,No,Month-to-month,Mailed check,20.05,669.45,0,0.1349153491486689,0,LOW RISK,2026-08-30 13:02:06
6047-SUHPR,Male,0,Yes,Yes,39,Yes,DSL,One year,Electronic check,59.8,2343.85,0,0.10117924557515658,0,LOW RISK,2026-08-30 13:02:06
4471-KXAUH,Female,0,Yes,No,42,Yes,Fiber optic,Month-to-month,Electronic check,84.3,3588.4,1,0.5847995246057012,1,MEDIUM RISK,2026-08-30 13:02:06
9752-ZNQUT,Female,0,No,No,1,Yes,DSL,Month-to-month,Electronic check,48.6,48.6,0,0.7379060993015678,1,HIGH RISK,2026-08-30 13:02:06
7638-QVMVY,Female,0,No,No,7,Yes,Fiber optic,Month-to-month,Electronic check,79.0,522.95,1,0.8780303118694915,1,HIGH RISK,2026-08-30 13:02:06
1576-PFZIW,Male,1,Yes,No,70,Yes,Fiber optic,Two year,Credit card (automatic),105.35,7511.9,0,0.11460411574817943,0,LOW RISK,2026-08-30 13:02:06
5666-MBJPT,Male,0,No,No,65,Yes,No,Two year,Bank transfer (automatic),25.1,1725.0,0,0.02880400045486924,0,LOW RISK,2026-08-30 13:02:06
7312-XSBAT,Male,0,No,No,1,Yes,DSL,Month-to-month,Electronic check,49.75,49.75,0,0.6111054885875237,1,MEDIUM RISK,2026-08-30 13:02:06
3096-GKWEB,Male,0,Yes,No,18,Yes,Fiber optic,Month-to-month,Electronic check,94.75,1691.9,0,0.8674537045046543,1,HIGH RISK,2026-08-30 13:02:06
2371-JQHZZ,Male,0,Yes,No,24,Yes,Fiber optic,Month-to-month,Electronic check,93.0,2248.05,0,0.8460900294679209,1,HIGH RISK,2026-08-30 13:02:06
0674-GCDXG,Male,0,No,No,63,Yes,DSL,Two year,Bank transfer (automatic),71.9,4479.2,0,0.048232758767048016,0,LOW RISK,2026-08-30 13:02:06
1121-QSIVB,Female,0,No,Yes,44,Yes,DSL,One year,Mailed check,77.55,3471.1,0,0.18759996264140463,0,LOW RISK,2026-08-30 13:02:06
4396-KLSEH,Male,0,No,No,4,Yes,No,Month-to-month,Electronic check,19.85,63.0,0,0.5362544904438797,1,MEDIUM RISK,2026-08-30 13:02:06
3244-DCJWY,Female,0,No,No,1,Yes,Fiber optic,Month-to-month,Electronic check,70.25,70.25,1,0.8687552075118982,1,HIGH RISK,2026-08-30 13:02:06
2824-MYYBN,Female,0,Yes,Yes,37,Yes,Fiber optic,Month-to-month,Electronic check,95.25,3314.15,0,0.7615769091927764,1,HIGH RISK,2026-08-30 13:02:06
0875-CABNR,Female,1,No,No,10,Yes,Fiber optic,Month-to-month,Credit card (automatic),84.6,865.55,1,0.8494498469997455,1,HIGH RISK,2026-08-30 13:02:06
6345-HOVES,Male,0,No,No,34,No,DSL,Month-to-month,Bank transfer (automatic),25.05,852.7,0,0.4161669405159912,0,MEDIUM RISK,2026-08-30 13:02:06
8318-LCNBW,Male,0,Yes,No,35,No,DSL,One year,Credit card (automatic),53.15,1930.9,0,0.2586136521191595,0,LOW RISK,2026-08-30 13:02:06
6469-QJKZW,Female,0,Yes,No,4,Yes,No,Month-to-month,Electronic check,20.15,91.4,0,0.457084771876244,0,MEDIUM RISK,2026-08-30 13:02:06
0147-ESWWR,Female,1,Yes,No,39,Yes,Fiber optic,Month-to-month,Electronic check,101.25,3949.15,0,0.7692729650203161,1,HIGH RISK,2026-08-30 13:02:06
1217-VASWC,Male,1,Yes,No,43,Yes,Fiber optic,One year,Bank transfer (automatic),100.55,4304.0,0,0.4562923350627193,0,MEDIUM RISK,2026-08-30 13:02:06
7812-FZHPE,Female,0,Yes,Yes,17,Yes,No,Month-to-month,Mailed check,24.1,409.9,1,0.20756855910112448,0,LOW RISK,2026-08-30 13:02:06
6370-ZVHDV,Female,0,Yes,No,61,Yes,No,Two year,Bank transfer (automatic),25.3,1554.9,0,0.023855428747300258,0,LOW RISK,2026-08-30 13:02:06
5915-DGNVC,Female,0,Yes,No,49,Yes,DSL,One year,Electronic check,71.8,3472.05,0,0.1876736715720777,0,LOW RISK,2026-08-30 13:02:06
6260-XLACS,Male,0,No,No,4,Yes,No,One year,Mailed check,19.7,117.8,0,0.22443900355670313,0,LOW RISK,2026-08-30 13:02:06
3566-CAAYU,Female,0,Yes,Yes,64,No,DSL,Two year,Electronic check,49.85,3210.35,0,0.06537410673449365,0,LOW RISK,2026-08-30 13:02:06
4983-CCWMC,Male,0,No,No,3,Yes,Fiber optic,Month-to-month,Mailed check,69.6,207.4,0,0.8180218200133941,1,HIGH RISK,2026-08-30 13:02:06
9103-CXVOK,Male,0,Yes,Yes,1,Yes,No,Month-to-month,Electronic check,19.75,19.75,0,0.4396405784671019,0,MEDIUM RISK,2026-08-30 13:02:06
2896-TBNBE,Male,0,Yes,No,40,Yes,Fiber optic,One year,Electronic check,80.8,3132.75,0,0.2991039484161871,0,LOW RISK,2026-08-30 13:02:06
4797-AXPXK,Female,0,No,Yes,1,Yes,DSL,Month-to-month,Electronic check,60.0,60.0,1,0.5352044983739125,1,MEDIUM RISK,2026-08-30 13:02:06
5229-PRWKT,Male,0,No,No,8,Yes,Fiber optic,Month-to-month,Electronic check,86.55,649.65,1,0.9040209687377712,1,HIGH RISK,2026-08-30 13:02:06
6982-UQZLY,Female,1,Yes,No,1,Yes,No,Month-to-month,Mailed check,20.85,20.85,1,0.520052158984645,1,MEDIUM RISK,2026-08-30 13:02:06
2522-WLNSF,Female,1,Yes,No,34,Yes,DSL,One year,Bank transfer (automatic),64.2,2106.3,0,0.17722165462572145,0,LOW RISK,2026-08-30 13:02:06
3841-CONLJ,Female,0,Yes,No,1,No,DSL,Month-to-month,Electronic check,35.0,35.0,0,0.8197500376789313,1,HIGH RISK,2026-08-30 13:02:06
5057-LCOUI,Female,0,No,No,39,No,DSL,Month-to-month,Electronic check,50.75,2011.4,1,0.6234533380560355,1,MEDIUM RISK,2026-08-30 13:02:06
0193-ESZXP,Female,1,Yes,No,58,Yes,Fiber optic,One year,Credit card (automatic),105.5,6205.5,1,0.30505271700500086,0,LOW RISK,2026-08-30 13:02:06
4475-NVTLU,Male,0,Yes,Yes,45,Yes,No,Two year,Electronic check,19.2,903.7,0,0.02458605720313445,0,LOW RISK,2026-08-30 13:02:06
4369-HTUIF,Male,1,No,No,6,Yes,Fiber optic,Month-to-month,Bank transfer (automatic),85.15,503.6,1,0.8058383326317737,1,HIGH RISK,2026-08-30 13:02:06
9386-LDCZR,Male,0,No,No,43,Yes,Fiber optic,One year,Credit card (automatic),90.65,3882.3,0,0.16339479584775185,0,LOW RISK,2026-08-30 13:02:06
9585-KKMFD,Male,0,Yes,Yes,41,Yes,No,Two year,Mailed check,20.0,879.8,0,0.028263172066414932,0,LOW RISK,2026-08-30 13:02:06
5399-ZIMKF,Male,0,No,No,5,Yes,Fiber optic,Month-to-month,Electronic check,74.65,383.65,0,0.8403926840613622,1,HIGH RISK,2026-08-30 13:02:06
0336-KXKFK,Male,0,No,No,72,No,DSL,Two year,Credit card (automatic),61.2,4390.25,0,0.062378692300019786,0,LOW RISK,2026-08-30 13:02:06
5619-XZZKR,Male,0,No,No,4,Yes,No,One year,Mailed check,19.95,68.2,0,0.215533838185003,0,LOW RISK,2026-08-30 13:02:06
3948-FVVRP,Male,0,Yes,Yes,9,Yes,DSL,Month-to-month,Mailed check,54.8,452.8,0,0.39268481981082054,0,LOW RISK,2026-08-30 13:02:06
5327-XOKKY,Male,1,Yes,No,72,Yes,DSL,Two year,Credit card (automatic),73.45,5329.0,0,0.10490953198092756,0,LOW RISK,2026-08-30 13:02:06
0983-TATYJ,Female,0,Yes,No,33,Yes,DSL,One year,Mailed check,51.45,1758.9,0,0.16596414427556744,0,LOW RISK,2026-08-30 13:02:06
1813-JYWTO,Female,0,Yes,No,72,Yes,Fiber optic,Two year,Bank transfer (automatic),80.45,5737.6,0,0.06656795542753613,0,LOW RISK,2026-08-30 13:02:06
0156-FVPTA,Male,0,Yes,No,22,Yes,DSL,Month-to-month,Electronic check,54.2,1152.7,1,0.34727973311649374,0,LOW RISK,2026-08-30 13:02:06
1984-FCOWB,Female,0,Yes,No,70,Yes,Fiber optic,One year,Electronic check,109.5,7674.55,1,0.4197663750195678,0,MEDIUM RISK,2026-08-30 13:02:06
0654-HMSHN,Male,0,Yes,Yes,21,Yes,Fiber optic,Month-to-month,Electronic check,104.4,2157.95,1,0.7522833881399456,1,HIGH RISK,2026-08-30 13:02:06
6719-OXYBR,Male,0,No,No,15,Yes,Fiber optic,Month-to-month,Electronic check,85.3,1219.85,0,0.723690891427556,1,HIGH RISK,2026-08-30 13:02:06
3312-ZWLGF,Male,1,Yes,No,29,Yes,Fiber optic,Month-to-month,Electronic check,79.3,2414.55,0,0.7248726105498658,1,HIGH RISK,2026-08-30 13:02:06
6476-YHMGA,Female,0,Yes,Yes,15,Yes,DSL,Month-to-month,Bank transfer (automatic),76.5,1155.6,0,0.32477015521074604,0,LOW RISK,2026-08-30 13:02:06
5287-QWLKY,Male,1,Yes,Yes,71,Yes,Fiber optic,Month-to-month,Credit card (automatic),105.1,7548.1,1,0.47011399725815717,0,MEDIUM RISK,2026-08-30 13:02:06
0795-XCCTE,Male,1,No,No,72,Yes,No,Two year,Bank transfer (automatic),25.4,1809.35,0,0.0181408399985858,0,LOW RISK,2026-08-30 13:02:06
0168-XZKBB,Female,0,Yes,No,19,Yes,Fiber optic,Month-to-month,Electronic check,86.85,1564.4,0,0.8080186834324657,1,HIGH RISK,2026-08-30 13:02:06
3785-NRHYR,Male,0,No,No,1,Yes,No,Month-to-month,Mailed check,19.65,19.65,0,0.39787664782105153,0,LOW RISK,2026-08-30 13:02:06
5196-SGOAK,Female,0,No,No,1,Yes,Fiber optic,Month-to-month,Electronic check,75.7,75.7,1,0.8523182886686997,1,HIGH RISK,2026-08-30 13:02:06
4537-DKTAL,Female,0,No,No,2,Yes,DSL,Month-to-month,Electronic check,45.55,84.4,0,0.6753548914533454,1,MEDIUM RISK,2026-08-30 13:02:06
7072-MBHEV,Female,1,Yes,Yes,11,Yes,Fiber optic,Month-to-month,Credit card (automatic),78.1,864.85,0,0.8208669204509829,1,HIGH RISK,2026-08-30 13:02:06
5602-BVFMK,Female,0,No,No,12,Yes,No,One year,Mailed check,19.3,228.75,0,0.16654098088781857,0,LOW RISK,2026-08-30 13:02:06
6297-NOOPG,Female,0,Yes,No,70,Yes,Fiber optic,Two year,Electronic check,110.5,7752.05,0,0.24450167853637778,0,LOW RISK,2026-08-30 13:02:06
1891-UAWWU,Female,1,Yes,No,20,Yes,Fiber optic,Month-to-month,Electronic check,90.8,1951.0,1,0.7864404400080108,1,HIGH RISK,2026-08-30 13:02:06
8204-TIFGJ,Female,0,No,No,23,Yes,No,Month-to-month,Bank transfer (automatic),20.3,470.6,0,0.1937346666385417,0,LOW RISK,2026-08-30 13:02:06
8050-DVOJX,Male,1,No,No,49,Yes,DSL,Two year,Credit card (automatic),81.35,4060.9,0,0.057497980053074174,0,LOW RISK,2026-08-30 13:02:06
6108-OQZDQ,Female,0,Yes,Yes,4,Yes,Fiber optic,Month-to-month,Electronic check,97.95,384.5,1,0.9189993932799052,1,HIGH RISK,2026-08-30 13:02:06
0363-QJVFX,Male,0,No,No,32,Yes,Fiber optic,Month-to-month,Credit card (automatic),108.15,3432.9,1,0.6165494922210484,1,MEDIUM RISK,2026-08-30 13:02:06
8903-XEBGX,Male,0,No,Yes,2,Yes,DSL,Month-to-month,Electronic check,55.3,108.65,0,0.7727643294338666,1,HIGH RISK,2026-08-30 13:02:06
8169-SAEJD,Male,1,Yes,No,69,No,DSL,Two year,Credit card (automatic),56.55,3952.65,0,0.0678905922689949,0,LOW RISK,2026-08-30 13:02:06
9840-DVNDC,Male,0,No,No,6,Yes,Fiber optic,Month-to-month,Credit card (automatic),80.5,463.05,1,0.8385482120526956,1,HIGH RISK,2026-08-30 13:02:06
1089-XZWHH,Female,0,Yes,Yes,24,Yes,No,Two year,Mailed check,19.7,494.05,0,0.04243111911547541,0,LOW RISK,2026-08-30 13:02:06
2325-WINES,Female,0,No,No,32,Yes,Fiber optic,One year,Credit card (automatic),104.05,3416.85,0,0.5912800585143494,1,MEDIUM RISK,2026-08-30 13:02:06
6064-ZATLR,Female,0,No,No,27,Yes,DSL,Two year,Bank transfer (automatic),52.85,1498.65,0,0.06007207773975496,0,LOW RISK,2026-08-30 13:02:06
3096-JRDSO,Female,1,Yes,No,27,Yes,Fiber optic,Month-to-month,Bank transfer (automatic),104.3,2867.75,1,0.7116120501205261,1,HIGH RISK,2026-08-30 13:02:06
7824-PANSQ,Male,0,No,No,58,Yes,Fiber optic,Month-to-month,Bank transfer (automatic),80.65,4807.35,0,0.3753105287055447,0,LOW RISK,2026-08-30 13:02:06
8042-JVNFH,Male,0,No,No,1,Yes,Fiber optic,Month-to-month,Mailed check,71.35,71.35,1,0.8243139646918406,1,HIGH RISK,2026-08-30 13:02:06
9648-BCHKM,Female,0,Yes,Yes,18,Yes,No,Two year,Credit card (automatic),24.65,471.35,0,0.0701110566158015,0,LOW RISK,2026-08-30 13:02:06
2888-ADFAO,Female,0,Yes,Yes,47,Yes,No,Two year,Bank transfer (automatic),21.3,1041.8,0,0.020464543970550093,0,LOW RISK,2026-08-30 13:02:06
8707-HOEDG,Female,0,Yes,Yes,70,Yes,Fiber optic,Two year,Electronic check,110.2,7689.8,0,0.20758360352958796,0,LOW RISK,2026-08-30 13:02:06
3374-LXDEV,Female,0,No,No,13,Yes,Fiber optic,Month-to-month,Electronic check,89.4,1132.35,1,0.6523367783118987,1,MEDIUM RISK,2026-08-30 13:02:06
4072-IPYLT,Female,0,Yes,Yes,36,Yes,DSL,Month-to-month,Credit card (automatic),51.05,1815.0,0,0.16136047159360734,0,LOW RISK,2026-08-30 13:02:06
7167-PCEYD,Male,0,No,No,67,Yes,No,Two year,Mailed check,19.8,1311.3,0,0.020256718079786136,0,LOW RISK,2026-08-30 13:02:06
4936-YPJNK,Female,0,No,No,10,Yes,No,Month-to-month,Mailed check,19.9,199.45,0,0.3889670117947998,0,LOW RISK,2026-08-30 13:02:06
1580-BMCMR,Male,1,No,No,19,Yes,Fiber optic,Month-to-month,Electronic check,87.3,1637.3,0,0.7204577035231126,1,HIGH RISK,2026-08-30 13:02:06
4817-KEQSP,Female,0,Yes,Yes,71,Yes,No,Two year,Bank transfer (automatic),19.85,1326.35,0,0.009582005426374543,0,LOW RISK,2026-08-30 13:02:06
6408-WHTEF,Male,0,Yes,Yes,72,Yes,DSL,Two year,Mailed check,89.4,6376.55,0,0.037204555933493956,0,LOW RISK,2026-08-30 13:02:06
9251-AWQGT,Female,0,Yes,Yes,48,Yes,No,Two year,Mailed check,20.0,935.9,0,0.014838077318582497,0,LOW RISK,2026-08-30 13:02:06
8749-CLJXC,Male,0,No,No,1,Yes,No,Month-to-month,Mailed check,20.05,20.05,0,0.3961338404824328,0,LOW RISK,2026-08-30 13:02:06
7989-VCQOH,Male,0,Yes,Yes,18,Yes,DSL,Month-to-month,Electronic check,83.25,1611.15,0,0.3206243230753747,0,LOW RISK,2026-08-30 13:02:06
5049-GLYVG,Male,0,No,No,1,Yes,No,Month-to-month,Mailed check,20.6,20.6,1,0.39374178888287353,0,LOW RISK,2026-08-30 13:02:06
4199-QHJNM,Male,1,Yes,No,67,Yes,Fiber optic,Two year,Bank transfer (automatic),102.9,6989.7,0,0.17326124626100348,0,LOW RISK,2026-08-30 13:02:06
8882-TLVRW,Male,0,Yes,Yes,69,No,DSL,Two year,Mailed check,39.1,2779.5,0,0.022949066880399417,0,LOW RISK,2026-08-30 13:02:06
5883-GTGVD,Male,0,No,No,19,Yes,Fiber optic,Month-to-month,Electronic check,99.95,1931.75,1,0.8445764080726644,1,HIGH RISK,2026-08-30 13:02:06
5135-GRQJV,Male,1,Yes,No,72,Yes,Fiber optic,Two year,Mailed check,114.5,8331.95,0,0.15589612321122437,0,LOW RISK,2026-08-30 13:02:06
2384-OVPSA,Female,1,No,No,38,Yes,No,Two year,Mailed check,20.2,735.9,0,0.03018099213728894,0,LOW RISK,2026-08-30 13:02:06
1371-WEPDS,Male,1,Yes,No,40,Yes,DSL,One year,Electronic check,55.8,2283.3,0,0.25669321947363355,0,LOW RISK,2026-08-30 13:02:06
3580-GICBM,Female,0,Yes,Yes,61,Yes,No,Two year,Mailed check,24.2,1445.2,0,0.02876704485375305,0,LOW RISK,2026-08-30 13:02:06
4817-QRJSX,Female,0,No,No,10,Yes,Fiber optic,Month-to-month,Credit card (automatic),81.0,818.05,1,0.7994513730431902,1,HIGH RISK,2026-08-30 13:02:06
9730-DRTMJ,Male,0,Yes,No,32,Yes,DSL,One year,Credit card (automatic),72.8,2333.05,0,0.15951538058061934,0,LOW RISK,2026-08-30 13:02:06
4686-UXDML,Female,0,No,No,21,Yes,Fiber optic,Month-to-month,Credit card (automatic),99.85,1992.55,0,0.7688761832372837,1,HIGH RISK,2026-08-30 13:02:06
3349-ANQNH,Female,1,No,No,59,Yes,Fiber optic,One year,Electronic check,99.5,5890.0,0,0.6376179070083211,1,MEDIUM RISK,2026-08-30 13:02:06
2398-YPMUR,Female,1,Yes,No,13,Yes,Fiber optic,Month-to-month,Electronic check,70.15,916.75,1,0.7785398436457348,1,HIGH RISK,2026-08-30 13:02:06
0932-YIXYU,Female,0,No,No,47,Yes,No,Two year,Credit card (automatic),20.25,1029.8,0,0.01823915784601187,0,LOW RISK,2026-08-30 13:02:06
7480-SPLEF,Male,0,Yes,Yes,69,Yes,No,Two year,Bank transfer (automatic),26.0,1796.55,0,0.02036485180136057,0,LOW RISK,2026-08-30 13:02:06
7636-XUHWW,Male,0,No,No,2,Yes,No,Month-to-month,Credit card (automatic),19.9,33.7,0,0.46542655045896847,0,MEDIUM RISK,2026-08-30 13:02:06
1431-CYWMH,Female,0,Yes,Yes,22,Yes,No,Month-to-month,Bank transfer (automatic),19.05,454.05,0,0.13222889596160092,0,LOW RISK,2026-08-30 13:02:06
5937-EORGB,Male,1,Yes,No,15,Yes,Fiber optic,Month-to-month,Electronic check,96.5,1392.25,0,0.8062117525344473,1,HIGH RISK,2026-08-30 13:02:06
6349-JDHQP,Female,0,No,No,53,Yes,No,Two year,Credit card (automatic),19.85,1049.6,0,0.023737969762537992,0,LOW RISK,2026-08-30 13:02:06
5539-HIVAK,Female,1,Yes,No,28,Yes,No,Month-to-month,Mailed check,25.7,734.6,0,0.23165061005180174,0,LOW RISK,2026-08-30 13:02:06
5847-MXBEO,Male,0,No,No,22,Yes,No,One year,Mailed check,20.3,475.1,0,0.08325515483667195,0,LOW RISK,2026-08-30 13:02:06
9985-MWVIX,Female,0,No,No,1,Yes,Fiber optic,Month-to-month,Mailed check,70.15,70.15,1,0.8236984201523583,1,HIGH RISK,2026-08-30 13:02:06
4583-PARNH,Male,1,Yes,No,16,Yes,Fiber optic,Month-to-month,Electronic check,91.55,1540.05,0,0.773349538706881,1,HIGH RISK,2026-08-30 13:02:06
1116-FRYVH,Female,0,Yes,Yes,48,No,DSL,Two year,Mailed check,39.4,1978.65,0,0.025406602622935287,0,LOW RISK,2026-08-30 13:02:06
1421-HCERK,Male,1,Yes,No,30,Yes,Fiber optic,Month-to-month,Bank transfer (automatic),105.7,3181.8,0,0.5889957426608361,1,MEDIUM RISK,2026-08-30 13:02:06
9633-XQABV,Female,0,No,No,3,Yes,Fiber optic,Month-to-month,Electronic check,70.25,229.7,0,0.8629971161475737,1,HIGH RISK,2026-08-30 13:02:06
0716-BQNDX,Male,1,No,No,57,Yes,Fiber optic,Two year,Electronic check,93.75,5625.55,0,0.19599586947838143,0,LOW RISK,2026-08-30 13:02:06
1265-XTECC,Female,1,Yes,No,68,Yes,Fiber optic,One year,Credit card (automatic),96.55,6581.9,1,0.28228190242694456,0,LOW RISK,2026-08-30 13:02:06
1183-CANVH,Female,0,Yes,No,23,Yes,DSL,One year,Bank transfer (automatic),60.0,1347.15,0,0.179287078911273,0,LOW RISK,2026-08-30 13:02:06
1972-XMUWV,Female,0,Yes,No,65,Yes,DSL,Two year,Credit card (automatic),59.8,3808.2,0,0.059711806477598654,0,LOW RISK,2026-08-30 13:02:06
8679-LZBMD,Male,0,Yes,No,44,Yes,Fiber optic,One year,Bank transfer (automatic),90.65,3974.15,0,0.4308174944352412,0,MEDIUM RISK,2026-08-30 13:02:06
3407-JMJQQ,Female,0,Yes,Yes,71,Yes,Fiber optic,Two year,Bank transfer (automatic),109.0,7661.8,0,0.1366400582353141,0,LOW RISK,2026-08-30 13:02:06
6252-DFGTK,Female,0,Yes,No,37,Yes,DSL,One year,Credit card (automatic),68.1,2479.25,0,0.07450066680941178,0,LOW RISK,2026-08-30 13:02:06
1539-LNKHM,Female,0,No,No,12,Yes,No,Month-to-month,Mailed check,20.4,266.6,0,0.29369726122522316,0,LOW RISK,2026-08-30 13:02:06
8645-KOMJQ,Male,0,Yes,Yes,69,Yes,DSL,Two year,Bank transfer (automatic),81.95,5601.4,0,0.05707750179698523,0,LOW RISK,2026-08-30 13:02:06
0289-IVARM,Female,0,No,No,35,Yes,DSL,Month-to-month,Electronic check,60.55,1982.6,0,0.23557827641055165,0,LOW RISK,2026-08-30 13:02:06
9761-XUJWD,Male,0,No,No,5,Yes,DSL,Month-to-month,Bank transfer (automatic),65.6,339.9,0,0.5493056436677033,1,MEDIUM RISK,2026-08-30 13:02:06
4057-FKCZK,Male,0,Yes,Yes,58,Yes,Fiber optic,Two year,Bank transfer (automatic),82.5,4828.05,0,0.1697101855696006,0,LOW RISK,2026-08-30 13:02:06
4291-TPNFG,Male,0,Yes,No,72,Yes,DSL,Two year,Bank transfer (automatic),82.3,5980.55,0,0.030760512775441902,0,LOW RISK,2026-08-30 13:02:06
6087-YPWHO,Male,0,Yes,No,72,Yes,DSL,Two year,Mailed check,68.15,4808.7,0,0.01691091414073522,0,LOW RISK,2026-08-30 13:02:06
3090-QFUVD,Female,0,No,No,1,Yes,No,Month-to-month,Credit card (automatic),20.3,20.3,0,0.38518281952921707,0,LOW RISK,2026-08-30 13:02:06
2237-ZFSMY,Female,0,No,No,39,Yes,Fiber optic,One year,Electronic check,95.55,3692.85,1,0.3273140908275491,0,LOW RISK,2026-08-30 13:02:06
1722-LDZJS,Male,0,Yes,Yes,53,Yes,No,One year,Credit card (automatic),20.2,1068.15,0,0.043862611195886456,0,LOW RISK,2026-08-30 13:02:06
1818-ESQMW,Female,0,No,No,27,Yes,Fiber optic,Month-to-month,Electronic check,89.2,2383.6,0,0.697199039690056,1,MEDIUM RISK,2026-08-30 13:02:06
4871-JTKJF,Female,1,No,No,1,Yes,Fiber optic,Month-to-month,Electronic check,69.65,69.65,1,0.8872233702295246,1,HIGH RISK,2026-08-30 13:02:06
1415-YFWLT,Female,1,No,No,1,Yes,Fiber optic,Month-to-month,Electronic check,89.3,89.3,1,0.9358287763363718,1,HIGH RISK,2026-08-30 13:02:06
7401-RUBNK,Female,0,Yes,No,18,Yes,Fiber optic,Month-to-month,Electronic check,74.8,1438.05,0,0.556758770422886,1,MEDIUM RISK,2026-08-30 13:02:06
0506-YLVKJ,Male,0,Yes,Yes,46,Yes,No,Two year,Mailed check,20.2,917.45,0,0.02305209322130659,0,LOW RISK,2026-08-30 13:02:06
8661-BOYNW,Female,0,Yes,No,72,Yes,DSL,Two year,Credit card (automatic),84.4,6096.45,0,0.048997947684444515,0,LOW RISK,2026-08-30 13:02:06
6711-VTNRE,Female,0,No,No,36,Yes,Fiber optic,Month-to-month,Electronic check,87.55,3078.1,1,0.6354661423727753,1,MEDIUM RISK,2026-08-30 13:02:06
4815-GBTCD,Female,0,Yes,No,4,No,DSL,Month-to-month,Electronic check,25.15,99.95,0,0.8058940034969185,1,HIGH RISK,2026-08-30 13:02:06
2805-AUFQN,Female,0,No,No,25,Yes,No,Two year,Credit card (automatic),19.8,475.2,0,0.04120782591859224,0,LOW RISK,2026-08-30 13:02:06
0980-PVMRC,Female,0,Yes,Yes,40,No,DSL,Month-to-month,Electronic check,50.85,2036.55,0,0.5359459554843392,1,MEDIUM RISK,2026-08-30 13:02:06
7233-DRTRF,Male,0,Yes,No,63,Yes,Fiber optic,Month-to-month,Electronic check,102.4,6444.05,0,0.7279798820101394,1,HIGH RISK,2026-08-30 13:02:06
3500-RMZLT,Female,1,No,No,15,Yes,Fiber optic,Month-to-month,Mailed check,96.3,1426.75,1,0.6136719930161321,1,MEDIUM RISK,2026-08-30 13:02:06
3873-NFTGI,Male,0,No,No,14,Yes,DSL,Month-to-month,Credit card (automatic),55.5,767.55,0,0.5204794258634186,1,MEDIUM RISK,2026-08-30 13:02:06
1162-ECVII,Male,1,Yes,No,72,Yes,Fiber optic,Two year,Bank transfer (automatic),109.75,7932.5,0,0.19894370712804793,0,LOW RISK,2026-08-30 13:02:06
7048-GXDAY,Male,0,No,No,39,Yes,Fiber optic,Month-to-month,Electronic check,106.4,4040.65,0,0.6925085226416612,1,MEDIUM RISK,2026-08-30 13:02:06
8571-ZCMCX,Female,0,Yes,Yes,47,No,DSL,Two year,Credit card (automatic),60.0,2768.65,0,0.08892774845334671,0,LOW RISK,2026-08-30 13:02:06
1169-WCVAK,Male,0,Yes,No,19,Yes,Fiber optic,Month-to-month,Credit card (automatic),88.8,1672.35,0,0.5230525317451299,1,MEDIUM RISK,2026-08-30 13:02:06
4548-SDBKE,Female,0,No,No,5,Yes,Fiber optic,Month-to-month,Electronic check,85.2,474.8,1,0.9154952027282633,1,HIGH RISK,2026-08-30 13:02:06
8066-POXGX,Female,0,No,No,13,No,DSL,Month-to-month,Electronic check,35.1,446.1,1,0.7207144595363876,1,HIGH RISK,2026-08-30 13:02:06
7129-CAKJW,Female,0,No,No,17,Yes,Fiber optic,Month-to-month,Bank transfer (automatic),80.05,1345.65,0,0.6206093712782016,1,MEDIUM RISK,2026-08-30 13:02:06
8695-ARGXZ,Male,1,Yes,No,34,Yes,Fiber optic,Month-to-month,Electronic check,75.55,2425.4,0,0.7315448442387972,1,HIGH RISK,2026-08-30 13:02:06
3570-YUEKJ,Female,0,No,No,42,Yes,DSL,Month-to-month,Electronic check,49.55,2077.95,0,0.3283576248666961,0,LOW RISK,2026-08-30 13:02:06
4143-OOBWZ,Male,0,Yes,No,5,Yes,Fiber optic,Month-to-month,Electronic check,81.3,416.3,1,0.877633582999564,1,HIGH RISK,2026-08-30 13:02:06
1555-HAPSU,Female,0,Yes,Yes,71,Yes,No,Two year,Credit card (automatic),23.9,1663.5,0,0.01384072807946139,0,LOW RISK,2026-08-30 13:02:06
1697-NVVGY,Male,1,Yes,No,19,Yes,DSL,Month-to-month,Bank transfer (automatic),66.4,1286.05,0,0.30026478483267877,0,LOW RISK,2026-08-30 13:02:06
7854-EKTJL,Female,0,No,Yes,2,Yes,No,Month-to-month,Electronic check,19.6,35.85,1,0.5000102147995245,1,MEDIUM RISK,2026-08-30 13:02:06
8464-EETCQ,Male,0,No,No,57,Yes,No,Two year,Credit card (automatic),18.8,1094.35,0,0.02127759897109694,0,LOW RISK,2026-08-30 13:02:06
2419-FSORS,Male,0,Yes,No,72,Yes,Fiber optic,Two year,Electronic check,108.4,7719.5,0,0.2402766094626014,0,LOW RISK,2026-08-30 13:02:06
8132-YPVBX,Female,0,No,No,6,Yes,Fiber optic,Month-to-month,Mailed check,85.95,514.6,0,0.8229543986089499,1,HIGH RISK,2026-08-30 13:02:06
9102-IAYHT,Female,0,Yes,Yes,17,Yes,Fiber optic,Month-to-month,Electronic check,85.45,1451.6,1,0.7965253212461585,1,HIGH RISK,2026-08-30 13:02:06
6754-LZUKA,Male,0,Yes,No,61,Yes,DSL,Two year,Bank transfer (automatic),80.9,4932.5,0,0.08041733872086408,0,LOW RISK,2026-08-30 13:02:06
3422-LYEPQ,Male,0,Yes,Yes,1,Yes,Fiber optic,Month-to-month,Electronic check,71.0,71.0,1,0.8488670366602333,1,HIGH RISK,2026-08-30 13:02:06
8099-MZPUJ,Male,0,Yes,Yes,48,Yes,Fiber optic,Two year,Credit card (automatic),111.8,5443.65,0,0.11179207611695462,0,LOW RISK,2026-08-30 13:02:06
0787-LHDYT,Male,0,No,No,16,Yes,No,Month-to-month,Credit card (automatic),20.6,330.25,0,0.24961473867036688,0,LOW RISK,2026-08-30 13:02:06
2642-DTVCO,Male,1,No,No,9,Yes,Fiber optic,Month-to-month,Electronic check,85.05,746.5,1,0.918745271243574,1,HIGH RISK,2026-08-30 13:02:06
0374-IOEGQ,Female,0,No,No,3,Yes,DSL,Month-to-month,Electronic check,44.6,122.7,0,0.6704915111529645,1,MEDIUM RISK,2026-08-30 13:02:06
4361-JEIVL,Male,0,No,Yes,1,Yes,DSL,Month-to-month,Electronic check,44.4,44.4,1,0.7239541047843365,1,HIGH RISK,2026-08-30 13:02:06
3197-NNYNB,Male,0,No,No,65,Yes,Fiber optic,Two year,Credit card (automatic),105.1,6631.85,0,0.19366799635995513,0,LOW RISK,2026-08-30 13:02:06
3396-DKDEL,Female,0,Yes,Yes,70,Yes,Fiber optic,Two year,Credit card (automatic),115.15,8250.0,0,0.11565806212081249,0,LOW RISK,2026-08-30 13:02:06
1752-OZXFY,Male,0,Yes,No,60,Yes,DSL,One year,Mailed check,59.8,3561.15,0,0.13956661776783771,0,LOW RISK,2026-08-30 13:02:06
9066-QRSDU,Female,0,Yes,No,69,Yes,No,One year,Electronic check,26.3,1763.55,0,0.07508434004015407,0,LOW RISK,2026-08-30 13:02:06
9112-WSNPU,Female,1,No,No,35,Yes,Fiber optic,Month-to-month,Electronic check,70.55,2419.0,0,0.5650526021287663,1,MEDIUM RISK,2026-08-30 13:02:06
9867-NNXLC,Female,0,No,No,22,Yes,No,Month-to-month,Mailed check,20.05,470.2,0,0.2089988350885971,0,LOW RISK,2026-08-30 13:02:06
5321-NTRKC,Male,0,Yes,Yes,66,Yes,DSL,Two year,Bank transfer (automatic),79.85,5234.95,0,0.05648758626162144,0,LOW RISK,2026-08-30 13:02:06
1363-TXLSL,Male,1,Yes,No,1,Yes,Fiber optic,Month-to-month,Electronic check,70.3,70.3,1,0.892029097115222,1,HIGH RISK,2026-08-30 13:02:06
9507-EXLTT,Female,0,Yes,No,1,Yes,Fiber optic,Month-to-month,Bank transfer (automatic),79.35,79.35,1,0.8627888931069078,1,HIGH RISK,2026-08-30 13:02:06
3161-GETRM,Male,0,Yes,Yes,34,Yes,Fiber optic,Month-to-month,Credit card (automatic),90.05,3097.0,0,0.6628121941105127,1,MEDIUM RISK,2026-08-30 13:02:06
0402-OAMEN,Female,0,Yes,Yes,72,Yes,No,Two year,Bank transfer (automatic),24.45,1709.1,0,0.012798595337303117,0,LOW RISK,2026-08-30 13:02:06
6933-VLYFX,Male,0,Yes,Yes,31,No,DSL,One year,Electronic check,59.95,1848.8,0,0.25547073855987457,0,LOW RISK,2026-08-30 13:02:06
6754-WKSHP,Male,0,No,Yes,30,Yes,No,One year,Bank transfer (automatic),25.35,723.3,0,0.0793291488516455,0,LOW RISK,2026-08-30 13:02:06
9846-GKXAS,Female,0,No,No,9,Yes,Fiber optic,Month-to-month,Bank transfer (automatic),90.8,809.75,1,0.8612557377962168,1,HIGH RISK,2026-08-30 13:02:06
6017-PPLPX,Male,0,Yes,Yes,20,Yes,Fiber optic,Month-to-month,Electronic check,70.45,1470.95,1,0.6598222207488081,1,MEDIUM RISK,2026-08-30 13:02:06
4976-LNFVV,Male,1,Yes,No,19,No,DSL,Month-to-month,Credit card (automatic),34.3,577.15,0,0.5347212989831789,1,MEDIUM RISK,2026-08-30 13:02:06
5055-MGMGF,Female,0,Yes,No,65,Yes,Fiber optic,Month-to-month,Electronic check,105.05,6914.95,0,0.6497559801106199,1,MEDIUM RISK,2026-08-30 13:02:06
4641-FROLU,Female,0,Yes,Yes,30,Yes,No,Two year,Mailed check,19.3,602.9,0,0.029651219149761994,0,LOW RISK,2026-08-30 13:02:06
2862-JVEOY,Male,0,No,No,6,Yes,No,One year,Mailed check,19.15,124.4,0,0.20767548157855362,0,LOW RISK,2026-08-30 13:02:06
2969-QWUBZ,Female,0,No,No,2,No,DSL,Month-to-month,Electronic check,51.4,96.8,0,0.8279219739244276,1,HIGH RISK,2026-08-30 13:02:06
9822-BIIGN,Male,0,Yes,Yes,53,Yes,DSL,Month-to-month,Electronic check,71.85,3827.9,0,0.21346701695102027,0,LOW RISK,2026-08-30 13:02:06
2077-MPJQO,Male,1,Yes,No,7,Yes,Fiber optic,Month-to-month,Electronic check,75.4,533.05,0,0.9001697828077613,1,HIGH RISK,2026-08-30 13:02:06
1534-OULXE,Female,0,Yes,Yes,61,Yes,DSL,One year,Bank transfer (automatic),49.7,2961.4,0,0.07802767094847649,0,LOW RISK,2026-08-30 13:02:06
7136-RVDTZ,Male,1,No,No,70,No,DSL,One year,Electronic check,45.25,3264.45,1,0.3311030049349568,0,LOW RISK,2026-08-30 13:02:06
2971-SGAFL,Female,0,No,No,13,Yes,DSL,Month-to-month,Electronic check,78.75,995.35,0,0.6353593307281065,1,MEDIUM RISK,2026-08-30 13:02:06
1480-IVEVR,Male,1,Yes,No,35,Yes,Fiber optic,One year,Bank transfer (automatic),81.6,2815.25,0,0.46666779538988706,0,MEDIUM RISK,2026-08-30 13:02:06
2905-KFQUV,Female,0,Yes,No,2,Yes,Fiber optic,Month-to-month,Credit card (automatic),70.4,154.8,0,0.8242475920274215,1,HIGH RISK,2026-08-30 13:02:06
4581-SSPWD,Female,0,No,No,3,Yes,Fiber optic,Month-to-month,Electronic check,75.8,246.3,1,0.8941960180874956,1,HIGH RISK,2026-08-30 13:02:06
3370-HXOPH,Female,0,No,No,3,Yes,Fiber optic,Month-to-month,Electronic check,76.1,257.6,0,0.8576216529707695,1,HIGH RISK,2026-08-30 13:02:06
9391-YZEJW,Female,0,No,No,62,Yes,Fiber optic,One year,Bank transfer (automatic),94.0,5757.2,0,0.4680189877835602,0,MEDIUM RISK,2026-08-30 13:02:06
9958-MEKUC,Male,0,Yes,Yes,72,Yes,Fiber optic,Two year,Credit card (automatic),103.95,7517.7,0,0.05985264198657742,0,LOW RISK,2026-08-30 13:02:06
0281-CNTZX,Male,0,Yes,No,63,Yes,No,Two year,Bank transfer (automatic),19.95,1234.8,0,0.02328776744990885,0,LOW RISK,2026-08-30 13:02:06
6927-WTFIV,Male,1,No,No,20,Yes,Fiber optic,Month-to-month,Credit card (automatic),71.3,1389.2,1,0.5626528774718171,1,MEDIUM RISK,2026-08-30 13:02:06
4118-CEVPF,Female,1,No,No,35,Yes,Fiber optic,One year,Bank transfer (automatic),110.8,3836.3,0,0.4477494481299172,0,MEDIUM RISK,2026-08-30 13:02:06
3398-ZOUAA,Male,1,Yes,No,21,Yes,Fiber optic,Month-to-month,Electronic check,69.1,1474.75,1,0.7336560711374367,1,HIGH RISK,2026-08-30 13:02:06
9114-VEPUF,Male,0,Yes,No,62,Yes,Fiber optic,One year,Electronic check,96.1,6001.45,0,0.3037555048208696,0,LOW RISK,2026-08-30 13:02:06
7876-BEUTG,Female,0,No,No,15,Yes,DSL,Month-to-month,Mailed check,48.8,720.1,0,0.546897406733512,1,MEDIUM RISK,2026-08-30 13:02:06
2338-BQEZT,Female,0,No,No,55,Yes,DSL,Month-to-month,Credit card (automatic),50.55,2832.75,0,0.21554335959730492,0,LOW RISK,2026-08-30 13:02:06
9873-MNDKV,Female,0,No,No,11,Yes,DSL,Month-to-month,Mailed check,44.65,472.25,0,0.6008572509674656,1,MEDIUM RISK,2026-08-30 13:02:06
0378-NHQXU,Female,0,Yes,Yes,17,Yes,Fiber optic,Month-to-month,Electronic check,88.25,1460.65,1,0.7386588743657829,1,HIGH RISK,2026-08-30 13:02:06
8241-JUIQO,Female,0,No,No,61,Yes,No,One year,Bank transfer (automatic),19.45,1336.35,0,0.03743193462596953,0,LOW RISK,2026-08-30 13:02:06
2194-IIQOF,Female,0,Yes,No,71,Yes,DSL,Two year,Credit card (automatic),89.3,6388.65,0,0.032882837556157535,0,LOW RISK,2026-08-30 13:02:06
4512-ZUIYL,Female,0,No,No,2,Yes,Fiber optic,Month-to-month,Bank transfer (automatic),70.0,153.05,1,0.7575989756144207,1,HIGH RISK,2026-08-30 13:02:06
9631-RXVJM,Male,0,No,No,35,Yes,No,Two year,Mailed check,19.25,677.9,0,0.03026159185862753,0,LOW RISK,2026-08-30 13:02:06
9584-EXCDZ,Female,0,No,No,17,Yes,Fiber optic,Month-to-month,Bank transfer (automatic),70.5,1165.6,0,0.5390124575963726,1,MEDIUM RISK,2026-08-30 13:02:06
7969-AULMZ,Female,0,No,No,21,Yes,Fiber optic,Month-to-month,Electronic check,97.35,2119.5,1,0.8439870475002519,1,HIGH RISK,2026-08-30 13:02:06
5093-FEGLU,Female,0,Yes,No,47,Yes,No,Two year,Bank transfer (automatic),19.65,921.55,0,0.018294211871832628,0,LOW RISK,2026-08-30 13:02:06
2621-UDNLU,Female,0,Yes,No,3,Yes,No,Month-to-month,Mailed check,20.85,72.0,0,0.37889429539441294,0,LOW RISK,2026-08-30 13:02:06
7526-IVLYU,Male,0,No,No,3,Yes,No,Month-to-month,Mailed check,19.65,68.35,0,0.4662579501948435,0,MEDIUM RISK,2026-08-30 13:02:06
2428-HYUNX,Male,1,Yes,No,44,Yes,No,Two year,Credit card (automatic),19.35,847.25,0,0.0357069896201945,0,LOW RISK,2026-08-30 13:02:06
9214-EKVXR,Female,0,No,No,1,Yes,DSL,Month-to-month,Mailed check,44.0,44.0,0,0.6913698175203772,1,MEDIUM RISK,2026-08-30 13:02:06
3410-MHHUM,Female,0,Yes,Yes,44,Yes,Fiber optic,One year,Electronic check,94.4,4295.35,0,0.3725551323549391,0,LOW RISK,2026-08-30 13:02:06
0568-ONFPC,Male,0,Yes,Yes,5,Yes,No,Month-to-month,Bank transfer (automatic),25.9,135.0,1,0.45966267278280426,0,MEDIUM RISK,2026-08-30 13:02:06
0733-VUNUW,Male,0,No,No,24,Yes,DSL,Month-to-month,Bank transfer (automatic),55.65,1400.55,1,0.36584000607055345,0,LOW RISK,2026-08-30 13:02:06
4550-EVXNY,Female,0,No,Yes,1,Yes,Fiber optic,Month-to-month,Electronic check,69.65,69.65,1,0.8441627983168074,1,HIGH RISK,2026-08-30 13:02:06
2122-YWVYA,Female,0,No,No,18,Yes,Fiber optic,Month-to-month,Electronic check,75.4,1380.4,0,0.6252353043837032,1,MEDIUM RISK,2026-08-30 13:02:06
2968-SSGAA,Female,0,No,No,10,Yes,Fiber optic,Month-to-month,Electronic check,100.6,1060.2,1,0.9265661740461526,1,HIGH RISK,2026-08-30 13:02:06
2296-DKZFP,Female,0,Yes,No,65,Yes,DSL,Two year,Bank transfer (automatic),71.0,4386.2,0,0.025684443375328745,0,LOW RISK,2026-08-30 13:02:06
4844-JJWUY,Female,1,No,No,1,Yes,Fiber optic,Month-to-month,Electronic check,86.0,86.0,1,0.9025808734162772,1,HIGH RISK,2026-08-30 13:02:06
6777-TGHTM,Female,0,No,No,53,Yes,Fiber optic,One year,Credit card (automatic),106.95,5785.5,1,0.46611088369914533,0,MEDIUM RISK,2026-08-30 13:02:06
8909-BOLNL,Male,0,No,No,3,Yes,No,One year,Mailed check,21.2,52.05,0,0.21778233542086414,0,LOW RISK,2026-08-30 13:02:06
6603-YRDCJ,Male,0,Yes,No,33,Yes,DSL,Two year,Mailed check,61.05,2018.4,0,0.053939231655082305,0,LOW RISK,2026-08-30 13:02:06
3538-WZPHD,Male,0,No,No,3,No,DSL,Month-to-month,Electronic check,29.6,79.45,1,0.789939044138753,1,HIGH RISK,2026-08-30 13:02:06
3229-USWAR,Female,0,No,No,34,Yes,DSL,One year,Bank transfer (automatic),79.95,2727.3,0,0.15249775042367172,0,LOW RISK,2026-08-30 13:02:06
2138-VFAPZ,Female,0,Yes,Yes,14,Yes,No,Two year,Mailed check,19.7,263.65,0,0.06109462355515628,0,LOW RISK,2026-08-30 13:02:06
6131-JLWZM,Female,0,No,No,13,Yes,No,Month-to-month,Mailed check,20.3,275.4,0,0.27189618148385664,0,LOW RISK,2026-08-30 13:02:06
4785-QRJHC,Male,1,Yes,No,46,No,DSL,One year,Bank transfer (automatic),59.9,2816.65,1,0.2632915849927868,0,LOW RISK,2026-08-30 13:02:06
0269-XFESX,Male,0,Yes,Yes,23,Yes,No,One year,Mailed check,24.35,538.5,0,0.09113516090328165,0,LOW RISK,2026-08-30 13:02:06
1709-EJDOX,Female,0,Yes,Yes,47,Yes,No,Two year,Mailed check,19.75,948.9,0,0.015570123651949014,0,LOW RISK,2026-08-30 13:02:06
4316-XCSLJ,Male,0,No,Yes,17,Yes,DSL,Month-to-month,Mailed check,50.3,846.8,0,0.3161119228899414,0,LOW RISK,2026-08-30 13:02:06
8610-WFCJF,Female,0,Yes,Yes,49,Yes,Fiber optic,Month-to-month,Electronic check,95.6,4783.5,1,0.7837368138533567,1,HIGH RISK,2026-08-30 13:02:06
9693-XMUOB,Male,1,Yes,No,59,No,DSL,Month-to-month,Electronic check,50.25,2997.45,0,0.5918695975284347,1,MEDIUM RISK,2026-08-30 13:02:06
0383-CLDDA,Female,0,No,No,69,Yes,DSL,Two year,Credit card (automatic),85.35,5897.4,0,0.051744122469708796,0,LOW RISK,2026-08-30 13:02:06
4905-JEFDW,Male,0,No,No,11,No,DSL,One year,Electronic check,41.6,470.6,1,0.666396497113781,1,MEDIUM RISK,2026-08-30 13:02:06
2709-UQGNP,Male,0,No,No,10,Yes,DSL,Month-to-month,Mailed check,51.65,524.5,0,0.5197916110256464,1,MEDIUM RISK,2026-08-30 13:02:06
3549-ZTMNH,Male,0,Yes,Yes,12,Yes,No,Two year,Bank transfer (automatic),24.0,269.65,0,0.12505166287152522,0,LOW RISK,2026-08-30 13:02:06
7881-INRLC,Male,0,No,No,45,Yes,Fiber optic,Month-to-month,Credit card (automatic),100.85,4740.0,1,0.6570017179246731,1,MEDIUM RISK,2026-08-30 13:02:06
8033-ATFAS,Female,0,Yes,Yes,39,Yes,DSL,Month-to-month,Mailed check,59.85,2341.5,0,0.3366206385174192,0,LOW RISK,2026-08-30 13:02:06
1635-NZATJ,Male,1,Yes,No,71,Yes,No,Two year,Credit card (automatic),25.45,1789.65,0,0.02008395988993562,0,LOW RISK,2026-08-30 13:02:06
0562-HKHML,Male,0,Yes,Yes,71,Yes,No,Two year,Credit card (automatic),23.9,1626.4,0,0.014147153306379822,0,LOW RISK,2026-08-30 13:02:06
8277-RVRSV,Female,0,Yes,Yes,33,Yes,No,One year,Credit card (automatic),24.15,800.3,0,0.07569692022940522,0,LOW RISK,2026-08-30 13:02:06
9943-VSZUV,Male,1,No,No,67,Yes,Fiber optic,Month-to-month,Mailed check,75.7,5060.85,0,0.49309623361330845,0,MEDIUM RISK,2026-08-30 13:02:06
0117-LFRMW,Male,0,Yes,Yes,37,No,DSL,Month-to-month,Bank transfer (automatic),40.2,1448.8,1,0.19065592907024345,0,LOW RISK,2026-08-30 13:02:06
6172-FECYY,Male,0,Yes,Yes,49,Yes,Fiber optic,Month-to-month,Electronic check,84.5,4254.85,1,0.6555124930399039,1,MEDIUM RISK,2026-08-30 13:02:06
7054-ENNGU,Female,0,Yes,No,9,Yes,DSL,Month-to-month,Mailed check,50.85,466.6,0,0.5091188887130446,1,MEDIUM RISK,2026-08-30 13:02:06
1455-HFBXA,Male,0,Yes,No,52,Yes,Fiber optic,Two year,Credit card (automatic),91.6,4627.8,0,0.1423964255190106,0,LOW RISK,2026-08-30 13:02:06
9402-CXWPL,Female,0,No,No,70,Yes,Fiber optic,One year,Electronic check,98.9,6838.6,0,0.38493386374575034,0,LOW RISK,2026-08-30 13:02:06
1628-BIZYP,Male,0,No,No,1,Yes,Fiber optic,Month-to-month,Electronic check,85.0,85.0,0,0.891750809134558,1,HIGH RISK,2026-08-30 13:02:06
1965-AKTSX,Female,1,No,No,14,Yes,Fiber optic,Month-to-month,Electronic check,78.95,1101.85,1,0.7999520128941059,1,HIGH RISK,2026-08-30 13:02:06
0082-LDZUE,Male,0,No,No,1,Yes,DSL,Month-to-month,Mailed check,44.3,44.3,0,0.6957532488703199,1,MEDIUM RISK,2026-08-30 13:02:06
4786-UKSNZ,Male,0,No,No,1,Yes,No,Month-to-month,Mailed check,20.2,20.2,1,0.3954809645701498,0,LOW RISK,2026-08-30 13:02:06
5343-SGUBI,Female,0,No,No,52,Yes,Fiber optic,One year,Mailed check,80.2,4297.6,0,0.3758504398509111,0,LOW RISK,2026-08-30 13:02:06
0856-NAOES,Male,0,No,No,6,Yes,DSL,Month-to-month,Mailed check,60.9,414.1,0,0.6464422089729255,1,MEDIUM RISK,2026-08-30 13:02:06
1976-AZZPJ,Male,0,Yes,No,7,No,DSL,Month-to-month,Mailed check,34.2,256.6,0,0.5416565804389771,1,MEDIUM RISK,2026-08-30 13:02:06
7248-VZQLC,Female,1,No,No,47,Yes,Fiber optic,Month-to-month,Bank transfer (automatic),85.2,3969.35,1,0.5066899420793629,1,MEDIUM RISK,2026-08-30 13:02:06
6156-UZDLF,Female,0,No,No,26,Yes,Fiber optic,One year,Credit card (automatic),87.15,2274.1,0,0.27322457989691523,0,LOW RISK,2026-08-30 13:02:06
3099-OONVS,Male,0,Yes,Yes,25,Yes,DSL,Month-to-month,Electronic check,54.3,1296.8,0,0.24932607505816134,0,LOW RISK,2026-08-30 13:02:06
9500-WBGRP,Male,0,No,No,69,Yes,No,Two year,Mailed check,19.1,1268.85,0,0.018878714892604027,0,LOW RISK,2026-08-30 13:02:06
5183-KLYEM,Female,0,No,No,72,Yes,Fiber optic,Two year,Credit card (automatic),112.75,8192.6,0,0.12972966435846253,0,LOW RISK,2026-08-30 13:02:06
5144-PQCDZ,Male,0,No,No,4,Yes,No,Month-to-month,Mailed check,19.95,59.25,0,0.44753718094049993,0,MEDIUM RISK,2026-08-30 13:02:06
8514-VZHEB,Male,0,Yes,Yes,59,Yes,No,Two year,Mailed check,19.5,1147.85,0,0.016594809148182264,0,LOW RISK,2026-08-30 13:02:06
6625-IUTTT,Male,0,No,No,67,Yes,DSL,Two year,Bank transfer (automatic),65.55,4361.55,0,0.027167218052538022,0,LOW RISK,2026-08-30 13:02:06
9355-NPPFS,Female,1,No,No,26,Yes,Fiber optic,Month-to-month,Electronic check,78.8,2006.1,0,0.7850808936127305,1,HIGH RISK,2026-08-30 13:02:06
0068-FIGTF,Female,0,No,No,27,Yes,DSL,One year,Mailed check,78.2,2078.95,0,0.1794906784107814,0,LOW RISK,2026-08-30 13:02:06
5965-GGPRW,Male,0,Yes,Yes,72,Yes,Fiber optic,Two year,Bank transfer (automatic),105.25,7609.75,0,0.10960004187160106,0,LOW RISK,2026-08-30 13:02:06
8035-PWSEV,Female,0,No,No,6,Yes,Fiber optic,Month-to-month,Electronic check,89.25,487.05,0,0.8509631029383048,1,HIGH RISK,2026-08-30 13:02:06
2236-HILPA,Male,0,Yes,Yes,62,Yes,No,Two year,Credit card (automatic),20.65,1218.45,0,0.014221201151116773,0,LOW RISK,2026-08-30 13:02:06
1840-BIUOG,Male,0,No,No,20,Yes,DSL,One year,Electronic check,68.7,1416.2,0,0.31504533068177887,0,LOW RISK,2026-08-30 13:02:06
1356-MKYSK,Male,0,No,No,6,Yes,DSL,Month-to-month,Credit card (automatic),78.65,483.3,0,0.4864530960917906,0,MEDIUM RISK,2026-08-30 13:02:06
6080-LNESI,Male,0,No,No,51,Yes,No,Two year,Mailed check,24.75,1234.6,0,0.03621970640111866,0,LOW RISK,2026-08-30 13:02:06
1830-IPXVJ,Female,0,Yes,Yes,61,Yes,No,Two year,Credit card (automatic),19.75,1311.6,0,0.014872641805406341,0,LOW RISK,2026-08-30 13:02:06
5828-DWPIL,Male,1,Yes,No,62,Yes,Fiber optic,Month-to-month,Electronic check,89.1,5618.3,0,0.5336389362523603,1,MEDIUM RISK,2026-08-30 13:02:06
8398-TBIYD,Female,0,No,No,72,Yes,Fiber optic,Two year,Bank transfer (automatic),84.7,6185.15,0,0.07106491641358446,0,LOW RISK,2026-08-30 13:02:06
0011-IGKFF,Male,1,Yes,No,13,Yes,Fiber optic,Month-to-month,Electronic check,98.0,1237.85,1,0.8606185499023602,1,HIGH RISK,2026-08-30 13:02:06
4192-GORJT,Male,0,Yes,No,5,Yes,Fiber optic,Month-to-month,Electronic check,94.45,498.1,1,0.9217575903119914,1,HIGH RISK,2026-08-30 13:02:06
6496-SLWHQ,Male,1,No,No,3,Yes,Fiber optic,Month-to-month,Electronic check,105.0,294.45,1,0.9418319284535814,1,HIGH RISK,2026-08-30 13:02:06
9912-GVSEQ,Female,1,Yes,No,26,Yes,Fiber optic,Month-to-month,Electronic check,93.85,2381.55,1,0.8223813168567051,1,HIGH RISK,2026-08-30 13:02:06
2931-FSOHN,Male,1,No,No,13,Yes,DSL,Month-to-month,Electronic check,59.9,788.35,0,0.6585501599846219,1,MEDIUM RISK,2026-08-30 13:02:06
9418-RUKPH,Female,0,Yes,Yes,38,Yes,No,Two year,Mailed check,19.95,756.4,0,0.03065418762440226,0,LOW RISK,2026-08-30 13:02:06
5383-MMTWC,Female,1,Yes,No,8,Yes,Fiber optic,Month-to-month,Electronic check,84.0,613.4,1,0.9206110313692664,1,HIGH RISK,2026-08-30 13:02:06
9971-ZWPBF,Male,1,Yes,Yes,34,Yes,Fiber optic,Month-to-month,Electronic check,108.9,3625.2,0,0.7538450387644375,1,HIGH RISK,2026-08-30 13:02:06
4712-AUQZO,Male,0,No,No,18,No,DSL,Month-to-month,Mailed check,33.6,550.35,0,0.35996690109796114,0,LOW RISK,2026-08-30 13:02:06
9711-FJTBX,Male,0,Yes,Yes,56,Yes,Fiber optic,One year,Mailed check,85.85,4793.8,0,0.19913656382834616,0,LOW RISK,2026-08-30 13:02:06
2908-ZTPNF,Female,0,No,No,36,No,DSL,Month-to-month,Bank transfer (automatic),34.85,1267.2,0,0.3029699836531465,0,LOW RISK,2026-08-30 13:02:06
7240-ETPTR,Female,0,Yes,No,9,No,DSL,Month-to-month,Electronic check,48.75,442.2,1,0.8686287948991559,1,HIGH RISK,2026-08-30 13:02:06
2202-CUYXZ,Male,0,No,No,1,Yes,Fiber optic,Month-to-month,Electronic check,84.85,84.85,1,0.902764648224298,1,HIGH RISK,2026-08-30 13:02:06
5995-OIGLP,Male,0,No,No,12,Yes,DSL,Month-to-month,Mailed check,56.65,654.85,1,0.34598486031910386,0,LOW RISK,2026-08-30 13:02:06
8421-WZOOW,Female,1,Yes,Yes,57,Yes,Fiber optic,Month-to-month,Credit card (automatic),95.3,5567.45,0,0.4469135451747018,0,MEDIUM RISK,2026-08-30 13:02:06
6261-RCVNS,Female,0,No,No,42,Yes,DSL,One year,Credit card (automatic),73.9,3160.55,1,0.06130375410146702,0,LOW RISK,2026-08-30 13:02:06
7951-QKZPL,Female,0,Yes,Yes,33,Yes,No,Two year,Mailed check,24.5,740.3,1,0.04978299646788955,0,LOW RISK,2026-08-30 13:02:06
1414-YADCW,Male,0,Yes,No,70,Yes,Fiber optic,Two year,Bank transfer (automatic),84.6,5706.2,0,0.03743718791281027,0,LOW RISK,2026-08-30 13:02:06
8756-RDDLT,Female,0,No,No,68,No,DSL,Month-to-month,Electronic check,44.95,3085.35,0,0.24428601916524287,0,LOW RISK,2026-08-30 13:02:06
2862-PFNIK,Male,0,No,Yes,1,No,DSL,Month-to-month,Electronic check,24.7,24.7,0,0.7906965541099393,1,HIGH RISK,2026-08-30 13:02:06
5816-QVHRX,Female,0,No,No,37,Yes,Fiber optic,Month-to-month,Credit card (automatic),100.3,3541.4,0,0.587956088460232,1,MEDIUM RISK,2026-08-30 13:02:06
4430-YHXGG,Female,0,No,Yes,4,Yes,No,Month-to-month,Mailed check,25.45,84.2,0,0.4625360054216104,0,MEDIUM RISK,2026-08-30 13:02:06
6888-SBYAI,Male,0,No,No,1,Yes,DSL,Month-to-month,Mailed check,50.7,50.7,0,0.6059918417847889,1,MEDIUM RISK,2026-08-30 13:02:06
7395-XWZOY,Male,0,No,No,20,No,DSL,Month-to-month,Credit card (automatic),55.0,1165.55,0,0.40127099325911997,0,MEDIUM RISK,2026-08-30 13:02:06
7169-YWAMK,Male,0,Yes,Yes,72,Yes,DSL,Two year,Bank transfer (automatic),68.4,4855.35,0,0.012849683353656029,0,LOW RISK,2026-08-30 13:02:06
3640-PHQXK,Female,0,No,No,31,Yes,Fiber optic,Month-to-month,Electronic check,89.9,2806.9,1,0.785565621195528,1,HIGH RISK,2026-08-30 13:02:06
6877-LGWXO,Male,1,Yes,No,18,Yes,Fiber optic,Month-to-month,Electronic check,78.55,1422.65,1,0.7520422772388728,1,HIGH RISK,2026-08-30 13:02:06
6859-RKMZJ,Male,0,Yes,No,11,Yes,DSL,Month-to-month,Bank transfer (automatic),55.05,608.15,0,0.6735083244418822,1,MEDIUM RISK,2026-08-30 13:02:06
2729-VNVAP,Female,0,Yes,Yes,33,Yes,No,Two year,Credit card (automatic),19.8,641.35,0,0.025691871473710933,0,LOW RISK,2026-08-30 13:02:06
2957-JIRMN,Female,1,No,No,62,Yes,Fiber optic,One year,Electronic check,84.45,4959.15,0,0.4264651914841183,0,MEDIUM RISK,2026-08-30 13:02:06
2049-BAFNW,Female,0,No,No,1,No,DSL,Month-to-month,Mailed check,35.9,35.9,0,0.6274982651972486,1,MEDIUM RISK,2026-08-30 13:02:06
3842-QTGDL,Male,0,Yes,No,16,Yes,Fiber optic,Month-to-month,Bank transfer (automatic),80.75,1321.3,0,0.4437567333747807,0,MEDIUM RISK,2026-08-30 13:02:06
7163-OCEQI,Male,0,Yes,Yes,22,Yes,DSL,One year,Mailed check,78.65,1663.75,0,0.2826769535859109,0,LOW RISK,2026-08-30 13:02:06
9782-LGXMC,Female,0,Yes,Yes,49,Yes,DSL,Month-to-month,Bank transfer (automatic),61.75,3024.15,0,0.13082756721235675,0,LOW RISK,2026-08-30 13:02:06
5975-BAICR,Male,0,Yes,Yes,36,Yes,DSL,One year,Credit card (automatic),63.7,2188.5,0,0.16288529108306557,0,LOW RISK,2026-08-30 13:02:06
8019-ENHXU,Male,0,Yes,No,42,Yes,Fiber optic,Month-to-month,Electronic check,99.45,4138.05,1,0.640145597324276,1,MEDIUM RISK,2026-08-30 13:02:06
5167-GBFRE,Male,1,No,No,4,No,DSL,Month-to-month,Bank transfer (automatic),25.2,102.5,1,0.7652695233412428,1,HIGH RISK,2026-08-30 13:02:06
9033-EOXWV,Female,0,No,No,12,Yes,DSL,One year,Mailed check,74.05,872.65,1,0.40928855931639696,0,MEDIUM RISK,2026-08-30 13:02:06
4673-KKSLS,Female,0,No,No,31,Yes,Fiber optic,Month-to-month,Electronic check,87.6,2724.25,0,0.40610712683623096,0,MEDIUM RISK,2026-08-30 13:02:06
4853-OITSN,Male,0,Yes,No,5,Yes,Fiber optic,Month-to-month,Electronic check,89.15,413.25,0,0.8863161140659319,1,HIGH RISK,2026-08-30 13:02:06
9800-OUIGR,Male,0,Yes,Yes,66,Yes,No,Two year,Credit card (automatic),20.0,1374.2,0,0.012455054513583972,0,LOW RISK,2026-08-30 13:02:06
1324-NLTJE,Female,1,No,No,15,Yes,DSL,Month-to-month,Credit card (automatic),55.0,757.1,1,0.41803878435291103,0,MEDIUM RISK,2026-08-30 13:02:06
2324-EFHVG,Male,0,No,No,64,Yes,Fiber optic,Two year,Bank transfer (automatic),104.4,6692.65,0,0.2605527519941936,0,LOW RISK,2026-08-30 13:02:06
7094-MSZAO,Male,0,Yes,Yes,10,Yes,No,Month-to-month,Credit card (automatic),20.05,218.5,0,0.3513441926049672,0,LOW RISK,2026-08-30 13:02:06
1522-VVDMG,Male,0,Yes,Yes,7,Yes,Fiber optic,Month-to-month,Electronic check,89.75,608.8,1,0.802847524397848,1,HIGH RISK,2026-08-30 13:02:06
6907-CQGPN,Male,0,No,No,29,No,DSL,Month-to-month,Electronic check,34.3,1004.75,0,0.3824518039669189,0,LOW RISK,2026-08-30 13:02:06
0780-XNZFN,Male,0,No,No,57,Yes,No,Two year,Bank transfer (automatic),20.65,1125.6,0,0.019920546505997814,0,LOW RISK,2026-08-30 13:02:06
0239-OXEXL,Female,0,No,No,46,Yes,Fiber optic,Month-to-month,Mailed check,84.25,3847.6,0,0.3173626471302516,0,LOW RISK,2026-08-30 13:02:06
2675-IJRGJ,Male,0,No,No,53,Yes,No,Two year,Bank transfer (automatic),19.65,978.0,0,0.023532929503553186,0,LOW RISK,2026-08-30 13:02:06
7049-GKVZY,Female,0,No,No,17,Yes,DSL,One year,Credit card (automatic),79.85,1387.35,0,0.1448806274937413,0,LOW RISK,2026-08-30 13:02:06
8577-QSOCG,Female,0,Yes,Yes,38,Yes,No,Two year,Mailed check,20.2,746.05,0,0.030447648136743315,0,LOW RISK,2026-08-30 13:02:06
3721-CNZHX,Male,0,No,No,15,Yes,No,One year,Mailed check,19.8,304.6,0,0.10718790396188044,0,LOW RISK,2026-08-30 13:02:06
0212-ISBBF,Female,0,No,No,22,No,DSL,Month-to-month,Electronic check,50.35,1098.85,0,0.6897643830331603,1,MEDIUM RISK,2026-08-30 13:02:06
9185-TQCVP,Male,0,Yes,No,14,Yes,Fiber optic,Month-to-month,Electronic check,85.15,1139.2,1,0.8453181496116469,1,HIGH RISK,2026-08-30 13:02:06
3585-YNADK,Female,0,Yes,No,57,Yes,DSL,One year,Bank transfer (automatic),74.6,4368.95,0,0.10780842461898105,0,LOW RISK,2026-08-30 13:02:06
5271-DBYSJ,Male,1,No,No,11,Yes,Fiber optic,Month-to-month,Credit card (automatic),79.15,827.7,0,0.8443095856723897,1,HIGH RISK,2026-08-30 13:02:06
1099-GODLO,Female,0,Yes,Yes,1,Yes,No,Two year,Mailed check,20.35,20.35,0,0.1030082971615874,0,LOW RISK,2026-08-30 13:02:06
6828-HMKWP,Male,0,Yes,Yes,12,Yes,No,Two year,Bank transfer (automatic),21.05,262.05,0,0.06759361161290972,0,LOW RISK,2026-08-30 13:02:06
5567-WSELE,Male,1,Yes,No,3,Yes,Fiber optic,Month-to-month,Electronic check,94.6,279.55,1,0.9508799077117568,1,HIGH RISK,2026-08-30 13:02:06
1472-TNCWL,Male,0,No,Yes,36,Yes,Fiber optic,Month-to-month,Electronic check,94.7,3512.5,0,0.6924935233131917,1,MEDIUM RISK,2026-08-30 13:02:06
8063-RJYNF,Male,0,No,No,16,Yes,Fiber optic,Month-to-month,Electronic check,94.25,1483.25,1,0.7764110780511524,1,HIGH RISK,2026-08-30 13:02:06
0687-ZVTHB,Male,0,Yes,Yes,65,Yes,DSL,One year,Credit card (automatic),72.45,4653.85,1,0.06864337576095814,0,LOW RISK,2026-08-30 13:02:06
2080-GKCWQ,Male,0,No,No,2,Yes,Fiber optic,Month-to-month,Electronic check,74.95,151.75,0,0.8043601188789093,1,HIGH RISK,2026-08-30 13:02:06
9661-ACXBS,Female,0,No,No,42,Yes,Fiber optic,Month-to-month,Electronic check,105.2,4400.75,1,0.7016079249303468,1,HIGH RISK,2026-08-30 13:02:06
2193-SFWQW,Male,0,Yes,Yes,72,Yes,Fiber optic,Two year,Bank transfer (automatic),111.95,8033.1,0,0.05603315858541933,0,LOW RISK,2026-08-30 13:02:06
5656-JAMLX,Male,0,No,No,62,Yes,No,Two year,Bank transfer (automatic),19.85,1253.65,0,0.016769387883068497,0,LOW RISK,2026-08-30 13:02:06
3462-BJQQA,Female,0,No,No,6,Yes,Fiber optic,Month-to-month,Electronic check,89.75,552.65,0,0.9002087303414508,1,HIGH RISK,2026-08-30 13:02:06
0442-TDYUO,Male,0,Yes,No,48,Yes,No,Two year,Mailed check,20.05,1036.0,0,0.026587798079386493,0,LOW RISK,2026-08-30 13:02:06
6733-LRIZX,Male,0,No,No,35,Yes,Fiber optic,Two year,Electronic check,108.95,4025.5,0,0.346968846550868,0,LOW RISK,2026-08-30 13:02:06
9503-XJUME,Male,0,No,Yes,52,Yes,No,One year,Credit card (automatic),19.65,928.4,0,0.04393892027457949,0,LOW RISK,2026-08-30 13:02:06
4367-NHWMM,Female,0,No,No,1,No,DSL,Month-to-month,Mailed check,24.9,24.9,0,0.7614379480079334,1,HIGH RISK,2026-08-30 13:02:06
3727-RJMEO,Male,0,Yes,No,6,Yes,Fiber optic,Month-to-month,Electronic check,82.85,460.25,1,0.9159957643107168,1,HIGH RISK,2026-08-30 13:02:06
3779-OSWCF,Female,0,Yes,No,71,Yes,DSL,Two year,Credit card (automatic),93.2,6506.15,0,0.030648495760035047,0,LOW RISK,2026-08-30 13:02:06
6736-DHUQI,Female,0,Yes,Yes,67,Yes,Fiber optic,One year,Bank transfer (automatic),84.8,5598.3,0,0.09291189072237369,0,LOW RISK,2026-08-30 13:02:06
3915-ODIYG,Male,1,No,No,60,Yes,DSL,One year,Electronic check,71.75,4374.55,0,0.1894278321730254,0,LOW RISK,2026-08-30 13:02:06
1360-RCYRT,Male,0,Yes,Yes,23,No,DSL,Month-to-month,Bank transfer (automatic),30.35,678.75,0,0.359046245741035,0,LOW RISK,2026-08-30 13:02:06
2724-FJDYW,Male,0,No,Yes,39,No,DSL,One year,Bank transfer (automatic),54.85,2191.7,0,0.1938692186916326,0,LOW RISK,2026-08-30 13:02:06
4451-RWASJ,Male,0,Yes,Yes,15,Yes,No,One year,Mailed check,19.5,239.75,0,0.12317313750577594,0,LOW RISK,2026-08-30 13:02:06
6646-VRFOL,Male,1,Yes,No,53,Yes,Fiber optic,Month-to-month,Electronic check,103.85,5485.5,1,0.8129612674463581,1,HIGH RISK,2026-08-30 13:02:06
3460-TJBWI,Male,0,Yes,Yes,24,Yes,No,Two year,Mailed check,24.2,609.05,0,0.04241600876813368,0,LOW RISK,2026-08-30 13:02:06
5917-HBSDW,Female,0,Yes,Yes,37,Yes,No,Month-to-month,Electronic check,19.35,683.75,0,0.13343641285091107,0,LOW RISK,2026-08-30 13:02:06
5685-IIXLY,Female,0,Yes,Yes,5,Yes,Fiber optic,Month-to-month,Electronic check,83.6,404.2,1,0.8554592663115325,1,HIGH RISK,2026-08-30 13:02:06
5671-UUNXD,Female,1,Yes,No,50,Yes,Fiber optic,One year,Electronic check,100.65,5189.75,0,0.6492712922524946,1,MEDIUM RISK,2026-08-30 13:02:06
0956-ACVZC,Female,0,No,No,54,Yes,Fiber optic,One year,Credit card (automatic),94.1,5060.9,0,0.4738864445699523,0,MEDIUM RISK,2026-08-30 13:02:06
2325-NBPZG,Female,0,No,No,3,Yes,Fiber optic,Month-to-month,Electronic check,74.55,233.65,0,0.8132741297822423,1,HIGH RISK,2026-08-30 13:02:06
4250-ZBWLV,Male,0,No,No,68,Yes,Fiber optic,One year,Electronic check,108.45,7176.55,1,0.35054462481146065,0,LOW RISK,2026-08-30 13:02:06
4482-FTFFX,Male,0,No,No,5,Yes,DSL,Month-to-month,Electronic check,56.15,291.45,0,0.5943659509249388,1,MEDIUM RISK,2026-08-30 13:02:06
8859-DZTGQ,Male,0,No,No,33,Yes,No,Two year,Mailed check,20.35,689.75,0,0.03215686664435857,0,LOW RISK,2026-08-30 13:02:06
0440-MOGPM,Female,0,No,No,41,Yes,DSL,One year,Electronic check,80.55,3263.9,0,0.3196951349122068,0,LOW RISK,2026-08-30 13:02:06
0020-JDNXP,Female,0,Yes,Yes,34,No,DSL,One year,Mailed check,61.25,1993.2,0,0.16926667792772476,0,LOW RISK,2026-08-30 13:02:06
3752-CQSJI,Female,0,Yes,Yes,13,Yes,No,Month-to-month,Mailed check,20.45,254.5,0,0.2365304485898593,0,LOW RISK,2026-08-30 13:02:06
5025-GOOKI,Female,0,No,No,20,Yes,No,Month-to-month,Credit card (automatic),18.9,347.65,0,0.22071990179759773,0,LOW RISK,2026-08-30 13:02:06
4698-KVLLG,Female,1,No,No,51,Yes,No,Two year,Credit card (automatic),19.6,967.9,0,0.029996447214104074,0,LOW RISK,2026-08-30 13:02:06
5095-AESKG,Female,0,Yes,No,3,Yes,Fiber optic,Month-to-month,Credit card (automatic),91.5,242.95,1,0.871967449401756,1,HIGH RISK,2026-08-30 13:02:06
2887-JPYLU,Female,0,No,Yes,41,Yes,DSL,Month-to-month,Bank transfer (automatic),45.2,1841.9,0,0.17868493870743626,0,LOW RISK,2026-08-30 13:02:06
4770-QAZXN,Female,0,No,No,13,Yes,No,Month-to-month,Credit card (automatic),19.45,232.1,0,0.20717579152447294,0,LOW RISK,2026-08-30 13:02:06
4896-CPRPF,Male,0,Yes,Yes,35,Yes,No,Two year,Bank transfer (automatic),25.45,809.25,0,0.03198228944886734,0,LOW RISK,2026-08-30 13:02:06
1871-MOWRM,Male,0,Yes,No,12,Yes,Fiber optic,Month-to-month,Bank transfer (automatic),80.85,866.45,1,0.5316434537916434,1,MEDIUM RISK,2026-08-30 13:02:06
9714-EDSUC,Male,0,No,No,4,Yes,Fiber optic,Month-to-month,Mailed check,94.9,360.55,0,0.7271107747379635,1,HIGH RISK,2026-08-30 13:02:06
2027-OAQQC,Female,0,No,No,43,No,DSL,Month-to-month,Bank transfer (automatic),49.05,2076.2,1,0.4939438632918926,0,MEDIUM RISK,2026-08-30 13:02:06
0282-NVSJS,Female,1,Yes,Yes,12,No,DSL,Month-to-month,Mailed check,29.3,355.9,0,0.6097797015265319,1,MEDIUM RISK,2026-08-30 13:02:06
9090-SGQXL,Male,1,Yes,No,68,Yes,Fiber optic,Month-to-month,Electronic check,105.3,7299.65,1,0.7203549221697535,1,HIGH RISK,2026-08-30 13:02:06
6595-YGXIT,Male,1,No,No,25,Yes,Fiber optic,Month-to-month,Electronic check,88.95,2291.2,1,0.8235833206610867,1,HIGH RISK,2026-08-30 13:02:06
7353-YOWFP,Female,0,No,No,7,Yes,No,One year,Mailed check,20.25,129.15,0,0.1919890167782212,0,LOW RISK,2026-08-30 13:02:06
9835-ZIITK,Male,1,Yes,No,66,Yes,Fiber optic,One year,Electronic check,110.85,7491.75,1,0.49989521905350415,0,MEDIUM RISK,2026-08-30 13:02:06
8008-ESFLK,Female,0,Yes,No,53,Yes,Fiber optic,One year,Electronic check,110.5,5835.5,0,0.31429934980304286,0,LOW RISK,2026-08-30 13:02:06
7537-CBQUZ,Male,1,No,No,63,Yes,Fiber optic,Month-to-month,Bank transfer (automatic),109.4,7031.45,0,0.5860545352318891,1,MEDIUM RISK,2026-08-30 13:02:06
1555-DJEQW,Female,0,Yes,Yes,70,Yes,Fiber optic,Two year,Bank transfer (automatic),114.2,7723.9,1,0.10914618651834541,0,LOW RISK,2026-08-30 13:02:06
5649-TJHOV,Male,1,Yes,No,27,No,DSL,Month-to-month,Bank transfer (automatic),36.5,1032.0,1,0.5249375157052816,1,MEDIUM RISK,2026-08-30 13:02:06
0519-XUZJU,Female,0,No,No,1,Yes,Fiber optic,Month-to-month,Mailed check,70.75,70.75,1,0.765783863721626,1,HIGH RISK,2026-08-30 13:02:06
3363-EWLGO,Female,0,No,No,5,Yes,No,Month-to-month,Mailed check,19.95,109.6,0,0.3554385520968739,0,LOW RISK,2026-08-30 13:02:06
4750-UKWJK,Female,1,Yes,No,37,Yes,No,One year,Mailed check,19.6,727.8,0,0.06975839919679525,0,LOW RISK,2026-08-30 13:02:06
6338-AVWCY,Male,0,No,No,3,No,DSL,Month-to-month,Mailed check,40.15,130.75,1,0.8058940110088195,1,HIGH RISK,2026-08-30 13:02:06
1689-YQBYY,Female,0,No,Yes,12,Yes,Fiber optic,Month-to-month,Electronic check,76.6,893.0,0,0.8275342587188282,1,HIGH RISK,2026-08-30 13:02:06
4487-ZYJZK,Female,0,Yes,Yes,38,Yes,No,One year,Credit card (automatic),19.6,763.1,0,0.046714927985348126,0,LOW RISK,2026-08-30 13:02:06
2959-FENLU,Female,0,No,No,9,Yes,Fiber optic,Month-to-month,Credit card (automatic),85.3,781.4,0,0.8306033144589376,1,HIGH RISK,2026-08-30 13:02:06
0708-LGSMF,Male,0,Yes,No,13,Yes,DSL,Month-to-month,Electronic check,65.85,902.25,0,0.5716822927814728,1,MEDIUM RISK,2026-08-30 13:02:06
9253-QXKBE,Male,1,Yes,No,29,Yes,Fiber optic,Month-to-month,Electronic check,94.45,2653.65,1,0.864219259554958,1,HIGH RISK,2026-08-30 13:02:06
7634-HLQJR,Female,0,Yes,Yes,47,Yes,No,Two year,Credit card (automatic),20.05,1016.7,0,0.015370568438372532,0,LOW RISK,2026-08-30 13:02:06
0487-RPVUM,Male,0,Yes,No,61,Yes,Fiber optic,Month-to-month,Bank transfer (automatic),99.4,5943.65,0,0.3560049892745591,0,LOW RISK,2026-08-30 13:02:06
4079-ULGFR,Male,0,No,No,16,Yes,No,Month-to-month,Mailed check,20.0,275.7,0,0.19258886345186874,0,LOW RISK,2026-08-30 13:02:06
2516-XSJKX,Female,0,Yes,Yes,41,Yes,DSL,Two year,Electronic check,78.45,3126.45,0,0.04679464218088573,0,LOW RISK,2026-08-30 13:02:06
0057-QBUQH,Female,0,No,Yes,43,Yes,No,Two year,Electronic check,25.1,1070.15,0,0.04640306548715136,0,LOW RISK,2026-08-30 13:02:06
9445-SZLCH,Female,0,Yes,Yes,36,Yes,Fiber optic,Month-to-month,Bank transfer (automatic),97.35,3457.9,1,0.5879907022334665,1,MEDIUM RISK,2026-08-30 13:02:06
6599-SFQVE,Female,0,No,No,6,Yes,DSL,Month-to-month,Electronic check,55.0,340.4,0,0.7817342352659636,1,HIGH RISK,2026-08-30 13:02:06
8331-ZXFOE,Female,0,No,No,58,Yes,DSL,One year,Credit card (automatic),71.1,4299.2,0,0.07557002260914296,0,LOW RISK,2026-08-30 13:02:06
4003-FUSHP,Male,0,No,No,19,Yes,DSL,Month-to-month,Credit card (automatic),61.55,1093.2,0,0.42564758382567486,0,MEDIUM RISK,2026-08-30 13:02:06
0356-ERHVT,Male,0,Yes,No,11,Yes,DSL,Month-to-month,Bank transfer (automatic),45.9,521.9,0,0.60233957311366,1,MEDIUM RISK,2026-08-30 13:02:06
7325-ENZFI,Female,0,No,No,39,No,DSL,One year,Bank transfer (automatic),40.3,1630.4,0,0.1137087512434222,0,LOW RISK,2026-08-30 13:02:06
4884-ZTHVF,Female,1,No,No,8,Yes,Fiber optic,Month-to-month,Electronic check,87.1,713.6,0,0.876502603266288,1,HIGH RISK,2026-08-30 13:02:06
3920-HIHMQ,Female,0,No,Yes,26,Yes,DSL,Month-to-month,Mailed check,49.5,1265.65,0,0.43873524991644536,0,MEDIUM RISK,2026-08-30 13:02:06
3055-OYMSE,Female,1,No,No,53,Yes,Fiber optic,Month-to-month,Credit card (automatic),73.8,4003.85,0,0.5115910148577489,1,MEDIUM RISK,2026-08-30 13:02:06
0613-WUXUM,Female,0,Yes,Yes,70,Yes,No,Two year,Mailed check,19.2,1401.4,0,0.015025006040462235,0,LOW RISK,2026-08-30 13:02:06
7568-PODML,Male,0,No,No,1,No,DSL,Month-to-month,Mailed check,45.3,45.3,1,0.8569522800215411,1,HIGH RISK,2026-08-30 13:02:06
4458-KVRBJ,Male,0,No,No,59,Yes,No,Two year,Mailed check,25.0,1510.5,0,0.026880715635185484,0,LOW RISK,2026-08-30 13:02:06
5349-IECLD,Male,0,No,No,2,Yes,Fiber optic,Month-to-month,Electronic check,94.95,178.1,1,0.8948192865690596,1,HIGH RISK,2026-08-30 13:02:06
1397-XKKWR,Male,0,No,No,7,No,DSL,One year,Mailed check,35.3,264.8,0,0.379753831503272,0,LOW RISK,2026-08-30 13:02:06
3945-GFWQL,Female,0,No,Yes,12,Yes,DSL,Month-to-month,Electronic check,44.55,480.6,1,0.6224664461187129,1,MEDIUM RISK,2026-08-30 13:02:06
8097-OMULG,Male,0,Yes,Yes,59,Yes,DSL,One year,Credit card (automatic),76.75,4541.9,0,0.09278142288506862,0,LOW RISK,2026-08-30 13:02:06
6013-BHCAW,Male,0,Yes,Yes,61,Yes,DSL,Two year,Bank transfer (automatic),81.0,4976.15,0,0.07897073283015794,0,LOW RISK,2026-08-30 13:02:06
0401-WDBXM,Male,0,Yes,Yes,72,Yes,Fiber optic,Two year,Bank transfer (automatic),105.55,7542.25,0,0.1464973564078201,0,LOW RISK,2026-08-30 13:02:06
3387-PLKUI,Female,0,Yes,Yes,13,Yes,No,Month-to-month,Mailed check,18.8,251.25,0,0.18498260242351375,0,LOW RISK,2026-08-30 13:02:06
6096-EGVTU,Female,0,Yes,Yes,64,Yes,No,One year,Mailed check,24.9,1595.5,0,0.039236125741125526,0,LOW RISK,2026-08-30 13:02:06
3797-VTIDR,Male,0,Yes,No,1,No,DSL,Month-to-month,Electronic check,23.45,23.45,1,0.8317328112387834,1,HIGH RISK,2026-08-30 13:02:06
5081-NWSUP,Female,0,No,No,10,Yes,DSL,One year,Mailed check,64.9,685.55,0,0.26502079528703704,0,LOW RISK,2026-08-30 13:02:06
2580-ATZSQ,Female,0,Yes,Yes,65,Yes,DSL,One year,Bank transfer (automatic),61.35,3874.1,0,0.044058127101597885,0,LOW RISK,2026-08-30 13:02:06
8085-MSNLK,Female,0,Yes,No,62,Yes,Fiber optic,Two year,Mailed check,113.95,6891.4,0,0.12976666084964322,0,LOW RISK,2026-08-30 13:02:06
9691-HKOVS,Female,0,Yes,No,55,Yes,DSL,One year,Electronic check,90.15,4916.95,0,0.20827954234284007,0,LOW RISK,2026-08-30 13:02:06
9881-VCZEP,Female,0,Yes,No,25,Yes,DSL,Month-to-month,Electronic check,54.1,1373.0,0,0.48351983442452073,0,MEDIUM RISK,2026-08-30 13:02:06
9526-BIHHD,Male,0,No,No,1,No,DSL,Month-to-month,Mailed check,29.7,29.7,1,0.6161151229058134,1,MEDIUM RISK,2026-08-30 13:02:06
8757-TFHHJ,Male,0,No,No,1,Yes,DSL,Month-to-month,Credit card (automatic),49.8,49.8,0,0.6062327271993186,1,MEDIUM RISK,2026-08-30 13:02:06
4523-WXCEF,Female,0,Yes,No,59,Yes,Fiber optic,Month-to-month,Electronic check,101.1,6039.9,1,0.6632451210451615,1,MEDIUM RISK,2026-08-30 13:02:06
1468-DEFNC,Male,1,Yes,Yes,64,Yes,No,Two year,Bank transfer (automatic),24.4,1548.65,0,0.029446168172514442,0,LOW RISK,2026-08-30 13:02:06
5119-KEPFY,Male,0,Yes,No,36,Yes,Fiber optic,Month-to-month,Bank transfer (automatic),95.0,3440.25,0,0.7458097112773577,1,HIGH RISK,2026-08-30 13:02:06
8364-TRMMK,Female,0,No,No,3,Yes,DSL,Month-to-month,Mailed check,50.65,151.3,1,0.7318513514238747,1,HIGH RISK,2026-08-30 13:02:06
0916-KNFAJ,Male,0,Yes,No,61,Yes,DSL,Two year,Mailed check,69.9,4226.7,0,0.06897082623308604,0,LOW RISK,2026-08-30 13:02:06
8319-QBEHW,Male,0,No,Yes,26,No,DSL,One year,Bank transfer (automatic),39.95,1023.75,0,0.3104622777211579,0,LOW RISK,2026-08-30 13:02:06
3063-QFSZL,Female,0,No,No,1,Yes,DSL,Month-to-month,Electronic check,55.4,55.4,1,0.8097342481816623,1,HIGH RISK,2026-08-30 13:02:06
8775-LHDJH,Female,1,Yes,No,1,Yes,Fiber optic,Month-to-month,Electronic check,90.6,90.6,1,0.9274640285805458,1,HIGH RISK,2026-08-30 13:02:06
9625-QNLUX,Male,0,Yes,Yes,68,Yes,Fiber optic,Two year,Credit card (automatic),103.25,7074.4,0,0.12122722177288761,0,LOW RISK,2026-08-30 13:02:06
3097-NQYSN,Male,1,Yes,No,2,Yes,Fiber optic,Month-to-month,Mailed check,86.85,156.35,1,0.9057923807613555,1,HIGH RISK,2026-08-30 13:02:06
4024-CSNBY,Female,0,Yes,No,72,Yes,Fiber optic,Two year,Bank transfer (automatic),94.25,6849.75,0,0.06846414823448901,0,LOW RISK,2026-08-30 13:02:06
7110-BDTWG,Female,0,Yes,No,71,No,DSL,Two year,Electronic check,47.05,3263.6,0,0.09131247179752616,0,LOW RISK,2026-08-30 13:02:06
7493-GVFIO,Male,0,No,No,57,Yes,No,Two year,Credit card (automatic),20.55,1252.85,0,0.02087273528685659,0,LOW RISK,2026-08-30 13:02:06
0690-SRQID,Male,0,No,No,4,Yes,No,Month-to-month,Mailed check,19.65,67.55,0,0.4510776067051252,0,MEDIUM RISK,2026-08-30 13:02:06
9605-WGJVW,Female,1,No,No,1,Yes,Fiber optic,Month-to-month,Electronic check,70.2,70.2,0,0.8862178797546729,1,HIGH RISK,2026-08-30 13:02:06
9114-DPSIA,Male,0,Yes,Yes,72,Yes,DSL,Two year,Credit card (automatic),81.0,5750.0,0,0.018475321783647074,0,LOW RISK,2026-08-30 13:02:06
4700-UBQMV,Male,0,Yes,Yes,21,Yes,DSL,One year,Bank transfer (automatic),75.9,1549.75,0,0.25406399077624575,0,LOW RISK,2026-08-30 13:02:06
7711-GQBZC,Female,0,Yes,Yes,71,Yes,No,Two year,Bank transfer (automatic),24.7,1810.55,0,0.013401434104668606,0,LOW RISK,2026-08-30 13:02:06
3565-UNOCC,Female,1,Yes,No,29,Yes,Fiber optic,Month-to-month,Bank transfer (automatic),99.05,2952.85,1,0.8180989489980169,1,HIGH RISK,2026-08-30 13:02:06
4627-MIHJH,Female,1,No,No,69,Yes,Fiber optic,Two year,Credit card (automatic),110.25,7467.55,0,0.1263425470294124,0,LOW RISK,2026-08-30 13:02:06
9795-NREXC,Female,0,Yes,No,64,Yes,DSL,Two year,Credit card (automatic),85.0,5484.4,0,0.06378542087024301,0,LOW RISK,2026-08-30 13:02:06
8573-CGOCC,Male,0,No,No,16,Yes,No,Month-to-month,Credit card (automatic),19.75,294.9,0,0.19186827243625476,0,LOW RISK,2026-08-30 13:02:06
7356-AYNJP,Female,0,No,No,4,Yes,No,One year,Electronic check,23.9,97.5,0,0.3470647924937866,0,LOW RISK,2026-08-30 13:02:06
9249-FXSCK,Female,0,No,No,52,Yes,Fiber optic,One year,Credit card (automatic),111.25,5916.45,1,0.37736350369690946,0,LOW RISK,2026-08-30 13:02:06
5493-SDRDQ,Male,0,No,No,2,Yes,DSL,Month-to-month,Mailed check,55.1,113.35,1,0.6037296101238346,1,MEDIUM RISK,2026-08-30 13:02:06
6286-SUUWT,Male,0,No,No,1,Yes,No,Month-to-month,Mailed check,19.95,19.95,0,0.39656929697935317,0,LOW RISK,2026-08-30 13:02:06
4819-HJPIW,Male,0,No,No,18,No,DSL,Month-to-month,Mailed check,25.15,476.8,0,0.44228766296739347,0,MEDIUM RISK,2026-08-30 13:02:06
8654-DHAOW,Female,0,No,No,2,Yes,DSL,Month-to-month,Mailed check,54.15,101.65,0,0.6417170042577547,1,MEDIUM RISK,2026-08-30 13:02:06
5438-QMDDL,Female,0,Yes,No,19,Yes,DSL,Month-to-month,Mailed check,59.8,1130.85,0,0.4879680438105049,0,MEDIUM RISK,2026-08-30 13:02:06
9812-GHVRI,Female,0,No,No,40,Yes,Fiber optic,Month-to-month,Bank transfer (automatic),83.85,3532.25,0,0.5633782100523708,1,MEDIUM RISK,2026-08-30 13:02:06
5553-AOINX,Female,1,Yes,Yes,66,Yes,Fiber optic,One year,Electronic check,104.9,6891.45,0,0.5054378847780286,1,MEDIUM RISK,2026-08-30 13:02:06
1228-ZLNBX,Male,0,No,No,21,Yes,Fiber optic,Month-to-month,Mailed check,75.3,1570.7,0,0.5989907884588632,1,MEDIUM RISK,2026-08-30 13:02:06
4226-KKDON,Male,0,No,No,8,Yes,DSL,Month-to-month,Electronic check,66.65,520.95,0,0.6051332814735438,1,MEDIUM RISK,2026-08-30 13:02:06
3831-YCPUO,Female,0,Yes,Yes,72,Yes,Fiber optic,Two year,Credit card (automatic),109.5,7854.9,0,0.08026948268729697,0,LOW RISK,2026-08-30 13:02:06
7445-WMRBW,Female,0,No,No,48,Yes,DSL,One year,Bank transfer (automatic),73.85,3581.4,0,0.12112329336804602,0,LOW RISK,2026-08-30 13:02:06
3308-DGHKL,Male,0,No,No,69,Yes,No,Two year,Bank transfer (automatic),19.3,1447.9,0,0.018305821539953675,0,LOW RISK,2026-08-30 13:02:06
9924-JPRMC,Male,0,No,No,72,Yes,Fiber optic,Two year,Electronic check,118.2,8547.15,0,0.16887792742515736,0,LOW RISK,2026-08-30 13:02:06
0080-EMYVY,Female,0,No,No,14,Yes,DSL,One year,Credit card (automatic),51.45,727.85,0,0.205524789727822,0,LOW RISK,2026-08-30 13:02:06
6218-KNUBD,Male,0,No,No,6,Yes,DSL,Month-to-month,Electronic check,59.45,357.6,0,0.6918625880862699,1,MEDIUM RISK,2026-08-30 13:02:06
7337-CINUD,Female,0,Yes,Yes,8,Yes,No,Two year,Bank transfer (automatic),19.5,159.35,0,0.07814949869121166,0,LOW RISK,2026-08-30 13:02:06
7609-NRNCA,Female,0,No,No,17,Yes,No,One year,Mailed check,19.55,280.85,0,0.09659049420277167,0,LOW RISK,2026-08-30 13:02:06
0623-EJQEG,Male,0,No,No,65,Yes,Fiber optic,One year,Electronic check,93.55,6069.25,0,0.2506755781081842,0,LOW RISK,2026-08-30 13:02:06
7153-CHRBV,Female,0,Yes,Yes,57,Yes,DSL,One year,Mailed check,59.3,3274.35,0,0.07476831734795185,0,LOW RISK,2026-08-30 13:02:06
0871-URUWO,Male,0,Yes,No,13,Yes,Fiber optic,Month-to-month,Credit card (automatic),102.25,1359.0,1,0.8418848391678868,1,HIGH RISK,2026-08-30 13:02:06
9190-MFJLN,Male,1,No,No,19,Yes,Fiber optic,Month-to-month,Credit card (automatic),95.9,1777.9,1,0.7834321393371221,1,HIGH RISK,2026-08-30 13:02:06
6198-PNNSZ,Female,0,Yes,No,56,Yes,Fiber optic,One year,Bank transfer (automatic),109.8,6109.65,0,0.33602008957414486,0,LOW RISK,2026-08-30 13:02:06
3317-VLGQT,Female,0,Yes,No,14,Yes,Fiber optic,Month-to-month,Electronic check,78.1,1122.4,0,0.8063207375184199,1,HIGH RISK,2026-08-30 13:02:06
4132-POCZS,Male,0,Yes,No,52,No,DSL,Month-to-month,Electronic check,39.9,2020.9,0,0.47091224784955443,0,MEDIUM RISK,2026-08-30 13:02:06
5614-DNZCE,Female,0,No,No,58,Yes,DSL,Two year,Credit card (automatic),64.9,3795.45,0,0.026275413223158215,0,LOW RISK,2026-08-30 13:02:06
1095-JUDTC,Female,1,No,No,47,Yes,Fiber optic,Month-to-month,Electronic check,95.05,4504.55,1,0.612190570797085,1,MEDIUM RISK,2026-08-30 13:02:06
3896-RCYYE,Female,0,No,No,67,No,DSL,Month-to-month,Credit card (automatic),53.4,3579.15,0,0.34948432568123294,0,LOW RISK,2026-08-30 13:02:06
9638-JIQYA,Male,0,No,No,2,No,DSL,Month-to-month,Credit card (automatic),24.9,49.7,0,0.7562395200289178,1,HIGH RISK,2026-08-30 13:02:06
3258-SANFR,Male,1,No,No,6,Yes,DSL,Month-to-month,Credit card (automatic),44.7,276.5,0,0.607378743597699,1,MEDIUM RISK,2026-08-30 13:02:06
3726-TBHQT,Male,0,Yes,Yes,71,Yes,Fiber optic,Two year,Bank transfer (automatic),114.0,8175.9,0,0.11228510301230156,0,LOW RISK,2026-08-30 13:02:06
3190-ITQXP,Female,0,Yes,Yes,46,Yes,No,Two year,Bank transfer (automatic),20.25,890.35,0,0.015225282136893172,0,LOW RISK,2026-08-30 13:02:06
0870-VEMYL,Female,0,No,No,5,Yes,DSL,Month-to-month,Credit card (automatic),53.85,259.8,1,0.40952363950916115,0,MEDIUM RISK,2026-08-30 13:02:06
4833-QTJNO,Male,1,Yes,No,67,Yes,Fiber optic,Month-to-month,Bank transfer (automatic),83.85,5588.8,0,0.3049478231895033,0,LOW RISK,2026-08-30 13:02:06
3039-MJSLN,Male,0,No,Yes,3,Yes,No,Month-to-month,Bank transfer (automatic),20.2,50.6,0,0.3159553617297251,0,LOW RISK,2026-08-30 13:02:06
0178-CIIKR,Female,0,No,No,3,Yes,No,Month-to-month,Mailed check,19.95,58.0,0,0.3713189862813895,0,LOW RISK,2026-08-30 13:02:06
5385-SUIRI,Male,1,Yes,No,52,Yes,Fiber optic,Month-to-month,Electronic check,104.2,5568.35,1,0.7819308969188231,1,HIGH RISK,2026-08-30 13:02:06
3982-XWFZQ,Female,0,Yes,No,42,Yes,DSL,Month-to-month,Electronic check,50.25,2203.65,1,0.4387016352419165,0,MEDIUM RISK,2026-08-30 13:02:06
5774-QPLTF,Male,0,Yes,Yes,50,Yes,No,One year,Mailed check,20.35,938.95,0,0.0681969329881674,0,LOW RISK,2026-08-30 13:02:06
2322-VCZHZ,Male,1,Yes,No,23,Yes,Fiber optic,Month-to-month,Electronic check,90.0,2024.1,0,0.6794295065987899,1,MEDIUM RISK,2026-08-30 13:02:06
5010-IPEAQ,Female,0,Yes,Yes,67,No,DSL,Two year,Credit card (automatic),54.2,3623.95,0,0.029081088773788018,0,LOW RISK,2026-08-30 13:02:06
4009-ALQFH,Female,0,No,No,25,Yes,Fiber optic,Month-to-month,Electronic check,99.5,2369.05,1,0.7933460436450059,1,HIGH RISK,2026-08-30 13:02:06
6383-ZTSIW,Female,1,Yes,No,39,Yes,Fiber optic,One year,Mailed check,99.1,3877.95,0,0.32813994496946697,0,LOW RISK,2026-08-30 13:02:06
8990-YOZLV,Female,0,No,No,69,Yes,DSL,Two year,Mailed check,66.9,4577.9,0,0.02307353080117647,0,LOW RISK,2026-08-30 13:02:06
3069-SSVSN,Female,0,No,No,1,No,DSL,One year,Mailed check,25.85,25.85,0,0.5134085268783064,1,MEDIUM RISK,2026-08-30 13:02:06
5222-IMUKT,Male,0,No,No,32,Yes,Fiber optic,Month-to-month,Electronic check,91.05,2871.5,0,0.7095116280550323,1,HIGH RISK,2026-08-30 13:02:06
3627-FCRDW,Female,0,No,No,9,Yes,Fiber optic,Month-to-month,Electronic check,71.0,672.55,1,0.7809342995924309,1,HIGH RISK,2026-08-30 13:02:06
7562-GSUHK,Female,0,No,No,16,Yes,Fiber optic,Month-to-month,Credit card (automatic),93.2,1573.7,1,0.6834396792489177,1,MEDIUM RISK,2026-08-30 13:02:06
6685-XSHHU,Male,0,Yes,Yes,60,Yes,No,Two year,Bank transfer (automatic),20.95,1270.55,0,0.021020720926725498,0,LOW RISK,2026-08-30 13:02:06
8901-UPRHR,Female,0,Yes,Yes,72,Yes,Fiber optic,Two year,Bank transfer (automatic),109.2,7711.45,0,0.14147269888514896,0,LOW RISK,2026-08-30 13:02:06
4903-UYAVB,Male,0,Yes,No,5,Yes,No,Month-to-month,Mailed check,19.35,126.05,1,0.3754602807981905,0,LOW RISK,2026-08-30 13:02:06
0118-JPNOY,Female,1,No,No,26,Yes,Fiber optic,Month-to-month,Credit card (automatic),85.8,2193.65,0,0.6247552016919787,1,MEDIUM RISK,2026-08-30 13:02:06
6776-TLWOI,Male,0,No,No,3,Yes,No,Month-to-month,Mailed check,19.85,64.55,1,0.3798372809769921,0,LOW RISK,2026-08-30 13:02:06
3845-FXCYS,Male,0,No,No,2,Yes,No,Month-to-month,Electronic check,19.65,31.2,0,0.5567456506683541,1,MEDIUM RISK,2026-08-30 13:02:06
5857-XRECV,Female,0,No,Yes,2,Yes,No,One year,Bank transfer (automatic),20.5,38.25,0,0.18226768387291423,0,LOW RISK,2026-08-30 13:02:06
0725-CXOTM,Female,0,No,No,36,Yes,DSL,One year,Credit card (automatic),89.65,3348.1,0,0.18199618346578397,0,LOW RISK,2026-08-30 13:02:06
4343-EJVQB,Male,0,No,No,7,Yes,Fiber optic,Month-to-month,Mailed check,74.35,533.6,0,0.6581393992860923,1,MEDIUM RISK,2026-08-30 13:02:06
9000-PLFUZ,Female,1,Yes,No,60,No,DSL,Two year,Credit card (automatic),49.45,2907.55,0,0.1693214460574063,0,LOW RISK,2026-08-30 13:02:06
3427-GGZZI,Female,0,Yes,No,19,Yes,Fiber optic,Month-to-month,Electronic check,89.1,1620.8,0,0.8001230265359769,1,HIGH RISK,2026-08-30 13:02:06
7779-ORAEL,Male,1,Yes,No,45,Yes,DSL,Two year,Credit card (automatic),75.15,3480.35,0,0.04797836085894135,0,LOW RISK,2026-08-30 13:02:06
0644-OQMDK,Male,1,No,No,4,Yes,Fiber optic,Month-to-month,Electronic check,70.65,293.85,0,0.8778058435379748,1,HIGH RISK,2026-08-30 13:02:06
4077-CROMM,Female,0,Yes,Yes,31,Yes,Fiber optic,Month-to-month,Electronic check,104.2,3243.45,1,0.7621677931311255,1,HIGH RISK,2026-08-30 13:02:06
3154-CFSZG,Male,0,Yes,Yes,47,Yes,Fiber optic,Month-to-month,Electronic check,90.05,4137.2,0,0.3877177063157263,0,LOW RISK,2026-08-30 13:02:06
2868-MZAGQ,Male,0,No,No,1,Yes,Fiber optic,Month-to-month,Electronic check,79.25,79.25,1,0.9047632525189891,1,HIGH RISK,2026-08-30 13:02:06
4847-QNOKA,Female,0,No,No,1,Yes,DSL,Month-to-month,Bank transfer (automatic),44.9,44.9,1,0.6779009153467173,1,MEDIUM RISK,2026-08-30 13:02:06
2220-IAHLS,Female,0,No,No,1,Yes,No,Month-to-month,Credit card (automatic),19.4,19.4,0,0.38906918285798386,0,LOW RISK,2026-08-30 13:02:06
1658-XUHBX,Female,1,Yes,Yes,59,Yes,Fiber optic,Month-to-month,Credit card (automatic),88.75,5348.65,0,0.6136570585253581,1,MEDIUM RISK,2026-08-30 13:02:06
6379-RXJRQ,Male,0,Yes,No,10,Yes,Fiber optic,Month-to-month,Electronic check,70.1,659.65,1,0.8332027721360837,1,HIGH RISK,2026-08-30 13:02:06
2378-HTWFW,Male,1,No,No,35,Yes,Fiber optic,Month-to-month,Credit card (automatic),91.0,3180.5,0,0.5569374801435565,1,MEDIUM RISK,2026-08-30 13:02:06
8650-RHRKE,Male,0,No,No,4,No,DSL,Month-to-month,Electronic check,29.65,118.5,1,0.8079064371151022,1,HIGH RISK,2026-08-30 13:02:06
4377-VDHYI,Male,0,Yes,Yes,32,Yes,Fiber optic,One year,Electronic check,90.8,3023.85,0,0.39065820774670423,0,LOW RISK,2026-08-30 13:02:06
0475-RIJEP,Male,0,No,No,43,Yes,Fiber optic,Month-to-month,Electronic check,77.85,3365.85,1,0.6110123361215664,1,MEDIUM RISK,2026-08-30 13:02:06
1260-TTRXI,Male,0,No,No,4,Yes,DSL,Month-to-month,Electronic check,54.3,195.3,1,0.7341656760201045,1,HIGH RISK,2026-08-30 13:02:06
3719-TDVQB,Female,1,Yes,No,54,Yes,No,Two year,Mailed check,18.95,1031.1,0,0.039810436675605826,0,LOW RISK,2026-08-30 13:02:06
6328-ZPBGN,Female,1,No,No,11,Yes,Fiber optic,Month-to-month,Bank transfer (automatic),95.15,997.65,1,0.9019790074159351,1,HIGH RISK,2026-08-30 13:02:06
0201-MIBOL,Female,1,No,No,66,Yes,Fiber optic,Two year,Bank transfer (automatic),102.4,6471.85,0,0.2101569557789525,0,LOW RISK,2026-08-30 13:02:06
4937-QPZPO,Male,0,Yes,Yes,61,Yes,Fiber optic,One year,Electronic check,99.9,6241.35,0,0.547697469353442,1,MEDIUM RISK,2026-08-30 13:02:06
2925-VDZHY,Male,0,Yes,Yes,72,Yes,DSL,Two year,Credit card (automatic),88.7,6501.35,0,0.026945797407502924,0,LOW RISK,2026-08-30 13:02:06
6981-TDRFT,Male,0,Yes,Yes,44,No,DSL,One year,Electronic check,54.3,2317.1,0,0.30084958086970714,0,LOW RISK,2026-08-30 13:02:06
3413-CSSTH,Male,0,No,No,41,Yes,DSL,Month-to-month,Bank transfer (automatic),55.7,2237.55,0,0.3501884317198628,0,LOW RISK,2026-08-30 13:02:06
8033-VCZGH,Male,0,Yes,No,50,Yes,Fiber optic,One year,Electronic check,103.95,5231.3,0,0.6059900076914654,1,MEDIUM RISK,2026-08-30 13:02:06
4789-KWMXN,Male,0,Yes,No,47,Yes,Fiber optic,One year,Credit card (automatic),110.85,5275.8,1,0.34553168437509085,0,LOW RISK,2026-08-30 13:02:06
0224-NIJLP,Male,0,Yes,Yes,8,Yes,No,Two year,Mailed check,20.15,165.5,0,0.08265748802564143,0,LOW RISK,2026-08-30 13:02:06
7542-CYDDM,Male,0,No,No,18,Yes,No,Month-to-month,Mailed check,20.05,358.5,0,0.18228215651339102,0,LOW RISK,2026-08-30 13:02:06
4718-WXBGI,Male,0,Yes,Yes,72,Yes,DSL,Two year,Credit card (automatic),91.95,6614.9,0,0.03558535255088177,0,LOW RISK,2026-08-30 13:02:06
2867-UIMSS,Male,0,No,No,1,Yes,Fiber optic,Month-to-month,Electronic check,80.5,80.5,1,0.8679008155959459,1,HIGH RISK,2026-08-30 13:02:06
8495-PRWFH,Female,1,No,No,42,Yes,DSL,Month-to-month,Electronic check,55.65,2421.75,0,0.38922432180024047,0,LOW RISK,2026-08-30 13:02:06
0439-IFYUN,Female,1,No,No,18,Yes,Fiber optic,Month-to-month,Electronic check,74.7,1294.6,0,0.7129195821593505,1,HIGH RISK,2026-08-30 13:02:06
5716-LIBJC,Female,0,No,Yes,13,Yes,Fiber optic,One year,Credit card (automatic),104.15,1299.1,0,0.6359248140932395,1,MEDIUM RISK,2026-08-30 13:02:06
2868-LLSKM,Female,0,Yes,Yes,68,Yes,Fiber optic,One year,Bank transfer (automatic),83.65,5733.4,0,0.17359677266368254,0,LOW RISK,2026-08-30 13:02:06
8111-RKSPX,Male,0,No,No,4,Yes,Fiber optic,Month-to-month,Bank transfer (automatic),72.2,305.55,1,0.856364196125504,1,HIGH RISK,2026-08-30 13:02:06
2988-QRAJY,Male,0,No,No,69,Yes,Fiber optic,Two year,Credit card (automatic),110.05,7430.75,0,0.17281957779540125,0,LOW RISK,2026-08-30 13:02:06
1585-MQSSU,Male,0,No,No,17,Yes,DSL,Month-to-month,Mailed check,51.5,900.5,1,0.3029610159522215,0,LOW RISK,2026-08-30 13:02:06
0071-NDAFP,Male,0,Yes,Yes,25,Yes,No,Two year,Credit card (automatic),25.5,630.6,0,0.0475626872571852,0,LOW RISK,2026-08-30 13:02:06
2856-NNASM,Male,1,No,No,43,Yes,Fiber optic,Month-to-month,Mailed check,89.55,3856.75,1,0.6668087230792804,1,MEDIUM RISK,2026-08-30 13:02:06
7328-ZJAJO,Female,0,Yes,Yes,59,Yes,No,Two year,Credit card (automatic),19.5,1222.65,0,0.01606658761228451,0,LOW RISK,2026-08-30 13:02:06
6458-CYIDZ,Female,1,No,No,5,Yes,Fiber optic,Month-to-month,Electronic check,80.7,374.8,0,0.7373255512826692,1,HIGH RISK,2026-08-30 13:02:06
8559-CIZFV,Male,0,Yes,Yes,21,Yes,DSL,One year,Mailed check,77.5,1625.0,1,0.10648924480498667,0,LOW RISK,2026-08-30 13:02:06
1090-PYKCI,Female,0,Yes,Yes,69,Yes,Fiber optic,One year,Credit card (automatic),105.1,7234.8,0,0.1701262743546884,0,LOW RISK,2026-08-30 13:02:06
3058-WQDRE,Male,0,No,No,13,No,DSL,Month-to-month,Bank transfer (automatic),25.15,331.85,0,0.5642237334900977,1,MEDIUM RISK,2026-08-30 13:02:06
7547-EKNFS,Male,0,Yes,No,42,Yes,Fiber optic,Month-to-month,Bank transfer (automatic),95.25,3959.35,1,0.6030642400648772,1,MEDIUM RISK,2026-08-30 13:02:06
2279-AXJJK,Male,0,Yes,No,52,Yes,Fiber optic,Month-to-month,Credit card (automatic),95.65,5088.4,0,0.5857135205381777,1,MEDIUM RISK,2026-08-30 13:02:06
6769-DYBQN,Male,1,No,No,46,Yes,Fiber optic,Month-to-month,Electronic check,85.0,3969.4,1,0.47860398453647346,0,MEDIUM RISK,2026-08-30 13:02:06
0909-SELIE,Male,0,Yes,No,61,Yes,DSL,Two year,Bank transfer (automatic),80.8,4860.85,0,0.04532371040500745,0,LOW RISK,2026-08-30 13:02:06
3417-TSCIC,Male,0,No,No,29,No,DSL,One year,Mailed check,24.85,788.05,0,0.30440493186859546,0,LOW RISK,2026-08-30 13:02:06
1042-HFUCW,Female,0,No,Yes,25,Yes,DSL,One year,Credit card (automatic),54.75,1266.35,0,0.15451239825677957,0,LOW RISK,2026-08-30 13:02:06
4439-JMPMT,Female,0,Yes,Yes,5,Yes,Fiber optic,Month-to-month,Electronic check,85.75,470.95,1,0.8322491248920475,1,HIGH RISK,2026-08-30 13:02:06
6537-OTKMY,Male,0,No,No,15,No,DSL,One year,Electronic check,50.75,688.2,0,0.5279948447456205,1,MEDIUM RISK,2026-08-30 13:02:06
8999-EXMNO,Female,0,Yes,Yes,19,Yes,No,Two year,Mailed check,20.15,387.7,0,0.03635832927210524,0,LOW RISK,2026-08-30 13:02:06
6725-TPKJO,Male,0,No,No,44,Yes,No,Two year,Mailed check,20.05,845.25,0,0.02106829638172462,0,LOW RISK,2026-08-30 13:02:06
2446-BEGGB,Female,1,No,No,6,Yes,Fiber optic,Month-to-month,Electronic check,98.25,560.6,1,0.935854308207394,1,HIGH RISK,2026-08-30 13:02:06
7162-WPHPM,Male,0,Yes,Yes,58,Yes,DSL,Two year,Credit card (automatic),71.6,4230.25,0,0.02165956383526976,0,LOW RISK,2026-08-30 13:02:06
1599-MMYRQ,Male,0,Yes,Yes,62,Yes,Fiber optic,One year,Credit card (automatic),81.45,4983.05,0,0.14824058434622372,0,LOW RISK,2026-08-30 13:02:06
8821-KVZKQ,Female,0,Yes,Yes,70,No,DSL,One year,Bank transfer (automatic),58.4,4113.15,0,0.14284325609841858,0,LOW RISK,2026-08-30 13:02:06
1496-GGSUK,Female,1,No,No,1,No,DSL,Month-to-month,Mailed check,25.7,25.7,1,0.7871429724894897,1,HIGH RISK,2026-08-30 13:02:06
6434-TTGJP,Male,0,Yes,Yes,10,No,DSL,Two year,Credit card (automatic),53.7,521.0,0,0.15913658800876093,0,LOW RISK,2026-08-30 13:02:06
0042-JVWOJ,Male,0,No,No,26,Yes,No,One year,Bank transfer (automatic),19.6,471.85,0,0.11365515695449299,0,LOW RISK,2026-08-30 13:02:06
0130-SXOUN,Male,0,No,No,66,Yes,Fiber optic,Month-to-month,Credit card (automatic),89.4,5976.9,0,0.4391563720440977,0,MEDIUM RISK,2026-08-30 13:02:06
2575-GFSOE,Female,0,Yes,Yes,7,Yes,Fiber optic,Month-to-month,Electronic check,69.0,506.9,1,0.8220470461045937,1,HIGH RISK,2026-08-30 13:02:06
2330-PQGDQ,Male,0,Yes,Yes,51,Yes,Fiber optic,One year,Bank transfer (automatic),84.2,4299.75,0,0.21658086706637503,0,LOW RISK,2026-08-30 13:02:06
1452-UZOSF,Male,0,Yes,Yes,72,Yes,Fiber optic,Two year,Credit card (automatic),106.1,7548.6,0,0.07763135393723046,0,LOW RISK,2026-08-30 13:02:06
2097-YVPKN,Male,0,No,No,65,Yes,No,Two year,Mailed check,25.75,1654.75,0,0.021044261961325174,0,LOW RISK,2026-08-30 13:02:06
2842-JTCCU,Male,0,No,No,2,Yes,DSL,Month-to-month,Bank transfer (automatic),46.05,80.35,1,0.5851902349002446,1,MEDIUM RISK,2026-08-30 13:02:06
8597-CTXVJ,Male,0,No,Yes,70,Yes,DSL,One year,Bank transfer (automatic),64.95,4551.5,0,0.028299023610575808,0,LOW RISK,2026-08-30 13:02:06
6631-HMANX,Male,0,Yes,No,72,Yes,DSL,Two year,Credit card (automatic),85.45,6227.5,0,0.06258221097940829,0,LOW RISK,2026-08-30 13:02:06
9962-BFPDU,Female,0,Yes,Yes,1,Yes,No,Month-to-month,Mailed check,20.05,20.05,0,0.34878713419562,0,LOW RISK,2026-08-30 13:02:06
3296-SILRA,Female,1,Yes,No,1,Yes,Fiber optic,Month-to-month,Mailed check,76.4,76.4,1,0.8301113280381485,1,HIGH RISK,2026-08-30 13:02:06
9681-OXGVC,Female,0,No,No,5,Yes,Fiber optic,Month-to-month,Electronic check,100.5,514.0,1,0.9358594019162337,1,HIGH RISK,2026-08-30 13:02:06
6394-HHHZM,Male,0,No,No,3,Yes,No,Month-to-month,Mailed check,20.7,57.5,0,0.3734534565911496,0,LOW RISK,2026-08-30 13:02:06
5995-LFTLE,Male,0,No,No,58,Yes,No,Two year,Credit card (automatic),25.3,1474.35,0,0.03815156497063755,0,LOW RISK,2026-08-30 13:02:06
5180-UCIIQ,Male,1,Yes,Yes,22,No,DSL,Month-to-month,Mailed check,40.05,880.2,1,0.3948883017343785,0,LOW RISK,2026-08-30 13:02:06
1932-UEDCX,Male,1,Yes,No,33,Yes,Fiber optic,Month-to-month,Bank transfer (automatic),100.6,3270.25,0,0.7689404199616918,1,HIGH RISK,2026-08-30 13:02:06
7153-OANIO,Male,0,No,No,1,Yes,Fiber optic,Month-to-month,Electronic check,69.95,69.95,1,0.8285676406296585,1,HIGH RISK,2026-08-30 13:02:06
5188-HGMLP,Male,1,Yes,No,54,Yes,Fiber optic,Month-to-month,Bank transfer (automatic),74.0,3919.15,0,0.5257297072512187,1,MEDIUM RISK,2026-08-30 13:02:06
0665-XHDJU,Male,0,Yes,No,72,Yes,Fiber optic,Two year,Electronic check,99.4,7285.7,0,0.287551961665392,0,LOW RISK,2026-08-30 13:02:06
6521-YYTYI,Male,0,No,Yes,1,Yes,Fiber optic,Month-to-month,Electronic check,93.3,93.3,1,0.934281649294682,1,HIGH RISK,2026-08-30 13:02:06
8878-HMWBV,Male,0,No,No,3,Yes,DSL,Month-to-month,Electronic check,49.15,169.05,1,0.7581613921235067,1,HIGH RISK,2026-08-30 13:02:06
8265-HKSOW,Female,0,Yes,Yes,72,Yes,Fiber optic,Two year,Credit card (automatic),107.45,7658.3,0,0.0551024977814501,0,LOW RISK,2026-08-30 13:02:06
3544-FBCAS,Female,0,Yes,Yes,72,Yes,DSL,Two year,Credit card (automatic),83.6,5959.3,0,0.04667175931955599,0,LOW RISK,2026-08-30 13:02:06
5331-RGMTT,Male,1,Yes,No,54,Yes,Fiber optic,Month-to-month,Credit card (automatic),99.05,5295.7,0,0.7642970641373792,1,HIGH RISK,2026-08-30 13:02:06
4759-PXTAN,Female,0,Yes,No,59,Yes,DSL,One year,Electronic check,80.1,4693.2,0,0.24110353774979554,0,LOW RISK,2026-08-30 13:02:06
7054-DMVAS,Male,0,No,No,54,Yes,DSL,Two year,Bank transfer (automatic),65.3,3512.9,0,0.05152701939628685,0,LOW RISK,2026-08-30 13:02:06
3428-MMGUB,Male,0,No,No,60,Yes,Fiber optic,Two year,Electronic check,89.55,5231.2,0,0.3176185610055154,0,LOW RISK,2026-08-30 13:02:06
6549-BTYPG,Female,0,Yes,No,60,No,DSL,Two year,Credit card (automatic),60.8,3603.45,0,0.08633152406139219,0,LOW RISK,2026-08-30 13:02:06
7823-JSOAG,Male,0,No,No,3,Yes,Fiber optic,Month-to-month,Electronic check,74.5,217.45,0,0.8590236401560034,1,HIGH RISK,2026-08-30 13:02:06
3705-RHRFR,Female,0,Yes,No,69,Yes,Fiber optic,Two year,Bank transfer (automatic),99.15,6875.35,0,0.13949344625716698,0,LOW RISK,2026-08-30 13:02:06
9374-YOLBJ,Female,0,Yes,Yes,1,Yes,No,Month-to-month,Electronic check,19.25,19.25,0,0.4354606416917733,0,MEDIUM RISK,2026-08-30 13:02:06
9074-KGVOX,Male,0,Yes,Yes,50,No,DSL,Month-to-month,Credit card (automatic),39.45,2021.35,0,0.3496160249075275,0,LOW RISK,2026-08-30 13:02:06
6128-DAFVY,Female,0,No,No,56,No,DSL,Month-to-month,Credit card (automatic),44.85,2564.95,0,0.4995974945548325,0,MEDIUM RISK,2026-08-30 13:02:06
9933-QRGTX,Female,0,Yes,No,60,Yes,Fiber optic,Two year,Electronic check,97.2,5611.75,0,0.20549994190588103,0,LOW RISK,2026-08-30 13:02:06
4476-OSWTN,Male,1,Yes,No,69,Yes,Fiber optic,One year,Mailed check,110.55,7610.1,0,0.3291238402776049,0,LOW RISK,2026-08-30 13:02:06
3751-KTZEL,Female,0,No,No,1,No,DSL,Month-to-month,Mailed check,35.05,35.05,1,0.7556250403155084,1,HIGH RISK,2026-08-30 13:02:06
1977-STDKI,Female,1,No,No,1,Yes,Fiber optic,Month-to-month,Electronic check,73.0,73.0,1,0.8769448982158927,1,HIGH RISK,2026-08-30 13:02:06
5066-GFJMM,Female,0,Yes,No,3,Yes,No,Month-to-month,Mailed check,19.9,45.75,0,0.4601296170866613,0,MEDIUM RISK,2026-08-30 13:02:06
2661-GKBTK,Male,0,Yes,Yes,60,Yes,DSL,Two year,Bank transfer (automatic),76.95,4543.95,0,0.03723026192794862,0,LOW RISK,2026-08-30 13:02:06
0458-HEUZG,Female,0,No,No,13,No,DSL,Two year,Mailed check,35.4,450.4,0,0.13243027695733506,0,LOW RISK,2026-08-30 13:02:06
7268-WNTCP,Male,0,Yes,Yes,62,Yes,No,Two year,Bank transfer (automatic),20.45,1297.35,0,0.013978381112247288,0,LOW RISK,2026-08-30 13:02:06
0824-VWDPO,Female,0,No,No,45,Yes,Fiber optic,One year,Bank transfer (automatic),96.75,4442.75,0,0.23100189514929348,0,LOW RISK,2026-08-30 13:02:06
8409-WQJUX,Female,0,No,No,25,No,DSL,One year,Electronic check,54.2,1423.15,0,0.42441239102134126,0,MEDIUM RISK,2026-08-30 13:02:06
2578-JQPHZ,Male,0,No,No,44,Yes,Fiber optic,Two year,Bank transfer (automatic),100.1,4378.35,0,0.15522824382149214,0,LOW RISK,2026-08-30 13:02:06
3278-FSIXX,Female,0,No,No,2,Yes,DSL,Month-to-month,Mailed check,45.25,74.2,0,0.6717952229817536,1,MEDIUM RISK,2026-08-30 13:02:06
5813-UECBU,Male,1,No,No,33,Yes,Fiber optic,Month-to-month,Credit card (automatic),83.85,2716.3,1,0.6458652542913099,1,MEDIUM RISK,2026-08-30 13:02:06
0328-GRPMV,Female,0,No,No,1,Yes,Fiber optic,Month-to-month,Electronic check,70.1,70.1,1,0.8690661740420293,1,HIGH RISK,2026-08-30 13:02:06
9746-UGFAC,Female,0,No,No,22,Yes,No,One year,Bank transfer (automatic),20.85,450.65,0,0.07668576820259489,0,LOW RISK,2026-08-30 13:02:06
2946-KIQSP,Female,0,No,No,35,No,DSL,Month-to-month,Mailed check,33.45,1175.85,0,0.35732916413688726,0,LOW RISK,2026-08-30 13:02:06
0625-AFOHS,Female,0,Yes,Yes,29,Yes,No,Two year,Mailed check,20.2,558.8,0,0.03009645007079524,0,LOW RISK,2026-08-30 13:02:06
6726-WEXXK,Male,1,Yes,No,27,Yes,Fiber optic,One year,Electronic check,85.9,2220.1,0,0.5410818343080724,1,MEDIUM RISK,2026-08-30 13:02:06
4636-OLWOE,Male,0,No,Yes,54,Yes,DSL,One year,Electronic check,61.0,3283.05,0,0.13757323233160992,0,LOW RISK,2026-08-30 13:02:06
4342-HENTK,Female,1,No,No,2,Yes,Fiber optic,Month-to-month,Electronic check,70.65,142.35,1,0.8818393675998931,1,HIGH RISK,2026-08-30 13:02:06
4685-ERGHK,Male,0,No,No,57,Yes,Fiber optic,One year,Electronic check,86.9,4939.25,0,0.5211466639937968,1,MEDIUM RISK,2026-08-30 13:02:06
0885-HMGPY,Male,0,No,No,62,Yes,DSL,Two year,Bank transfer (automatic),69.4,4237.5,0,0.022022118223447254,0,LOW RISK,2026-08-30 13:02:06
5003-OKNNK,Female,0,Yes,Yes,15,Yes,No,One year,Credit card (automatic),20.35,335.95,0,0.08779753321173978,0,LOW RISK,2026-08-30 13:02:06
4195-SMMNX,Male,0,No,No,2,Yes,No,Month-to-month,Mailed check,20.35,33.2,1,0.3822787053467804,0,LOW RISK,2026-08-30 13:02:06
7208-PSIHR,Female,0,Yes,No,70,Yes,Fiber optic,Two year,Bank transfer (automatic),104.3,7188.5,0,0.19612385148792227,0,LOW RISK,2026-08-30 13:02:06
4012-ZTHBR,Female,0,Yes,Yes,21,Yes,DSL,Month-to-month,Electronic check,44.95,926.25,0,0.4518628725424225,0,MEDIUM RISK,2026-08-30 13:02:06
0489-WMEMG,Female,0,No,Yes,23,Yes,DSL,One year,Electronic check,49.45,1119.35,0,0.21108018620622462,0,LOW RISK,2026-08-30 13:02:06
7435-ZNUYY,Male,0,No,No,6,Yes,No,One year,Mailed check,20.6,116.6,0,0.20171787402437424,0,LOW RISK,2026-08-30 13:02:06
1354-YZFNB,Male,0,Yes,Yes,4,Yes,No,Two year,Credit card (automatic),19.55,68.8,0,0.09402388775659361,0,LOW RISK,2026-08-30 13:02:06
6956-SMUCM,Female,0,No,No,3,Yes,Fiber optic,Month-to-month,Credit card (automatic),99.0,287.4,1,0.8476654941824364,1,HIGH RISK,2026-08-30 13:02:06
2985-FMWYF,Female,0,No,No,23,Yes,Fiber optic,Month-to-month,Electronic check,93.5,2341.55,0,0.8464102985160962,1,HIGH RISK,2026-08-30 13:02:06
2812-ENYMO,Male,0,No,No,26,No,DSL,One year,Credit card (automatic),54.55,1362.85,0,0.2509282732088363,0,LOW RISK,2026-08-30 13:02:06
2717-HVIZY,Female,0,No,Yes,8,Yes,No,Month-to-month,Mailed check,20.05,163.6,0,0.28253606126013386,0,LOW RISK,2026-08-30 13:02:06
3223-WZWJM,Male,0,No,No,26,Yes,Fiber optic,Month-to-month,Electronic check,83.95,2254.2,1,0.8159744131548292,1,HIGH RISK,2026-08-30 13:02:06
3422-GALYP,Male,0,No,No,2,Yes,Fiber optic,Month-to-month,Electronic check,79.45,145.15,0,0.8853575638026119,1,HIGH RISK,2026-08-30 13:02:06
9053-JZFKV,Male,0,No,No,67,Yes,Fiber optic,Two year,Credit card (automatic),116.2,7752.3,1,0.10771581680331035,0,LOW RISK,2026-08-30 13:02:06
2530-ENDWQ,Female,0,Yes,No,71,Yes,Fiber optic,Two year,Bank transfer (automatic),93.7,6585.35,1,0.23229708250455744,0,LOW RISK,2026-08-30 13:02:06
2890-WFBHU,Female,0,No,No,59,Yes,DSL,One year,Credit card (automatic),79.85,4786.1,0,0.07373651633100954,0,LOW RISK,2026-08-30 13:02:06
0327-WFZSY,Male,0,Yes,Yes,39,Yes,Fiber optic,One year,Electronic check,100.0,3835.55,0,0.5188448340368682,1,MEDIUM RISK,2026-08-30 13:02:06
7977-HXJKU,Male,0,No,Yes,21,Yes,No,Two year,Mailed check,19.6,397.0,0,0.033591431608592195,0,LOW RISK,2026-08-30 13:02:06
6615-ZGEDR,Male,0,No,No,1,Yes,No,Month-to-month,Mailed check,19.7,19.7,1,0.39765865424935026,0,LOW RISK,2026-08-30 13:02:06
7033-CLAMM,Female,0,Yes,Yes,48,Yes,No,Two year,Bank transfer (automatic),20.2,1027.25,0,0.014283616233362705,0,LOW RISK,2026-08-30 13:02:06
4023-RTIQM,Female,1,Yes,No,31,No,DSL,One year,Credit card (automatic),50.4,1580.1,0,0.28944378564568046,0,LOW RISK,2026-08-30 13:02:06
0864-FVJNJ,Female,0,Yes,Yes,64,Yes,Fiber optic,One year,Electronic check,113.35,7222.75,0,0.2656562023136497,0,LOW RISK,2026-08-30 13:02:06
7356-IWLFW,Male,0,Yes,Yes,46,Yes,Fiber optic,Month-to-month,Bank transfer (automatic),80.0,3769.7,0,0.43684228866294333,0,MEDIUM RISK,2026-08-30 13:02:06
9541-PWTWO,Female,0,No,No,52,Yes,DSL,Two year,Bank transfer (automatic),80.95,4233.95,0,0.1209773576669324,0,LOW RISK,2026-08-30 13:02:06
3967-VQOGC,Female,0,Yes,Yes,67,Yes,No,Two year,Mailed check,24.9,1680.25,0,0.02278436402707464,0,LOW RISK,2026-08-30 13:02:06
7872-RDDLZ,Female,1,No,No,67,Yes,DSL,Month-to-month,Electronic check,54.9,3725.5,0,0.27113849324764,0,LOW RISK,2026-08-30 13:02:06
9250-WYPLL,Female,0,No,No,5,Yes,Fiber optic,Month-to-month,Electronic check,75.55,413.65,1,0.8487122126988602,1,HIGH RISK,2026-08-30 13:02:06
6308-CQRBU,Female,0,Yes,No,71,Yes,Fiber optic,Two year,Electronic check,109.25,7707.7,0,0.1828137594545502,0,LOW RISK,2026-08-30 13:02:06
2754-XBHTB,Female,0,No,No,9,Yes,Fiber optic,Month-to-month,Bank transfer (automatic),77.65,714.15,1,0.8278496237171359,1,HIGH RISK,2026-08-30 13:02:06
1597-LHYNC,Female,1,No,No,26,Yes,Fiber optic,Month-to-month,Electronic check,95.0,2497.2,1,0.7525944612176366,1,HIGH RISK,2026-08-30 13:02:06
0186-CAERR,Male,0,No,No,71,Yes,Fiber optic,One year,Bank transfer (automatic),116.3,8309.55,0,0.24300718614323746,0,LOW RISK,2026-08-30 13:02:06
3043-SUDUA,Female,0,No,No,32,Yes,No,Month-to-month,Bank transfer (automatic),19.9,601.55,0,0.12770556991944124,0,LOW RISK,2026-08-30 13:02:06
5442-BHQNG,Female,0,No,No,2,Yes,Fiber optic,Month-to-month,Electronic check,70.35,139.25,0,0.8180303585929789,1,HIGH RISK,2026-08-30 13:02:06
2169-RRLFW,Female,0,Yes,No,71,Yes,No,Two year,Credit card (automatic),25.6,1888.25,0,0.016817645800716003,0,LOW RISK,2026-08-30 13:02:06
5872-OEQNH,Female,0,No,No,60,No,DSL,One year,Electronic check,44.45,2773.9,0,0.23999523747463308,0,LOW RISK,2026-08-30 13:02:06
3162-KKZXO,Female,1,No,No,55,Yes,Fiber optic,One year,Electronic check,100.15,5409.75,0,0.663869561471739,1,MEDIUM RISK,2026-08-30 13:02:06
7055-VKGDA,Male,0,No,No,54,Yes,Fiber optic,One year,Credit card (automatic),105.4,5643.4,1,0.29527401625280003,0,LOW RISK,2026-08-30 13:02:06
0754-UKWQP,Male,0,No,No,2,Yes,Fiber optic,Month-to-month,Electronic check,95.85,197.7,1,0.9243527174721843,1,HIGH RISK,2026-08-30 13:02:06
8873-GLDMH,Female,0,No,No,6,Yes,Fiber optic,Month-to-month,Mailed check,73.85,401.3,0,0.8403069033234188,1,HIGH RISK,2026-08-30 13:02:06
5696-JVVQY,Female,0,Yes,Yes,48,Yes,DSL,Two year,Credit card (automatic),70.1,3238.4,0,0.03431267966569826,0,LOW RISK,2026-08-30 13:02:06
8946-BFWSG,Male,0,Yes,Yes,63,Yes,No,Two year,Mailed check,25.25,1573.05,0,0.01924162106358329,0,LOW RISK,2026-08-30 13:02:06
7493-TPUWZ,Male,0,No,No,1,Yes,Fiber optic,Month-to-month,Electronic check,79.15,79.15,1,0.8919279420537902,1,HIGH RISK,2026-08-30 13:02:06
0547-HURJB,Male,0,No,Yes,12,Yes,No,Month-to-month,Credit card (automatic),21.05,235.8,0,0.2491660904995663,0,LOW RISK,2026-08-30 13:02:06
8904-OPDCK,Male,1,Yes,No,54,No,DSL,Month-to-month,Bank transfer (automatic),24.95,1364.75,0,0.3992394492091784,0,LOW RISK,2026-08-30 13:02:06
8845-LWKGE,Female,0,Yes,Yes,30,Yes,DSL,One year,Electronic check,64.5,1985.15,0,0.2683013237562179,0,LOW RISK,2026-08-30 13:02:06
1577-HKTFG,Female,0,Yes,No,30,Yes,No,Month-to-month,Bank transfer (automatic),19.65,655.85,1,0.14345672533101422,0,LOW RISK,2026-08-30 13:02:06
8752-STIVR,Female,0,No,No,4,Yes,Fiber optic,Month-to-month,Electronic check,79.0,303.15,1,0.8895923969786799,1,HIGH RISK,2026-08-30 13:02:06
0691-NIKRI,Female,0,No,No,40,Yes,Fiber optic,One year,Credit card (automatic),105.95,4335.2,0,0.476097586405407,0,MEDIUM RISK,2026-08-30 13:02:06
5022-JNQEQ,Female,0,Yes,Yes,9,Yes,Fiber optic,Month-to-month,Electronic check,75.85,647.5,0,0.7524074568572513,1,HIGH RISK,2026-08-30 13:02:06
4558-FANTW,Female,0,Yes,Yes,17,Yes,Fiber optic,Month-to-month,Electronic check,91.85,1574.45,1,0.5046704975412981,1,MEDIUM RISK,2026-08-30 13:02:06
3249-VHRIP,Female,0,No,No,62,No,DSL,Two year,Credit card (automatic),43.6,2748.7,0,0.10555497107328779,0,LOW RISK,2026-08-30 13:02:06
3736-BLEPA,Male,0,No,No,28,Yes,Fiber optic,One year,Bank transfer (automatic),91.25,2483.65,0,0.3726078105158198,0,LOW RISK,2026-08-30 13:02:06
4701-LKOZD,Female,0,No,No,70,Yes,DSL,Two year,Credit card (automatic),89.75,6367.2,0,0.03282198117965633,0,LOW RISK,2026-08-30 13:02:06
6603-QWSPR,Female,0,No,No,46,Yes,Fiber optic,Two year,Bank transfer (automatic),104.4,4904.2,0,0.17762549428442123,0,LOW RISK,2026-08-30 13:02:06
9921-QFQUL,Female,0,Yes,No,23,Yes,Fiber optic,Month-to-month,Mailed check,90.15,2044.95,0,0.6643579081544154,1,MEDIUM RISK,2026-08-30 13:02:06
1929-ZCBHE,Male,0,Yes,Yes,47,No,DSL,One year,Electronic check,40.3,1794.8,0,0.08786964865074413,0,LOW RISK,2026-08-30 13:02:06
4378-MYPGO,Male,0,Yes,Yes,68,Yes,Fiber optic,Two year,Bank transfer (automatic),105.25,7173.15,0,0.11460646052017895,0,LOW RISK,2026-08-30 13:02:06
8651-ENBZX,Female,1,No,No,60,Yes,Fiber optic,One year,Electronic check,106.0,6441.4,1,0.5609209111880386,1,MEDIUM RISK,2026-08-30 13:02:06
4129-LYCOI,Female,0,No,Yes,67,Yes,Fiber optic,Two year,Electronic check,104.0,7039.05,0,0.21873904188281137,0,LOW RISK,2026-08-30 13:02:06
7798-JVXYM,Female,0,No,No,14,Yes,DSL,Month-to-month,Electronic check,69.65,921.4,0,0.5645916813752537,1,MEDIUM RISK,2026-08-30 13:02:06
8647-SDTWQ,Male,0,Yes,Yes,57,Yes,Fiber optic,Month-to-month,Electronic check,74.3,4018.35,0,0.58486124844249,1,MEDIUM RISK,2026-08-30 13:02:06
2696-ECXKC,Female,0,Yes,Yes,55,Yes,Fiber optic,One year,Mailed check,100.9,5448.6,0,0.32121764741750164,0,LOW RISK,2026-08-30 13:02:06
2081-KJSQF,Male,0,No,No,1,Yes,No,Month-to-month,Mailed check,20.25,20.25,0,0.4802083605670265,0,MEDIUM RISK,2026-08-30 13:02:06
7623-TRNQN,Male,0,No,Yes,1,Yes,DSL,Month-to-month,Mailed check,49.9,49.9,1,0.5790401968320481,1,MEDIUM RISK,2026-08-30 13:02:06
3323-CPBWR,Male,0,No,No,23,Yes,Fiber optic,Month-to-month,Credit card (automatic),96.9,2085.45,0,0.6565552510533756,1,MEDIUM RISK,2026-08-30 13:02:06
9330-IJWIO,Female,0,No,No,13,Yes,Fiber optic,Month-to-month,Electronic check,100.35,1358.85,1,0.8370045392515172,1,HIGH RISK,2026-08-30 13:02:06
3384-CTMSF,Male,0,Yes,No,47,Yes,Fiber optic,Month-to-month,Electronic check,104.1,5135.15,0,0.7381757663068422,1,HIGH RISK,2026-08-30 13:02:06
0902-RFHOF,Male,0,No,No,38,Yes,No,One year,Mailed check,20.1,730.1,0,0.056600740045725496,0,LOW RISK,2026-08-30 13:02:06
9286-DOJGF,Female,1,Yes,No,38,Yes,Fiber optic,Month-to-month,Bank transfer (automatic),74.95,2869.85,1,0.6204431362552497,1,MEDIUM RISK,2026-08-30 13:02:06
6048-QBXKL,Female,1,No,No,2,Yes,DSL,Month-to-month,Credit card (automatic),56.55,118.25,0,0.7413820773492894,1,HIGH RISK,2026-08-30 13:02:06
9661-MHUMO,Male,1,Yes,Yes,1,Yes,DSL,Month-to-month,Credit card (automatic),49.25,49.25,1,0.6252185659569477,1,MEDIUM RISK,2026-08-30 13:02:06
7718-RXDGG,Male,0,Yes,No,15,Yes,Fiber optic,Month-to-month,Bank transfer (automatic),68.6,1108.6,0,0.6683857040277655,1,MEDIUM RISK,2026-08-30 13:02:06
1025-FALIX,Female,0,No,No,26,Yes,Fiber optic,Month-to-month,Credit card (automatic),69.05,1815.65,0,0.6095094182032483,1,MEDIUM RISK,2026-08-30 13:02:06
3451-VAWLI,Female,0,Yes,Yes,35,Yes,No,Two year,Credit card (automatic),19.7,730.4,0,0.02443675442178309,0,LOW RISK,2026-08-30 13:02:06
3407-QGWLG,Male,0,No,Yes,3,Yes,No,Month-to-month,Mailed check,20.05,75.45,0,0.41422330933444756,0,MEDIUM RISK,2026-08-30 13:02:06
1842-EZJMK,Male,0,Yes,Yes,50,Yes,Fiber optic,Month-to-month,Electronic check,103.7,5071.05,1,0.6334683256322955,1,MEDIUM RISK,2026-08-30 13:02:06
2347-WKKAE,Male,0,Yes,No,42,Yes,Fiber optic,Month-to-month,Electronic check,94.4,4014.6,0,0.6505836626648827,1,MEDIUM RISK,2026-08-30 13:02:06
8735-DCXNF,Male,0,Yes,No,10,Yes,DSL,Month-to-month,Credit card (automatic),54.95,568.85,0,0.4624974511576406,0,MEDIUM RISK,2026-08-30 13:02:06
3214-IYUUQ,Female,0,Yes,No,61,Yes,Fiber optic,One year,Bank transfer (automatic),93.7,5860.7,0,0.1469329041621894,0,LOW RISK,2026-08-30 13:02:06
1936-UAFEH,Female,0,No,No,68,Yes,Fiber optic,Two year,Credit card (automatic),110.25,7279.35,0,0.09888304939324198,0,LOW RISK,2026-08-30 13:02:06
3587-PMCOY,Male,0,No,No,10,Yes,Fiber optic,One year,Electronic check,98.9,1064.95,0,0.7653020143963128,1,HIGH RISK,2026-08-30 13:02:06
8079-XRJRS,Male,0,Yes,No,65,Yes,Fiber optic,One year,Electronic check,89.75,5769.6,1,0.22270488954057446,0,LOW RISK,2026-08-30 13:02:06
1027-LKKQQ,Female,0,Yes,Yes,72,Yes,DSL,Two year,Bank transfer (automatic),80.45,5886.85,0,0.02825381181379546,0,LOW RISK,2026-08-30 13:02:06
7148-XZPHA,Male,0,Yes,Yes,55,Yes,Fiber optic,Month-to-month,Electronic check,79.4,4238.45,0,0.3484528772883316,0,LOW RISK,2026-08-30 13:02:06
8073-IJDCM,Female,0,No,No,1,Yes,No,Month-to-month,Mailed check,20.3,20.3,1,0.47347418853070644,0,MEDIUM RISK,2026-08-30 13:02:06
5309-TAIKL,Female,0,No,No,7,Yes,DSL,Month-to-month,Bank transfer (automatic),62.8,418.3,0,0.5610527705368894,1,MEDIUM RISK,2026-08-30 13:02:06
6856-RAURS,Female,0,No,No,2,Yes,Fiber optic,Month-to-month,Mailed check,74.9,136.05,0,0.8567244430048923,1,HIGH RISK,2026-08-30 13:02:06
8778-LMWTJ,Female,0,No,No,9,Yes,Fiber optic,Month-to-month,Electronic check,74.85,708.2,0,0.7805777517905085,1,HIGH RISK,2026-08-30 13:02:06
9717-IOAAF,Male,0,No,Yes,27,Yes,No,Two year,Credit card (automatic),25.85,788.55,0,0.06099375962202542,0,LOW RISK,2026-08-30 13:02:06
8884-ADFVN,Male,1,Yes,No,7,Yes,Fiber optic,Month-to-month,Electronic check,101.95,700.85,1,0.9431417491739617,1,HIGH RISK,2026-08-30 13:02:06
2845-KDHVX,Female,0,Yes,No,64,Yes,DSL,Two year,Mailed check,68.3,4378.8,0,0.044932402564229784,0,LOW RISK,2026-08-30 13:02:06
0848-SOMKO,Male,0,No,No,70,No,DSL,Two year,Bank transfer (automatic),48.4,3442.8,0,0.03568497337884586,0,LOW RISK,2026-08-30 13:02:06
2720-WGKHP,Male,1,No,No,2,Yes,Fiber optic,Month-to-month,Electronic check,94.0,181.7,1,0.9511168970641204,1,HIGH RISK,2026-08-30 13:02:06
6734-FQAJX,Male,1,No,No,67,Yes,Fiber optic,Two year,Electronic check,105.05,7171.7,0,0.1740803464346845,0,LOW RISK,2026-08-30 13:02:06
2869-ADAWR,Female,0,No,No,45,Yes,Fiber optic,Month-to-month,Credit card (automatic),89.3,4016.85,1,0.5695757523523556,1,MEDIUM RISK,2026-08-30 13:02:06
1535-VTJOQ,Female,0,No,No,24,Yes,No,Two year,Credit card (automatic),25.15,553.0,0,0.04681267296419575,0,LOW RISK,2026-08-30 13:02:06
6368-TZZDT,Male,0,Yes,Yes,4,Yes,No,Two year,Credit card (automatic),19.5,96.85,0,0.09638069278797962,0,LOW RISK,2026-08-30 13:02:06
0943-ZQPXH,Male,0,Yes,Yes,44,Yes,Fiber optic,Month-to-month,Bank transfer (automatic),92.95,4122.9,0,0.5807512111096129,1,MEDIUM RISK,2026-08-30 13:02:06
1293-BSEUN,Female,0,Yes,Yes,72,Yes,No,Two year,Mailed check,20.7,1482.3,0,0.013523028110274006,0,LOW RISK,2026-08-30 13:02:06
9894-EZEWG,Female,0,No,No,1,Yes,Fiber optic,Month-to-month,Credit card (automatic),74.3,74.3,1,0.8042073684162981,1,HIGH RISK,2026-08-30 13:02:06
1302-TPUBN,Male,0,No,No,66,Yes,No,Two year,Bank transfer (automatic),19.35,1240.8,0,0.01438152002448287,0,LOW RISK,2026-08-30 13:02:06
7851-FLGGQ,Male,0,No,No,1,No,DSL,Month-to-month,Mailed check,44.65,44.65,1,0.7490055492349607,1,HIGH RISK,2026-08-30 13:02:06
0637-UBJRP,Male,0,Yes,Yes,13,Yes,Fiber optic,Month-to-month,Electronic check,84.05,1095.3,1,0.6314355789135493,1,MEDIUM RISK,2026-08-30 13:02:06
0940-OUQEC,Male,0,No,No,10,Yes,Fiber optic,Month-to-month,Bank transfer (automatic),80.7,788.8,1,0.7978532425150644,1,HIGH RISK,2026-08-30 13:02:06
2378-VTKDH,Male,1,Yes,No,65,Yes,Fiber optic,Month-to-month,Electronic check,104.35,6578.55,0,0.736266488820428,1,HIGH RISK,2026-08-30 13:02:06
0927-CNGRH,Male,0,No,Yes,1,Yes,No,Month-to-month,Mailed check,19.55,19.55,0,0.348898573883696,0,LOW RISK,2026-08-30 13:02:06
8608-OZTLB,Male,0,Yes,Yes,38,Yes,DSL,One year,Electronic check,74.05,2802.3,0,0.08287540331259549,0,LOW RISK,2026-08-30 13:02:06
2335-GSODA,Male,0,No,Yes,23,No,DSL,Two year,Mailed check,40.1,857.75,0,0.05722962531672753,0,LOW RISK,2026-08-30 13:02:06
1952-DVVSW,Female,0,Yes,No,10,Yes,No,One year,Mailed check,20.1,184.4,0,0.17988988966456695,0,LOW RISK,2026-08-30 13:02:06
0702-PGIBZ,Male,0,No,Yes,4,Yes,Fiber optic,Month-to-month,Electronic check,101.7,364.55,1,0.9105076292755131,1,HIGH RISK,2026-08-30 13:02:06
6656-GULJQ,Male,0,Yes,Yes,72,Yes,DSL,Two year,Credit card (automatic),83.55,6093.3,0,0.04177243829328298,0,LOW RISK,2026-08-30 13:02:06
9853-JFZDU,Female,0,Yes,No,35,Yes,DSL,Month-to-month,Electronic check,56.85,1861.1,0,0.2501713092117215,0,LOW RISK,2026-08-30 13:02:06
1963-VAUKV,Female,0,No,No,1,Yes,No,Month-to-month,Mailed check,20.4,20.4,1,0.3883969516237247,0,LOW RISK,2026-08-30 13:02:06
3777-XROBG,Female,0,Yes,Yes,58,Yes,No,Two year,Credit card (automatic),19.55,1079.65,0,0.01644947867347328,0,LOW RISK,2026-08-30 13:02:06
6994-FGRHH,Male,0,Yes,Yes,70,Yes,Fiber optic,One year,Electronic check,106.15,7475.1,0,0.29913220918399136,0,LOW RISK,2026-08-30 13:02:06
4000-VGMQP,Male,0,Yes,Yes,38,Yes,DSL,One year,Credit card (automatic),78.95,2862.55,0,0.18261810708547824,0,LOW RISK,2026-08-30 13:02:06
3999-WRNGR,Female,0,Yes,Yes,60,No,DSL,Month-to-month,Electronic check,49.75,3069.45,0,0.4870628918756512,0,MEDIUM RISK,2026-08-30 13:02:06
3466-RITXD,Male,0,No,No,26,Yes,Fiber optic,Month-to-month,Credit card (automatic),92.4,2349.8,0,0.6494361325630416,1,MEDIUM RISK,2026-08-30 13:02:06
2680-XKKNJ,Female,0,No,No,8,Yes,DSL,One year,Bank transfer (automatic),58.2,469.25,0,0.20445938601821453,0,LOW RISK,2026-08-30 13:02:06
3058-HJCUY,Male,0,Yes,Yes,41,Yes,Fiber optic,One year,Electronic check,102.6,4213.35,1,0.5313279059335371,1,MEDIUM RISK,2026-08-30 13:02:06
2974-GGUXS,Female,1,Yes,No,36,Yes,Fiber optic,Month-to-month,Credit card (automatic),91.95,3301.05,0,0.6793848117069856,1,MEDIUM RISK,2026-08-30 13:02:06
7994-XIRTR,Male,1,No,No,54,Yes,DSL,One year,Bank transfer (automatic),65.25,3529.95,0,0.11358745404478961,0,LOW RISK,2026-08-30 13:02:06
3259-FDWOY,Male,0,Yes,Yes,71,Yes,Fiber optic,Two year,Bank transfer (automatic),106.0,7723.7,1,0.18764238675287895,0,LOW RISK,2026-08-30 13:02:06
2101-RANCD,Female,0,No,No,55,Yes,Fiber optic,Month-to-month,Electronic check,73.1,4144.9,0,0.651174581635824,1,MEDIUM RISK,2026-08-30 13:02:06
7921-BEPCI,Female,0,No,No,72,Yes,DSL,Two year,Bank transfer (automatic),59.75,4265.0,0,0.02592678907778857,0,LOW RISK,2026-08-30 13:02:06
0807-ZABDG,Female,0,No,Yes,3,Yes,DSL,Month-to-month,Mailed check,55.1,154.65,1,0.45766543090958833,0,MEDIUM RISK,2026-08-30 13:02:06
8510-TMWYB,Female,0,Yes,Yes,54,Yes,DSL,Two year,Bank transfer (automatic),59.8,3246.45,0,0.08295607660964346,0,LOW RISK,2026-08-30 13:02:06
3258-ZKPAI,Male,0,Yes,Yes,72,Yes,Fiber optic,Two year,Bank transfer (automatic),116.6,8337.45,0,0.10401196667938041,0,LOW RISK,2026-08-30 13:02:06
1428-IEDPR,Male,0,No,No,52,Yes,Fiber optic,Two year,Electronic check,109.3,5731.4,0,0.32299909575605146,0,LOW RISK,2026-08-30 13:02:06
5298-GSTLM,Female,1,No,No,60,Yes,Fiber optic,One year,Bank transfer (automatic),101.4,6176.6,0,0.4332674521108,0,MEDIUM RISK,2026-08-30 13:02:06
4450-YOOHP,Female,0,No,No,39,No,DSL,Month-to-month,Credit card (automatic),50.65,1905.4,0,0.5313174044797796,1,MEDIUM RISK,2026-08-30 13:02:06
6728-CZFEI,Female,0,No,No,15,Yes,DSL,One year,Mailed check,56.15,931.9,0,0.2852062388655838,0,LOW RISK,2026-08-30 13:02:06
5748-RNCJT,Male,0,No,No,69,Yes,Fiber optic,Two year,Bank transfer (automatic),106.5,7348.8,1,0.1970718199453386,0,LOW RISK,2026-08-30 13:02:06
3653-NCRDJ,Male,0,Yes,Yes,43,Yes,No,One year,Mailed check,19.2,776.25,0,0.05585063934188232,0,LOW RISK,2026-08-30 13:02:06
6121-TNHBO,Female,1,No,No,63,Yes,DSL,One year,Bank transfer (automatic),83.0,5243.05,0,0.0678542013606321,0,LOW RISK,2026-08-30 13:02:06
5119-NZPTV,Male,1,Yes,No,2,Yes,Fiber optic,Month-to-month,Electronic check,70.1,141.65,0,0.8501043055982096,1,HIGH RISK,2026-08-30 13:02:06
6519-ZHPXP,Female,0,Yes,Yes,72,Yes,Fiber optic,Two year,Bank transfer (automatic),108.3,7679.65,0,0.07861035335855408,0,LOW RISK,2026-08-30 13:02:06
7739-LAXOG,Female,0,Yes,Yes,32,Yes,Fiber optic,Month-to-month,Bank transfer (automatic),91.05,2954.5,1,0.6625140349002521,1,MEDIUM RISK,2026-08-30 13:02:06
3472-QPRCH,Male,0,Yes,Yes,40,Yes,No,Two year,Credit card (automatic),25.25,1006.9,0,0.027692101236813864,0,LOW RISK,2026-08-30 13:02:06
8224-UAXBZ,Female,0,Yes,No,58,No,DSL,One year,Electronic check,45.35,2540.1,0,0.220629947900596,0,LOW RISK,2026-08-30 13:02:06
9610-WCESF,Male,0,No,No,67,No,DSL,Two year,Electronic check,43.9,3097.2,0,0.05539343553009884,0,LOW RISK,2026-08-30 13:02:06
9776-CLUJA,Female,1,Yes,No,51,Yes,Fiber optic,Month-to-month,Electronic check,77.5,3807.35,1,0.6421867207528859,1,MEDIUM RISK,2026-08-30 13:02:06
2486-WYVVE,Male,0,Yes,No,31,Yes,DSL,One year,Mailed check,79.3,2484.0,0,0.3030900948181582,0,LOW RISK,2026-08-30 13:02:06
3865-ZYKAD,Male,1,Yes,No,69,Yes,Fiber optic,Month-to-month,Credit card (automatic),84.9,5785.65,0,0.3685756235652744,0,LOW RISK,2026-08-30 13:02:06
1422-DGUBX,Male,0,Yes,No,32,Yes,Fiber optic,One year,Electronic check,79.25,2619.15,0,0.4874508683252819,0,MEDIUM RISK,2026-08-30 13:02:06
2999-AANRQ,Female,0,No,No,21,Yes,DSL,Two year,Credit card (automatic),71.05,1524.85,0,0.04483562677821761,0,LOW RISK,2026-08-30 13:02:06
8668-KNZTI,Male,0,No,No,52,Yes,DSL,One year,Electronic check,53.75,2790.65,0,0.13810621470190648,0,LOW RISK,2026-08-30 13:02:06
0480-KYJVA,Female,0,Yes,Yes,72,Yes,No,Two year,Credit card (automatic),24.25,1784.5,0,0.013351059405716712,0,LOW RISK,2026-08-30 13:02:06
6034-ZRYCV,Female,0,Yes,No,72,No,DSL,Two year,Electronic check,54.2,3937.45,1,0.14268534363234753,0,LOW RISK,2026-08-30 13:02:06
9746-YKGXB,Male,0,Yes,Yes,52,No,DSL,One year,Bank transfer (automatic),44.25,2276.1,0,0.14492026821193257,0,LOW RISK,2026-08-30 13:02:06
3926-YZVVX,Female,0,No,No,41,Yes,DSL,One year,Bank transfer (automatic),50.05,2029.05,0,0.0885224030292144,0,LOW RISK,2026-08-30 13:02:06
6000-UKLWI,Male,0,No,No,41,Yes,No,Two year,Mailed check,20.15,802.35,0,0.023636478684133478,0,LOW RISK,2026-08-30 13:02:06
2079-FBMZK,Female,0,No,No,6,Yes,Fiber optic,Month-to-month,Mailed check,69.25,418.4,1,0.7985586608729011,1,HIGH RISK,2026-08-30 13:02:06
6332-FBZRI,Male,0,Yes,Yes,67,Yes,DSL,One year,Credit card (automatic),69.35,4653.25,0,0.048502866613067165,0,LOW RISK,2026-08-30 13:02:06
2096-XOTMO,Female,0,Yes,Yes,16,Yes,No,Month-to-month,Mailed check,19.35,275.9,0,0.1649518243528003,0,LOW RISK,2026-08-30 13:02:06
3266-FTKHB,Male,0,No,No,17,Yes,No,Two year,Mailed check,19.15,343.45,0,0.048555637682661315,0,LOW RISK,2026-08-30 13:02:06
8221-EQDGL,Male,0,Yes,No,35,Yes,DSL,Month-to-month,Mailed check,61.0,2130.45,0,0.18949350373418655,0,LOW RISK,2026-08-30 13:02:06
2346-LOCWC,Female,0,Yes,Yes,58,Yes,No,Two year,Credit card (automatic),20.5,1191.4,0,0.016324192712725612,0,LOW RISK,2026-08-30 13:02:06
6608-QQLVK,Male,0,No,No,1,Yes,DSL,Month-to-month,Electronic check,50.5,50.5,1,0.7625470347936275,1,HIGH RISK,2026-08-30 13:02:06
0298-XACET,Male,0,Yes,Yes,52,No,DSL,Two year,Mailed check,50.2,2554.0,0,0.06970099732543246,0,LOW RISK,2026-08-30 13:02:06
7560-QJAVJ,Female,0,No,No,70,Yes,DSL,Two year,Bank transfer (automatic),79.6,5589.45,0,0.025802774268465778,0,LOW RISK,2026-08-30 13:02:06
2995-YWTCD,Female,0,Yes,Yes,19,Yes,No,Two year,Bank transfer (automatic),24.9,467.7,0,0.06494221307806307,0,LOW RISK,2026-08-30 13:02:06
3551-HUAZH,Male,1,No,No,1,Yes,Fiber optic,Month-to-month,Electronic check,74.4,74.4,1,0.9165763576529362,1,HIGH RISK,2026-08-30 13:02:06
9137-UIYPG,Female,0,Yes,Yes,35,Yes,Fiber optic,Month-to-month,Electronic check,106.9,3756.45,0,0.576308993447987,1,MEDIUM RISK,2026-08-30 13:02:06
2809-ZMYOQ,Female,0,No,No,32,Yes,Fiber optic,Month-to-month,Electronic check,101.35,3334.9,0,0.8265888315094505,1,HIGH RISK,2026-08-30 13:02:06
5084-OOVCJ,Female,0,Yes,Yes,17,Yes,DSL,Month-to-month,Credit card (automatic),55.35,920.5,0,0.2565179778109894,0,LOW RISK,2026-08-30 13:02:06
0254-WWRKD,Female,0,Yes,Yes,67,Yes,DSL,One year,Credit card (automatic),50.55,3431.75,0,0.05909447673384111,0,LOW RISK,2026-08-30 13:02:06
7727-SHVZV,Female,0,No,No,9,Yes,No,Month-to-month,Bank transfer (automatic),19.5,150.35,0,0.3081465372794149,0,LOW RISK,2026-08-30 13:02:06
6302-JGYRJ,Male,0,No,Yes,31,Yes,DSL,One year,Mailed check,79.45,2587.7,1,0.2306639641295216,0,LOW RISK,2026-08-30 13:02:06
5339-PXDVH,Male,0,No,No,4,Yes,Fiber optic,Month-to-month,Electronic check,90.65,367.95,0,0.8439318093042839,1,HIGH RISK,2026-08-30 13:02:06
2205-LPVGL,Male,1,Yes,Yes,58,Yes,Fiber optic,One year,Bank transfer (automatic),89.85,5125.75,0,0.197235030884055,0,LOW RISK,2026-08-30 13:02:06
8782-NUUOL,Male,0,No,No,60,Yes,DSL,One year,Mailed check,79.0,4801.1,0,0.08357411112764924,0,LOW RISK,2026-08-30 13:02:06
3685-YLCMQ,Male,0,No,No,58,Yes,Fiber optic,One year,Electronic check,104.65,6219.6,1,0.5514775390410946,1,MEDIUM RISK,2026-08-30 13:02:06
7601-WFVZV,Male,0,No,No,1,Yes,No,Month-to-month,Mailed check,19.55,19.55,0,0.3983127564509888,0,LOW RISK,2026-08-30 13:02:06
4609-KNNWG,Female,0,Yes,Yes,27,Yes,No,Two year,Mailed check,19.9,550.1,0,0.03285558160362756,0,LOW RISK,2026-08-30 13:02:06
4868-AADLV,Male,1,Yes,Yes,66,Yes,Fiber optic,One year,Electronic check,116.25,7862.25,0,0.3613518330815233,0,LOW RISK,2026-08-30 13:02:06
9529-OFXHY,Male,0,No,No,15,Yes,Fiber optic,Month-to-month,Bank transfer (automatic),87.75,1242.2,0,0.7063691018598727,1,HIGH RISK,2026-08-30 13:02:06
8634-MPHTR,Male,1,Yes,No,47,Yes,Fiber optic,Month-to-month,Electronic check,100.05,4871.05,1,0.7841655243746922,1,HIGH RISK,2026-08-30 13:02:06
2669-QVCRG,Female,0,No,No,41,Yes,Fiber optic,Month-to-month,Credit card (automatic),81.3,3190.65,0,0.45310863483529834,0,MEDIUM RISK,2026-08-30 13:02:06
2478-EEWWM,Male,0,Yes,No,59,No,DSL,Month-to-month,Electronic check,44.3,2666.75,0,0.5840800819678963,1,MEDIUM RISK,2026-08-30 13:02:06
9174-IHETN,Female,0,No,Yes,50,Yes,Fiber optic,Two year,Credit card (automatic),70.35,3533.6,0,0.11751153652114005,0,LOW RISK,2026-08-30 13:02:06
2233-TXSIU,Male,0,Yes,Yes,17,No,DSL,One year,Credit card (automatic),44.45,792.15,0,0.24148935244447334,0,LOW RISK,2026-08-30 13:02:06
9644-UMGQA,Male,0,Yes,Yes,6,Yes,DSL,Month-to-month,Electronic check,49.15,295.65,0,0.6093681173508989,1,MEDIUM RISK,2026-08-30 13:02:06
3256-EZDBI,Male,1,Yes,No,51,No,DSL,Month-to-month,Credit card (automatic),29.45,1459.35,0,0.4070820154628195,0,MEDIUM RISK,2026-08-30 13:02:06
8761-NSOBC,Male,0,No,No,44,Yes,Fiber optic,Month-to-month,Electronic check,100.55,4398.15,1,0.522296114007815,1,MEDIUM RISK,2026-08-30 13:02:06
0419-YAAPX,Male,0,Yes,No,49,Yes,Fiber optic,Month-to-month,Credit card (automatic),85.3,4297.95,0,0.5965083115738988,1,MEDIUM RISK,2026-08-30 13:02:06
8413-VONUO,Male,0,No,No,2,Yes,Fiber optic,Month-to-month,Electronic check,95.65,167.3,1,0.8771784524229721,1,HIGH RISK,2026-08-30 13:02:06
0872-CASZJ,Male,0,Yes,No,59,Yes,DSL,One year,Mailed check,69.1,4096.9,0,0.11737183003005072,0,LOW RISK,2026-08-30 13:02:06
4726-DLWQN,Male,1,No,No,50,Yes,DSL,Month-to-month,Bank transfer (automatic),70.35,3454.6,0,0.318663694679661,0,LOW RISK,2026-08-30 13:02:06
8164-OCKUJ,Female,0,Yes,Yes,59,Yes,No,Two year,Mailed check,20.6,1286.0,0,0.016045572151524995,0,LOW RISK,2026-08-30 13:02:06
3094-JOJAI,Male,0,No,No,18,Yes,Fiber optic,Month-to-month,Mailed check,74.15,1387.0,0,0.6330045203488134,1,MEDIUM RISK,2026-08-30 13:02:06
9494-MRNYX,Male,0,No,No,10,Yes,Fiber optic,Month-to-month,Electronic check,75.05,786.3,0,0.8296392372079231,1,HIGH RISK,2026-08-30 13:02:06
2599-CZABP,Male,0,Yes,No,14,Yes,DSL,One year,Electronic check,44.6,641.25,0,0.3138193228828454,0,LOW RISK,2026-08-30 13:02:06
7945-PRBVF,Male,0,No,No,35,Yes,No,Two year,Bank transfer (automatic),21.45,705.45,0,0.027738833425622316,0,LOW RISK,2026-08-30 13:02:06
4544-RXFMG,Male,0,Yes,Yes,8,Yes,DSL,One year,Mailed check,43.45,345.5,0,0.41479687776103075,0,MEDIUM RISK,2026-08-30 13:02:06
0859-YGKFW,Male,0,Yes,Yes,18,Yes,No,One year,Bank transfer (automatic),20.05,345.9,0,0.07795741169709232,0,LOW RISK,2026-08-30 13:02:06
1150-FTQGN,Female,0,Yes,Yes,60,Yes,Fiber optic,One year,Bank transfer (automatic),94.15,5811.8,0,0.2020593597481885,0,LOW RISK,2026-08-30 13:02:06
9223-UCPVT,Female,0,No,No,1,Yes,Fiber optic,Month-to-month,Electronic check,94.4,94.4,1,0.89856902837803,1,HIGH RISK,2026-08-30 13:02:06
7196-LIWRH,Female,0,No,No,6,Yes,No,Two year,Mailed check,19.55,124.45,0,0.1029791004014163,0,LOW RISK,2026-08-30 13:02:06
5448-VWNAM,Female,0,No,Yes,19,Yes,DSL,Month-to-month,Mailed check,75.9,1375.6,0,0.26619186475488144,0,LOW RISK,2026-08-30 13:02:06
1177-XZBJL,Male,0,Yes,Yes,53,Yes,DSL,One year,Bank transfer (automatic),64.15,3491.55,0,0.07377687296845357,0,LOW RISK,2026-08-30 13:02:06
3518-FSTWG,Male,1,Yes,No,72,Yes,Fiber optic,Two year,Bank transfer (automatic),109.55,7920.7,0,0.18619279257484483,0,LOW RISK,2026-08-30 13:02:06
9330-VOFSZ,Female,0,Yes,No,60,Yes,Fiber optic,Two year,Credit card (automatic),110.8,6640.7,0,0.23896360051922674,0,LOW RISK,2026-08-30 13:02:06
4351-QLCSU,Female,0,No,No,1,Yes,DSL,Month-to-month,Credit card (automatic),55.0,55.0,1,0.7439791998483714,1,HIGH RISK,2026-08-30 13:02:06
0939-EREMR,Female,0,No,Yes,13,Yes,DSL,Month-to-month,Mailed check,53.45,718.1,0,0.2990570608871157,0,LOW RISK,2026-08-30 13:02:06
9389-ACWBI,Female,0,Yes,Yes,5,Yes,Fiber optic,Month-to-month,Credit card (automatic),69.95,320.4,0,0.6982463178696203,1,MEDIUM RISK,2026-08-30 13:02:06
5419-JPRRN,Male,0,No,No,1,Yes,Fiber optic,Month-to-month,Electronic check,101.45,101.45,1,0.9437270361253083,1,HIGH RISK,2026-08-30 13:02:06
3644-QXEHN,Male,0,Yes,Yes,13,Yes,Fiber optic,Month-to-month,Electronic check,97.0,1334.45,0,0.7671775341694822,1,HIGH RISK,2026-08-30 13:02:06
2911-IJORQ,Male,0,No,No,37,Yes,DSL,One year,Bank transfer (automatic),90.6,3358.65,0,0.16608696046491717,0,LOW RISK,2026-08-30 13:02:06
5921-NGYRH,Male,0,Yes,No,64,Yes,Fiber optic,Month-to-month,Mailed check,73.55,4764.0,0,0.3358907625313059,0,LOW RISK,2026-08-30 13:02:06
2100-BDNSN,Female,0,Yes,No,5,Yes,DSL,Month-to-month,Bank transfer (automatic),67.95,350.3,1,0.5813700011583945,1,MEDIUM RISK,2026-08-30 13:02:06
5998-DZLYR,Female,0,Yes,No,61,Yes,Fiber optic,Two year,Bank transfer (automatic),94.35,5703.0,0,0.17350735125753577,0,LOW RISK,2026-08-30 13:02:06
0488-GSLFR,Female,0,No,No,1,Yes,Fiber optic,Month-to-month,Electronic check,69.5,69.5,1,0.8703037874195085,1,HIGH RISK,2026-08-30 13:02:06
9318-NKNFC,Male,0,No,No,1,Yes,No,Month-to-month,Mailed check,18.85,18.85,1,0.4865713727558361,0,MEDIUM RISK,2026-08-30 13:02:06
3985-HOYPM,Male,0,No,No,26,Yes,No,One year,Mailed check,19.4,525.55,0,0.08791392757244386,0,LOW RISK,2026-08-30 13:02:06
9728-FTTVZ,Female,0,No,No,1,Yes,Fiber optic,Month-to-month,Electronic check,69.2,69.2,1,0.870918852799417,1,HIGH RISK,2026-08-30 13:02:06
9548-LERKT,Male,0,Yes,No,24,Yes,No,Two year,Mailed check,19.75,483.15,0,0.03811203840843124,0,LOW RISK,2026-08-30 13:02:06
6576-FBXOJ,Male,0,Yes,No,17,No,DSL,One year,Electronic check,54.6,934.8,0,0.458333883054671,0,MEDIUM RISK,2026-08-30 13:02:06
4310-KEDTB,Female,0,No,Yes,26,No,DSL,Month-to-month,Mailed check,29.8,786.5,0,0.4515910275312357,0,MEDIUM RISK,2026-08-30 13:02:06
7254-IQWOZ,Male,0,No,No,1,Yes,Fiber optic,Month-to-month,Electronic check,69.65,69.65,1,0.8729172574102467,1,HIGH RISK,2026-08-30 13:02:06
2474-BRUCM,Male,1,Yes,No,40,Yes,Fiber optic,Month-to-month,Electronic check,101.85,4086.3,1,0.680573303117179,1,MEDIUM RISK,2026-08-30 13:02:06
4062-HBMOS,Male,0,No,No,52,Yes,Fiber optic,Month-to-month,Electronic check,103.05,5364.8,0,0.7896556531534726,1,HIGH RISK,2026-08-30 13:02:06
0742-NXBGR,Female,0,No,No,1,Yes,Fiber optic,Month-to-month,Electronic check,82.3,82.3,1,0.8500445303984444,1,HIGH RISK,2026-08-30 13:02:06
2676-ISHSF,Male,0,No,No,1,Yes,No,Month-to-month,Mailed check,20.3,20.3,0,0.39504592076503553,0,LOW RISK,2026-08-30 13:02:06
9236-NDUCW,Female,0,No,No,21,No,DSL,Two year,Mailed check,35.1,770.4,0,0.07337026071556013,0,LOW RISK,2026-08-30 13:02:06
4753-PADAS,Female,0,Yes,No,67,Yes,Fiber optic,One year,Bank transfer (automatic),105.7,6816.95,0,0.40225370958009604,0,MEDIUM RISK,2026-08-30 13:02:06
6103-QCKFX,Female,0,Yes,Yes,44,Yes,DSL,Month-to-month,Bank transfer (automatic),56.25,2419.55,0,0.09447079348346955,0,LOW RISK,2026-08-30 13:02:06
7781-EWARA,Male,0,Yes,Yes,70,No,DSL,One year,Electronic check,60.35,4138.7,0,0.14736852545222723,0,LOW RISK,2026-08-30 13:02:06
6110-OHIHY,Male,0,No,No,3,Yes,Fiber optic,Month-to-month,Electronic check,79.25,267.6,1,0.8637576476469047,1,HIGH RISK,2026-08-30 13:02:06
7018-FPXHH,Male,0,Yes,Yes,56,Yes,DSL,Two year,Bank transfer (automatic),59.8,3457.45,0,0.04250668264478101,0,LOW RISK,2026-08-30 13:02:06
5889-LFOLL,Female,0,No,No,13,Yes,Fiber optic,Month-to-month,Electronic check,84.6,1115.2,1,0.8460692714831608,1,HIGH RISK,2026-08-30 13:02:06
5708-EVONK,Female,0,Yes,Yes,58,Yes,Fiber optic,Month-to-month,Bank transfer (automatic),93.4,5435.6,1,0.4513120116854251,0,MEDIUM RISK,2026-08-30 13:02:06
8708-XPXHZ,Female,0,Yes,Yes,42,Yes,Fiber optic,Month-to-month,Electronic check,94.2,4186.3,1,0.7438599513249048,1,HIGH RISK,2026-08-30 13:02:06
0616-ATFGB,Male,1,Yes,No,1,No,DSL,Month-to-month,Electronic check,25.05,25.05,1,0.7997247945461026,1,HIGH RISK,2026-08-30 13:02:06
0572-ZJKLT,Female,0,Yes,Yes,46,Yes,Fiber optic,Two year,Mailed check,99.65,4630.2,0,0.09402325433193738,0,LOW RISK,2026-08-30 13:02:06
5135-RDDQL,Female,0,Yes,Yes,63,Yes,DSL,Two year,Bank transfer (automatic),50.65,3221.25,0,0.03428396891808948,0,LOW RISK,2026-08-30 13:02:06
1353-LJWEM,Male,0,No,No,11,Yes,DSL,Month-to-month,Electronic check,60.9,688.5,0,0.5984309320763503,1,MEDIUM RISK,2026-08-30 13:02:06
1794-SWWKL,Male,0,Yes,Yes,15,Yes,DSL,Month-to-month,Bank transfer (automatic),59.65,867.1,0,0.42677283531181404,0,MEDIUM RISK,2026-08-30 13:02:06
6166-YIPFO,Male,0,Yes,No,72,No,DSL,Two year,Electronic check,64.7,4746.05,0,0.08416468843056565,0,LOW RISK,2026-08-30 13:02:06
7016-BPGEU,Female,0,No,No,29,No,DSL,Month-to-month,Credit card (automatic),25.1,712.85,1,0.4643183977995037,0,MEDIUM RISK,2026-08-30 13:02:06
6876-ADESB,Male,0,No,Yes,1,Yes,DSL,Month-to-month,Electronic check,48.95,48.95,1,0.6541855607676367,1,MEDIUM RISK,2026-08-30 13:02:06
9332-GYWLO,Female,0,Yes,Yes,6,Yes,DSL,Month-to-month,Electronic check,54.85,355.1,0,0.6775563907672439,1,MEDIUM RISK,2026-08-30 13:02:06
1963-SVUCV,Male,0,No,No,1,Yes,DSL,Month-to-month,Electronic check,45.3,45.3,1,0.6927764822963766,1,MEDIUM RISK,2026-08-30 13:02:06
4184-VODJZ,Male,0,Yes,Yes,63,Yes,Fiber optic,One year,Electronic check,91.35,5764.7,0,0.4053705666665586,0,MEDIUM RISK,2026-08-30 13:02:06
0220-EBGCE,Male,0,No,No,2,Yes,Fiber optic,Month-to-month,Electronic check,85.85,167.3,1,0.8993259169038825,1,HIGH RISK,2026-08-30 13:02:06
1092-WPIVQ,Female,0,Yes,Yes,18,Yes,No,Two year,Mailed check,25.1,428.45,0,0.050392523714861526,0,LOW RISK,2026-08-30 13:02:06
7233-IOQNP,Female,0,Yes,No,43,No,DSL,Month-to-month,Bank transfer (automatic),34.0,1505.35,0,0.16273161741927533,0,LOW RISK,2026-08-30 13:02:06
2834-JKOOW,Female,0,No,No,15,No,DSL,One year,Mailed check,45.9,693.45,0,0.16179186874928725,0,LOW RISK,2026-08-30 13:02:06
2754-VDLTR,Male,0,No,Yes,10,Yes,Fiber optic,Month-to-month,Electronic check,95.2,930.4,1,0.8772157756641844,1,HIGH RISK,2026-08-30 13:02:06
2400-FEQME,Male,0,Yes,Yes,55,Yes,No,Two year,Mailed check,20.5,1177.95,0,0.019191145241601332,0,LOW RISK,2026-08-30 13:02:06
3190-XFANI,Male,0,No,Yes,49,Yes,Fiber optic,One year,Bank transfer (automatic),100.6,5069.65,1,0.46791747289001606,0,MEDIUM RISK,2026-08-30 13:02:06
7551-DACSP,Male,0,Yes,Yes,6,Yes,DSL,Month-to-month,Mailed check,55.3,324.25,1,0.5801314618418265,1,MEDIUM RISK,2026-08-30 13:02:06
4957-SREEC,Male,0,Yes,Yes,70,Yes,No,Two year,Credit card (automatic),20.35,1458.1,0,0.010588888749709948,0,LOW RISK,2026-08-30 13:02:06
7235-NXZCP,Male,1,No,No,2,Yes,Fiber optic,Month-to-month,Mailed check,74.85,156.4,1,0.8822900042583706,1,HIGH RISK,2026-08-30 13:02:06
0230-UBYPQ,Male,1,Yes,No,63,No,DSL,One year,Bank transfer (automatic),36.1,2298.9,0,0.07668128031812488,0,LOW RISK,2026-08-30 13:02:06
4923-ADWXJ,Female,0,No,No,25,Yes,DSL,Month-to-month,Bank transfer (automatic),65.8,1679.65,0,0.31866297089653917,0,LOW RISK,2026-08-30 13:02:06
1763-KUAAW,Female,1,No,No,18,Yes,No,One year,Bank transfer (automatic),20.35,369.6,0,0.10352607018836613,0,LOW RISK,2026-08-30 13:02:06
1104-TNLZA,Male,1,Yes,No,28,Yes,Fiber optic,Month-to-month,Electronic check,105.8,2998.0,0,0.8183178427554602,1,HIGH RISK,2026-08-30 13:02:06
5195-KPUNQ,Female,1,No,No,53,Yes,Fiber optic,One year,Mailed check,96.75,5206.55,0,0.26659170021767326,0,LOW RISK,2026-08-30 13:02:06
0520-FDVVT,Male,0,No,No,35,Yes,Fiber optic,One year,Bank transfer (automatic),102.35,3626.1,1,0.4717069175750204,0,MEDIUM RISK,2026-08-30 13:02:06
3439-GVUSX,Male,0,No,No,1,No,DSL,Month-to-month,Mailed check,24.4,24.4,0,0.7005108846014306,1,HIGH RISK,2026-08-30 13:02:06
1444-VVSGW,Male,0,Yes,No,70,Yes,Fiber optic,One year,Credit card (automatic),115.65,7968.85,1,0.199018040843422,0,LOW RISK,2026-08-30 13:02:06
5712-PTIWW,Male,0,No,No,2,Yes,Fiber optic,Month-to-month,Electronic check,79.85,152.45,1,0.8319350348419862,1,HIGH RISK,2026-08-30 13:02:06
5949-HGVJL,Female,0,Yes,No,26,Yes,DSL,Month-to-month,Electronic check,73.05,1959.5,0,0.49818729461435246,0,MEDIUM RISK,2026-08-30 13:02:06
5203-XEHAX,Female,0,No,No,34,Yes,DSL,One year,Electronic check,64.35,2053.05,0,0.1751942213506984,0,LOW RISK,2026-08-30 13:02:06
1635-HDGFT,Female,0,No,Yes,19,Yes,No,Two year,Mailed check,20.5,398.55,0,0.03499237756096366,0,LOW RISK,2026-08-30 13:02:06
3315-TOTBP,Male,0,No,No,15,Yes,Fiber optic,Month-to-month,Mailed check,76.0,1130.85,1,0.7214892722694419,1,HIGH RISK,2026-08-30 13:02:06
8050-XGRVL,Female,0,Yes,Yes,62,Yes,DSL,One year,Credit card (automatic),54.75,3425.35,0,0.05819928103048354,0,LOW RISK,2026-08-30 13:02:06
6661-HBGWL,Female,1,No,No,42,Yes,Fiber optic,Month-to-month,Bank transfer (automatic),104.75,4323.45,1,0.7030506087651863,1,HIGH RISK,2026-08-30 13:02:06
1518-VOWAV,Female,0,No,No,9,Yes,DSL,Month-to-month,Electronic check,74.65,703.55,1,0.662238545810931,1,MEDIUM RISK,2026-08-30 13:02:06
9828-QHFBK,Male,0,No,No,24,Yes,DSL,Month-to-month,Electronic check,51.15,1275.7,0,0.3833269667663172,0,LOW RISK,2026-08-30 13:02:06
3908-MKIMJ,Male,1,Yes,No,68,No,DSL,Two year,Electronic check,41.95,2965.75,0,0.07415333224278295,0,LOW RISK,2026-08-30 13:02:06
5012-YSPJJ,Male,0,Yes,Yes,31,Yes,DSL,Month-to-month,Mailed check,54.35,1647.0,0,0.21596245798432295,0,LOW RISK,2026-08-30 13:02:06
5909-ECHUI,Female,0,No,No,1,Yes,DSL,Month-to-month,Electronic check,56.25,56.25,1,0.8073393916171064,1,HIGH RISK,2026-08-30 13:02:06
1309-BXVOQ,Male,0,Yes,No,21,Yes,Fiber optic,Month-to-month,Electronic check,106.1,2249.95,1,0.8167673871955866,1,HIGH RISK,2026-08-30 13:02:06
6728-VOIFY,Female,0,Yes,No,63,Yes,Fiber optic,One year,Electronic check,96.0,6109.75,0,0.45524716938536414,0,MEDIUM RISK,2026-08-30 13:02:06
9317-WZPGV,Female,1,No,No,2,Yes,Fiber optic,Month-to-month,Bank transfer (automatic),79.75,159.4,1,0.8749616936040102,1,HIGH RISK,2026-08-30 13:02:06
4891-NLUBA,Female,0,Yes,Yes,61,No,DSL,Two year,Bank transfer (automatic),61.45,3751.15,0,0.09140812087062178,0,LOW RISK,2026-08-30 13:02:06
2856-HYAPG,Female,0,No,No,1,Yes,Fiber optic,Month-to-month,Electronic check,68.65,68.65,1,0.8282229798904556,1,HIGH RISK,2026-08-30 13:02:06
8969-PRHFK,Male,0,No,No,18,Yes,No,One year,Mailed check,19.65,411.25,0,0.09773663854192391,0,LOW RISK,2026-08-30 13:02:06
0661-KQHNK,Female,0,Yes,Yes,6,Yes,No,One year,Credit card (automatic),19.0,105.5,0,0.1727845758849981,0,LOW RISK,2026-08-30 13:02:06
8709-KRDVL,Female,0,No,No,33,Yes,Fiber optic,Month-to-month,Electronic check,100.0,3320.6,0,0.8017418062890629,1,HIGH RISK,2026-08-30 13:02:06
4488-PSYCG,Male,0,No,No,16,Yes,No,Month-to-month,Bank transfer (automatic),20.25,327.45,1,0.18686890114336674,0,LOW RISK,2026-08-30 13:02:06
1427-VERSM,Female,0,Yes,No,56,Yes,Fiber optic,Month-to-month,Electronic check,98.7,5669.5,0,0.6733538902176835,1,MEDIUM RISK,2026-08-30 13:02:06
9801-NOSHQ,Male,0,No,Yes,23,Yes,No,One year,Mailed check,19.8,465.45,0,0.06629561673021067,0,LOW RISK,2026-08-30 13:02:06
6339-YPSAH,Male,0,No,No,9,Yes,Fiber optic,Month-to-month,Electronic check,73.8,704.3,0,0.8453520140536714,1,HIGH RISK,2026-08-30 13:02:06
3621-CEOVK,Female,1,Yes,No,14,Yes,Fiber optic,Month-to-month,Electronic check,100.2,1369.8,1,0.8823456904348419,1,HIGH RISK,2026-08-30 13:02:06
6906-ANDWJ,Male,0,Yes,Yes,15,Yes,Fiber optic,Month-to-month,Bank transfer (automatic),74.9,1107.25,1,0.6783676890584024,1,MEDIUM RISK,2026-08-30 13:02:06
2159-TURXX,Male,0,No,No,5,Yes,No,Month-to-month,Credit card (automatic),20.05,95.55,0,0.3549469589720685,0,LOW RISK,2026-08-30 13:02:06
1548-FEHVL,Male,0,Yes,No,61,Yes,Fiber optic,Month-to-month,Electronic check,106.2,6375.2,0,0.6465606658911291,1,MEDIUM RISK,2026-08-30 13:02:06
3795-CAWEX,Male,0,Yes,Yes,70,Yes,Fiber optic,Two year,Credit card (automatic),116.55,8152.3,0,0.11416422155974405,0,LOW RISK,2026-08-30 13:02:06
6215-NQCPY,Male,0,No,No,15,Yes,Fiber optic,Month-to-month,Electronic check,99.7,1566.75,0,0.8329757925945408,1,HIGH RISK,2026-08-30 13:02:06
5647-URDKA,Male,0,Yes,Yes,8,Yes,No,Two year,Mailed check,19.7,130.25,0,0.08207761535233904,0,LOW RISK,2026-08-30 13:02:06
2229-DPMBI,Female,0,Yes,Yes,8,Yes,No,Two year,Mailed check,19.5,162.15,0,0.08163307330023084,0,LOW RISK,2026-08-30 13:02:06
9626-WEQRM,Female,0,No,No,4,No,DSL,Month-to-month,Mailed check,29.15,110.05,0,0.663916270963157,1,MEDIUM RISK,2026-08-30 13:02:06
2188-SXWVT,Female,0,No,No,34,Yes,DSL,One year,Mailed check,55.0,1885.15,0,0.09784127828204126,0,LOW RISK,2026-08-30 13:02:06
6258-PVZWJ,Male,0,Yes,No,68,Yes,DSL,Two year,Credit card (automatic),90.8,6302.85,0,0.05136026135959787,0,LOW RISK,2026-08-30 13:02:06
1094-BKOSX,Female,0,Yes,Yes,45,No,DSL,One year,Bank transfer (automatic),51.0,2264.5,0,0.10862644062568054,0,LOW RISK,2026-08-30 13:02:06
6969-MVBAI,Female,1,No,No,9,Yes,Fiber optic,Month-to-month,Electronic check,90.1,816.8,0,0.9168029340250231,1,HIGH RISK,2026-08-30 13:02:06
2978-XXSOG,Female,0,No,No,22,Yes,DSL,Month-to-month,Mailed check,59.05,1253.5,0,0.32484962154022146,0,LOW RISK,2026-08-30 13:02:06
2342-CKIAO,Female,0,No,No,2,Yes,No,Month-to-month,Mailed check,20.3,41.2,0,0.37981452892660156,0,LOW RISK,2026-08-30 13:02:06
6953-PBDIN,Male,0,Yes,No,70,Yes,DSL,Two year,Bank transfer (automatic),72.95,5265.55,0,0.034826399306329754,0,LOW RISK,2026-08-30 13:02:06
3898-BSJYF,Female,0,No,Yes,10,Yes,DSL,One year,Credit card (automatic),73.55,693.3,0,0.23545539459781284,0,LOW RISK,2026-08-30 13:02:06
3938-YFPXD,Male,0,No,No,72,Yes,DSL,Two year,Credit card (automatic),84.3,5997.1,0,0.034605852663926344,0,LOW RISK,2026-08-30 13:02:06
7696-AMHOD,Female,0,Yes,Yes,49,Yes,DSL,One year,Credit card (automatic),78.0,3824.2,0,0.14542056439791642,0,LOW RISK,2026-08-30 13:02:06
2453-SAFNS,Female,1,No,No,54,Yes,DSL,One year,Mailed check,72.1,3886.05,0,0.12897711001036535,0,LOW RISK,2026-08-30 13:02:06
9558-IHEZX,Female,0,No,No,71,Yes,Fiber optic,Two year,Credit card (automatic),106.75,7283.25,0,0.16428342535252188,0,LOW RISK,2026-08-30 13:02:06
9617-UDPEU,Female,0,No,No,22,Yes,No,One year,Mailed check,19.25,412.55,0,0.11209114978045505,0,LOW RISK,2026-08-30 13:02:06
6340-DACFT,Female,0,Yes,Yes,50,Yes,No,Two year,Credit card (automatic),20.55,1070.25,0,0.022293775024849898,0,LOW RISK,2026-08-30 13:02:06
4955-VCWBI,Female,0,Yes,Yes,43,Yes,No,One year,Mailed check,20.0,817.95,0,0.03873744063817887,0,LOW RISK,2026-08-30 13:02:06
6813-GZQCG,Female,0,Yes,Yes,45,Yes,No,Two year,Credit card (automatic),24.65,1171.3,0,0.031830084133854256,0,LOW RISK,2026-08-30 13:02:06
7426-GSWPO,Male,1,No,No,64,Yes,Fiber optic,Month-to-month,Bank transfer (automatic),103.5,6548.65,0,0.5681973369830998,1,MEDIUM RISK,2026-08-30 13:02:06
3389-KTRXV,Female,0,Yes,Yes,23,Yes,No,Two year,Mailed check,23.85,625.65,0,0.04361757584435122,0,LOW RISK,2026-08-30 13:02:06
3118-UHVVQ,Female,0,Yes,No,68,Yes,No,Two year,Credit card (automatic),25.8,1911.5,0,0.018980265116099397,0,LOW RISK,2026-08-30 13:02:06
1031-IIDEO,Female,0,No,No,1,Yes,Fiber optic,Month-to-month,Electronic check,70.85,70.85,1,0.8675050666373322,1,HIGH RISK,2026-08-30 13:02:06
5832-XKAES,Male,0,No,No,2,Yes,Fiber optic,Month-to-month,Credit card (automatic),69.8,134.7,1,0.819550247721245,1,HIGH RISK,2026-08-30 13:02:06
3205-MXZRA,Male,0,No,No,26,Yes,DSL,One year,Credit card (automatic),59.45,1507.0,0,0.1980992667698189,0,LOW RISK,2026-08-30 13:02:06
4701-AHWMW,Male,0,Yes,No,55,No,DSL,Month-to-month,Bank transfer (automatic),54.55,2978.3,1,0.4593592715670043,0,MEDIUM RISK,2026-08-30 13:02:06
8317-BVKSO,Male,0,No,No,14,Yes,No,Month-to-month,Electronic check,20.05,299.3,0,0.3448863997169527,0,LOW RISK,2026-08-30 13:02:06
5702-KVQRD,Male,0,Yes,No,71,Yes,DSL,Two year,Electronic check,82.55,5832.65,0,0.0516016767033008,0,LOW RISK,2026-08-30 13:02:06
0083-PIVIK,Male,0,No,No,64,Yes,DSL,One year,Electronic check,81.25,5567.55,0,0.08861225795350473,0,LOW RISK,2026-08-30 13:02:06
9210-IAHGH,Female,0,No,No,7,Yes,DSL,Month-to-month,Credit card (automatic),70.75,450.8,1,0.6263954465687264,1,MEDIUM RISK,2026-08-30 13:02:06
6169-PGNCD,Female,0,No,No,57,Yes,DSL,Two year,Credit card (automatic),74.3,4166.35,0,0.0371898718768852,0,LOW RISK,2026-08-30 13:02:06
0023-XUOPT,Female,0,Yes,No,13,Yes,Fiber optic,Month-to-month,Electronic check,94.1,1215.6,1,0.7789587093545925,1,HIGH RISK,2026-08-30 13:02:06
4592-IWTJI,Female,0,Yes,Yes,3,No,DSL,Month-to-month,Credit card (automatic),29.7,91.7,1,0.5450755674978407,1,MEDIUM RISK,2026-08-30 13:02:06
4909-JOUPP,Male,1,Yes,No,72,Yes,Fiber optic,Two year,Credit card (automatic),109.7,7898.45,0,0.1530665387531344,0,LOW RISK,2026-08-30 13:02:06
4657-FWVFY,Female,0,Yes,Yes,40,Yes,Fiber optic,Month-to-month,Credit card (automatic),96.35,3915.4,0,0.5691554404850866,1,MEDIUM RISK,2026-08-30 13:02:06
2257-BOVXD,Male,0,Yes,No,14,Yes,DSL,Month-to-month,Credit card (automatic),66.6,979.5,0,0.4836661358710844,0,MEDIUM RISK,2026-08-30 13:02:06
7729-JTEEC,Male,0,Yes,Yes,2,Yes,DSL,Month-to-month,Electronic check,44.5,90.05,0,0.7233379782530756,1,HIGH RISK,2026-08-30 13:02:06
7632-MNYOY,Male,1,No,No,66,Yes,Fiber optic,One year,Credit card (automatic),110.9,7432.05,1,0.3198898791363515,0,LOW RISK,2026-08-30 13:02:06
6518-LGAOV,Female,0,Yes,No,38,Yes,Fiber optic,Month-to-month,Electronic check,105.0,4026.4,1,0.7547364442100525,1,HIGH RISK,2026-08-30 13:02:06
7242-QZLXF,Male,0,No,Yes,1,No,DSL,Month-to-month,Electronic check,25.3,25.3,1,0.788883569389889,1,HIGH RISK,2026-08-30 13:02:06
4576-CSAJH,Male,0,No,No,22,Yes,DSL,One year,Credit card (automatic),55.15,1193.05,1,0.17586170204851104,0,LOW RISK,2026-08-30 13:02:06
1000-AJSLD,Male,0,No,No,1,Yes,No,Month-to-month,Mailed check,20.1,20.1,1,0.4808898413492494,0,MEDIUM RISK,2026-08-30 13:02:06
9696-RMYBA,Male,0,No,No,5,Yes,Fiber optic,Month-to-month,Mailed check,80.1,398.55,0,0.8477756272671485,1,HIGH RISK,2026-08-30 13:02:06
8690-UPCZI,Male,0,Yes,Yes,29,Yes,DSL,One year,Bank transfer (automatic),69.05,1958.45,0,0.11038779848994018,0,LOW RISK,2026-08-30 13:02:06
1062-LHZOD,Male,0,Yes,Yes,1,Yes,Fiber optic,Month-to-month,Mailed check,69.9,69.9,1,0.8014774560158396,1,HIGH RISK,2026-08-30 13:02:06
9770-LXDBK,Female,0,No,No,3,Yes,No,Month-to-month,Mailed check,20.4,63.15,0,0.370510560423414,0,LOW RISK,2026-08-30 13:02:06
4086-WITJG,Male,0,Yes,Yes,71,Yes,No,Two year,Credit card (automatic),19.7,1301.1,0,0.010141877573471883,0,LOW RISK,2026-08-30 13:02:06
8344-WFMFH,Male,0,No,Yes,9,Yes,DSL,Month-to-month,Electronic check,50.1,484.05,0,0.6310816213381765,1,MEDIUM RISK,2026-08-30 13:02:06
9600-NAXZN,Male,0,No,No,43,Yes,Fiber optic,Month-to-month,Electronic check,101.4,4528.0,1,0.7450607516565447,1,HIGH RISK,2026-08-30 13:02:06
8822-KNBHV,Female,0,No,No,48,Yes,DSL,One year,Credit card (automatic),83.45,3887.85,0,0.15353625864391812,0,LOW RISK,2026-08-30 13:02:06
8404-FYDIB,Male,0,No,No,26,Yes,Fiber optic,Month-to-month,Credit card (automatic),86.65,2208.75,0,0.5595033311485443,1,MEDIUM RISK,2026-08-30 13:02:06
2791-SFVEW,Female,0,No,No,9,Yes,No,Month-to-month,Bank transfer (automatic),20.15,238.15,0,0.3135155722238875,0,LOW RISK,2026-08-30 13:02:06
6457-USBER,Male,0,No,No,1,Yes,Fiber optic,Month-to-month,Electronic check,80.8,80.8,1,0.902304528470463,1,HIGH RISK,2026-08-30 13:02:06
6762-NSODU,Female,0,Yes,Yes,46,Yes,No,Two year,Credit card (automatic),19.4,958.15,0,0.01612087153487744,0,LOW RISK,2026-08-30 13:02:06
4662-EKDPQ,Male,0,No,No,2,Yes,DSL,Month-to-month,Bank transfer (automatic),62.05,118.3,1,0.7227270381507168,1,HIGH RISK,2026-08-30 13:02:06
9248-OJYKK,Male,1,No,No,1,Yes,Fiber optic,Month-to-month,Electronic check,76.45,76.45,1,0.9136787219259569,1,HIGH RISK,2026-08-30 13:02:06
9888-ZCUMM,Male,0,Yes,Yes,64,No,DSL,Two year,Bank transfer (automatic),60.05,3845.45,0,0.06894760659735796,0,LOW RISK,2026-08-30 13:02:06
3398-FSHON,Female,1,No,No,12,Yes,Fiber optic,Month-to-month,Electronic check,91.3,1094.5,1,0.8937251879732684,1,HIGH RISK,2026-08-30 13:02:06
3319-DWOEP,Male,1,Yes,No,6,Yes,Fiber optic,Month-to-month,Electronic check,95.75,573.75,1,0.9275516102439421,1,HIGH RISK,2026-08-30 13:02:06
1074-WVEVG,Female,0,Yes,No,59,Yes,No,One year,Mailed check,20.35,1267.0,0,0.042667983224572686,0,LOW RISK,2026-08-30 13:02:06
9979-RGMZT,Female,0,No,No,7,Yes,Fiber optic,One year,Mailed check,94.05,633.45,0,0.7455703407686252,1,HIGH RISK,2026-08-30 13:02:06
6437-UDQJM,Female,1,Yes,No,72,Yes,DSL,Two year,Credit card (automatic),84.1,6129.65,0,0.06680253295352363,0,LOW RISK,2026-08-30 13:02:06
1226-IENZN,Male,1,No,No,16,Yes,Fiber optic,Month-to-month,Electronic check,78.75,1218.25,0,0.8139233992283826,1,HIGH RISK,2026-08-30 13:02:06
2108-GLPQB,Male,0,Yes,No,25,Yes,DSL,Month-to-month,Credit card (automatic),55.55,1405.3,0,0.4278520208593579,0,MEDIUM RISK,2026-08-30 13:02:06
9259-PACGQ,Female,0,Yes,No,34,Yes,DSL,Month-to-month,Electronic check,62.65,2274.9,1,0.26925690782218126,0,LOW RISK,2026-08-30 13:02:06
4415-IJZTP,Female,0,No,No,1,Yes,Fiber optic,Month-to-month,Electronic check,74.5,74.5,1,0.9008797781398407,1,HIGH RISK,2026-08-30 13:02:06
1465-VINDH,Female,0,Yes,Yes,10,Yes,Fiber optic,Month-to-month,Credit card (automatic),102.1,1068.85,1,0.8727814026063953,1,HIGH RISK,2026-08-30 13:02:06
5474-LAMUQ,Male,0,Yes,No,24,Yes,No,One year,Mailed check,20.1,533.9,0,0.08054547249623162,0,LOW RISK,2026-08-30 13:02:06
3468-DRVQJ,Female,0,Yes,Yes,10,Yes,DSL,One year,Electronic check,70.3,676.15,0,0.3358214692259494,0,LOW RISK,2026-08-30 13:02:06
1122-YJBCS,Male,0,Yes,No,69,Yes,DSL,One year,Credit card (automatic),53.65,3804.4,0,0.07054944584510964,0,LOW RISK,2026-08-30 13:02:06
4990-ALDGW,Male,0,No,No,57,Yes,No,Two year,Mailed check,20.75,1118.8,0,0.020778383587702925,0,LOW RISK,2026-08-30 13:02:06
4816-OKWNX,Male,0,Yes,Yes,50,Yes,Fiber optic,One year,Bank transfer (automatic),103.4,5236.4,0,0.374811808752528,0,LOW RISK,2026-08-30 13:02:06
3315-IKYZQ,Male,0,Yes,Yes,28,No,DSL,One year,Mailed check,50.8,1386.8,0,0.15981008181841044,0,LOW RISK,2026-08-30 13:02:06
2810-FTLEM,Female,0,No,No,16,Yes,DSL,Month-to-month,Electronic check,50.15,762.25,1,0.44895069292210177,0,MEDIUM RISK,2026-08-30 13:02:06
4747-LCAQL,Male,0,No,No,25,Yes,DSL,Month-to-month,Mailed check,79.0,1902.0,0,0.32383985791836417,0,LOW RISK,2026-08-30 13:02:06
3411-WLRSQ,Female,1,Yes,No,3,Yes,Fiber optic,Month-to-month,Bank transfer (automatic),74.6,239.05,0,0.8204654433123273,1,HIGH RISK,2026-08-30 13:02:06
0898-XCGTF,Male,0,Yes,No,61,Yes,Fiber optic,One year,Bank transfer (automatic),96.5,5673.7,0,0.4786362728412695,0,MEDIUM RISK,2026-08-30 13:02:06
8006-PYCSW,Female,0,No,No,2,Yes,No,Month-to-month,Mailed check,20.1,39.8,0,0.38024112788903225,0,LOW RISK,2026-08-30 13:02:06
8249-THVEC,Male,0,Yes,Yes,51,Yes,No,One year,Mailed check,19.4,997.75,0,0.048597077480774464,0,LOW RISK,2026-08-30 13:02:06
8722-PRFDV,Female,0,Yes,Yes,71,Yes,DSL,Two year,Credit card (automatic),77.55,5574.35,0,0.027031150028794915,0,LOW RISK,2026-08-30 13:02:06
2164-SOQXL,Female,0,Yes,Yes,20,Yes,No,Month-to-month,Mailed check,20.05,406.05,0,0.14425669047958445,0,LOW RISK,2026-08-30 13:02:06
4020-KIUDI,Male,0,Yes,Yes,6,Yes,No,Month-to-month,Credit card (automatic),19.85,138.85,0,0.31143768382701514,0,LOW RISK,2026-08-30 13:02:06
5850-BDWCY,Female,0,No,No,6,Yes,No,Month-to-month,Mailed check,20.2,123.65,0,0.3441569528307937,0,LOW RISK,2026-08-30 13:02:06
2038-YSEZE,Female,0,No,No,29,Yes,DSL,Month-to-month,Mailed check,67.45,1801.1,0,0.16068007029808296,0,LOW RISK,2026-08-30 13:02:06
0827-ITJPH,Male,0,No,No,36,Yes,No,Two year,Credit card (automatic),18.55,689.0,0,0.040631037806804444,0,LOW RISK,2026-08-30 13:02:06
8799-OXZMD,Female,0,No,No,28,No,DSL,Month-to-month,Mailed check,29.75,790.7,0,0.4826967198395113,0,MEDIUM RISK,2026-08-30 13:02:06
1925-TIBLE,Female,0,Yes,No,7,Yes,Fiber optic,Month-to-month,Electronic check,86.5,582.5,1,0.906607464998239,1,HIGH RISK,2026-08-30 13:02:06
1705-GUHPV,Female,0,No,No,63,Yes,No,Two year,Mailed check,24.2,1618.2,0,0.022915218238203743,0,LOW RISK,2026-08-30 13:02:06
4779-ZGICK,Male,0,Yes,Yes,48,Yes,No,Two year,Mailed check,23.55,1173.35,0,0.021415393980162643,0,LOW RISK,2026-08-30 13:02:06
0048-PIHNL,Female,0,Yes,No,49,Yes,No,One year,Bank transfer (automatic),20.45,900.9,0,0.05804102553139159,0,LOW RISK,2026-08-30 13:02:06
0818-OCPZO,Male,1,No,No,27,Yes,Fiber optic,Month-to-month,Electronic check,81.45,2122.05,1,0.7488455763714251,1,HIGH RISK,2026-08-30 13:02:06
3967-KXAPS,Male,0,Yes,No,72,Yes,DSL,Two year,Credit card (automatic),92.3,6719.9,0,0.03134173086429388,0,LOW RISK,2026-08-30 13:02:06
1447-GIQMR,Male,0,Yes,No,1,Yes,Fiber optic,Month-to-month,Electronic check,69.15,69.15,1,0.8776967087216141,1,HIGH RISK,2026-08-30 13:02:06
3704-IEAXF,Female,0,Yes,Yes,72,No,DSL,Two year,Credit card (automatic),53.65,3784.0,0,0.04665066540528933,0,LOW RISK,2026-08-30 13:02:06
6810-VCAEX,Female,0,No,No,47,No,DSL,One year,Credit card (automatic),39.65,1798.65,0,0.06414452681769207,0,LOW RISK,2026-08-30 13:02:06
0674-EYYZV,Female,0,No,No,1,Yes,DSL,Month-to-month,Electronic check,54.65,54.65,0,0.808253978116655,1,HIGH RISK,2026-08-30 13:02:06
4480-MBMLB,Female,0,No,No,36,Yes,Fiber optic,One year,Bank transfer (automatic),104.8,3886.45,0,0.5475979246507073,1,MEDIUM RISK,2026-08-30 13:02:06
1395-OFUWC,Male,0,Yes,Yes,43,No,DSL,Month-to-month,Credit card (automatic),29.3,1224.05,0,0.21559436034441543,0,LOW RISK,2026-08-30 13:02:06
0822-QGCXA,Female,1,Yes,No,27,Yes,DSL,Month-to-month,Electronic check,83.85,2310.2,0,0.521159037072423,1,MEDIUM RISK,2026-08-30 13:02:06
0872-NXJYS,Female,0,No,No,9,Yes,Fiber optic,Month-to-month,Electronic check,79.55,723.4,1,0.8757359895659413,1,HIGH RISK,2026-08-30 13:02:06
2832-KJCRD,Female,0,No,No,38,Yes,Fiber optic,Month-to-month,Electronic check,103.65,3988.5,0,0.7527162656027341,1,HIGH RISK,2026-08-30 13:02:06
3588-WSTTJ,Female,1,No,No,35,Yes,Fiber optic,Month-to-month,Electronic check,99.05,3554.6,0,0.7812427552544547,1,HIGH RISK,2026-08-30 13:02:06
4075-WKNIU,Female,0,Yes,Yes,0,Yes,DSL,Two year,Mailed check,73.35,0.0,0,0.16914312685641456,0,LOW RISK,2026-08-30 13:02:06
5090-EMGTC,Female,0,Yes,No,59,Yes,Fiber optic,Two year,Mailed check,100.05,6034.85,0,0.19342542109007788,0,LOW RISK,2026-08-30 13:02:06
2346-CZYIL,Male,0,No,No,27,Yes,No,Two year,Credit card (automatic),20.35,531.6,0,0.03886368119108488,0,LOW RISK,2026-08-30 13:02:06
3798-EPWRR,Female,1,No,No,2,Yes,DSL,Month-to-month,Electronic check,43.95,85.1,0,0.7171566135623736,1,HIGH RISK,2026-08-30 13:02:06
6258-NGCNG,Male,0,No,No,7,Yes,No,Month-to-month,Mailed check,23.5,173.0,0,0.42083557801393645,0,MEDIUM RISK,2026-08-30 13:02:06
4186-ZBUEW,Female,0,No,No,36,Yes,DSL,One year,Mailed check,70.7,2511.95,0,0.17386849963407158,0,LOW RISK,2026-08-30 13:02:06
5274-XHAKY,Female,0,Yes,Yes,41,Yes,Fiber optic,Month-to-month,Bank transfer (automatic),94.3,3893.6,0,0.46462839617088186,0,MEDIUM RISK,2026-08-30 13:02:06
1442-BQPVU,Female,0,No,No,13,No,DSL,Month-to-month,Electronic check,29.15,357.15,0,0.5413152656717067,1,MEDIUM RISK,2026-08-30 13:02:06
3978-YNKDD,Male,0,No,Yes,19,Yes,No,Two year,Credit card (automatic),20.85,467.5,0,0.03566266647531595,0,LOW RISK,2026-08-30 13:02:06
4940-KHCWD,Female,0,Yes,No,60,No,DSL,Two year,Bank transfer (automatic),37.7,2288.7,0,0.03187517089854574,0,LOW RISK,2026-08-30 13:02:06
9412-ARGBX,Female,0,No,Yes,48,Yes,Fiber optic,Two year,Mailed check,95.5,4627.85,1,0.10576141292965295,0,LOW RISK,2026-08-30 13:02:06
1389-CXMLU,Male,1,No,No,3,Yes,Fiber optic,Month-to-month,Electronic check,91.05,289.1,1,0.9067528090380279,1,HIGH RISK,2026-08-30 13:02:06
9589-ABEPT,Male,0,Yes,No,69,Yes,Fiber optic,Two year,Mailed check,92.45,6460.55,0,0.14790329228027962,0,LOW RISK,2026-08-30 13:02:06
9388-ZEYVT,Male,0,No,No,43,No,DSL,One year,Electronic check,44.15,1931.3,0,0.21832195798655363,0,LOW RISK,2026-08-30 13:02:06
0305-SQECB,Female,0,No,Yes,11,No,DSL,One year,Mailed check,36.05,402.6,0,0.2986886794048497,0,LOW RISK,2026-08-30 13:02:06
7605-SNLQG,Female,0,Yes,No,45,Yes,DSL,Month-to-month,Credit card (automatic),50.25,2221.55,0,0.26209682304286847,0,LOW RISK,2026-08-30 13:02:06
4670-TABXH,Male,0,Yes,No,72,Yes,Fiber optic,Two year,Credit card (automatic),109.75,7758.9,0,0.17623591683894047,0,LOW RISK,2026-08-30 13:02:06
5561-NWEVX,Female,1,Yes,No,2,Yes,Fiber optic,Month-to-month,Electronic check,79.2,172.85,1,0.8873960630973755,1,HIGH RISK,2026-08-30 13:02:06
0064-SUDOG,Female,0,Yes,Yes,12,Yes,No,Two year,Bank transfer (automatic),20.3,224.5,0,0.06616804378179061,0,LOW RISK,2026-08-30 13:02:06
8561-NMTBD,Female,0,Yes,Yes,67,Yes,Fiber optic,One year,Credit card (automatic),112.35,7388.45,0,0.2983240574213762,0,LOW RISK,2026-08-30 13:02:06
5161-XEUVX,Male,0,Yes,No,37,Yes,Fiber optic,Two year,Mailed check,94.3,3460.95,0,0.2008534439445797,0,LOW RISK,2026-08-30 13:02:06
8292-FRFZQ,Female,0,No,No,39,No,DSL,One year,Bank transfer (automatic),41.15,1700.9,0,0.0825864288749447,0,LOW RISK,2026-08-30 13:02:06
8591-NXRCV,Female,0,No,No,41,Yes,DSL,Month-to-month,Bank transfer (automatic),74.65,3090.65,0,0.2285083816647374,0,LOW RISK,2026-08-30 13:02:06
7895-VONWT,Female,0,No,No,25,No,DSL,Month-to-month,Electronic check,48.25,1293.8,0,0.7472951993667382,1,HIGH RISK,2026-08-30 13:02:06
4526-RMTLL,Male,0,Yes,Yes,8,Yes,DSL,Two year,Credit card (automatic),76.15,645.8,0,0.16011530187081344,0,LOW RISK,2026-08-30 13:02:06
6253-GNHWH,Female,0,Yes,Yes,71,Yes,DSL,Two year,Mailed check,71.1,5224.95,0,0.013689328823293528,0,LOW RISK,2026-08-30 13:02:06
4566-NECEV,Male,0,No,No,5,Yes,Fiber optic,Month-to-month,Electronic check,96.55,500.1,0,0.8723846938400441,1,HIGH RISK,2026-08-30 13:02:06
8080-POTJR,Female,0,No,No,30,Yes,DSL,One year,Credit card (automatic),79.3,2427.1,0,0.2780763433716483,0,LOW RISK,2026-08-30 13:02:06
6906-MPARY,Male,0,No,No,40,Yes,Fiber optic,One year,Credit card (automatic),89.6,3488.15,0,0.300516770895192,0,LOW RISK,2026-08-30 13:02:06
3662-FXJFO,Female,0,No,No,54,Yes,No,Two year,Mailed check,20.5,1035.7,0,0.03190162453582663,0,LOW RISK,2026-08-30 13:02:06
8107-RZLNV,Male,0,Yes,No,72,Yes,Fiber optic,Two year,Bank transfer (automatic),106.3,7565.35,0,0.2103823377135148,0,LOW RISK,2026-08-30 13:02:06
0516-OOHAR,Male,0,Yes,Yes,28,Yes,Fiber optic,One year,Bank transfer (automatic),100.35,2799.0,0,0.4089066062933479,0,MEDIUM RISK,2026-08-30 13:02:06
2027-CWDNU,Male,0,Yes,Yes,18,Yes,Fiber optic,Month-to-month,Electronic check,85.6,1601.5,0,0.6853955669093548,1,MEDIUM RISK,2026-08-30 13:02:06
2737-WFVYW,Female,0,No,No,2,No,DSL,Month-to-month,Electronic check,45.25,85.5,1,0.8877858704751291,1,HIGH RISK,2026-08-30 13:02:06
9912-OMZDS,Female,0,Yes,Yes,59,Yes,Fiber optic,One year,Electronic check,106.15,6256.2,0,0.5214330042137187,1,MEDIUM RISK,2026-08-30 13:02:06
3733-ZEECP,Male,0,Yes,Yes,22,Yes,DSL,Month-to-month,Electronic check,51.1,1232.9,0,0.38285599459975866,0,LOW RISK,2026-08-30 13:02:06
7878-RTCZG,Female,0,No,No,1,Yes,No,Month-to-month,Mailed check,19.9,19.9,0,0.3905608352762067,0,LOW RISK,2026-08-30 13:02:06
2452-MRMZF,Female,1,Yes,No,72,Yes,No,Two year,Credit card (automatic),25.7,1937.4,0,0.026616511612378796,0,LOW RISK,2026-08-30 13:02:06
2272-QAGFO,Female,1,No,No,14,Yes,Fiber optic,Month-to-month,Electronic check,74.3,1096.25,1,0.8210488568168418,1,HIGH RISK,2026-08-30 13:02:06
7103-IPXPJ,Male,0,Yes,No,50,Yes,Fiber optic,One year,Electronic check,99.4,5059.75,0,0.5361996650755997,1,MEDIUM RISK,2026-08-30 13:02:06
4342-HFXWS,Female,0,Yes,Yes,48,Yes,DSL,One year,Bank transfer (automatic),69.7,3023.65,0,0.04219346452044896,0,LOW RISK,2026-08-30 13:02:06
3545-CNWRG,Female,0,Yes,Yes,49,Yes,Fiber optic,Month-to-month,Electronic check,98.35,4889.2,0,0.769088657378108,1,HIGH RISK,2026-08-30 13:02:06
1785-BPHTP,Male,0,Yes,Yes,28,Yes,Fiber optic,Month-to-month,Electronic check,85.45,2289.9,0,0.6277238232732757,1,MEDIUM RISK,2026-08-30 13:02:06
4989-LIXVT,Male,1,No,No,68,Yes,Fiber optic,Month-to-month,Electronic check,95.9,6503.2,0,0.635416098255361,1,MEDIUM RISK,2026-08-30 13:02:06
7315-WYOAW,Male,0,No,No,13,Yes,Fiber optic,Month-to-month,Electronic check,100.75,1313.25,0,0.7986274626769495,1,HIGH RISK,2026-08-30 13:02:06
1173-XZPYF,Female,0,No,No,11,Yes,Fiber optic,Month-to-month,Electronic check,89.2,990.3,0,0.8987895347828305,1,HIGH RISK,2026-08-30 13:02:06
9850-OWRHQ,Female,0,Yes,No,3,Yes,Fiber optic,Month-to-month,Credit card (automatic),74.1,228.0,1,0.8603213926882819,1,HIGH RISK,2026-08-30 13:02:06
3768-NLUBH,Male,1,Yes,No,57,Yes,Fiber optic,Month-to-month,Electronic check,100.6,5746.15,1,0.7456629106512593,1,HIGH RISK,2026-08-30 13:02:06
8676-TRMJS,Male,0,No,No,3,Yes,Fiber optic,Month-to-month,Mailed check,75.0,209.1,1,0.8078078893945981,1,HIGH RISK,2026-08-30 13:02:06
2509-TFPJU,Male,0,Yes,No,72,Yes,No,Two year,Credit card (automatic),25.75,1864.2,0,0.016469296142996175,0,LOW RISK,2026-08-30 13:02:06
9530-GRMJG,Male,0,Yes,Yes,70,Yes,DSL,Two year,Electronic check,84.1,5979.7,0,0.07872568788887142,0,LOW RISK,2026-08-30 13:02:06
6898-RBTLU,Female,0,Yes,Yes,49,Yes,DSL,Two year,Bank transfer (automatic),79.3,3902.45,0,0.07491020190579739,0,LOW RISK,2026-08-30 13:02:06
5481-NTDOH,Female,1,Yes,No,67,Yes,Fiber optic,One year,Credit card (automatic),107.05,7142.5,0,0.39165139245064273,0,LOW RISK,2026-08-30 13:02:06
2068-WWXQZ,Male,0,No,No,46,Yes,No,Two year,Bank transfer (automatic),20.05,902.0,0,0.018691959743579616,0,LOW RISK,2026-08-30 13:02:06
7359-SSBJK,Female,1,No,No,64,Yes,DSL,Two year,Credit card (automatic),70.2,4481.0,1,0.032905621463122245,0,LOW RISK,2026-08-30 13:02:06
2061-VVFST,Female,0,Yes,No,37,Yes,No,Month-to-month,Bank transfer (automatic),19.5,805.2,0,0.11498758639097391,0,LOW RISK,2026-08-30 13:02:06
0685-MLYYM,Female,1,No,No,2,Yes,Fiber optic,Month-to-month,Electronic check,70.75,154.85,1,0.8434975063011684,1,HIGH RISK,2026-08-30 13:02:06
0749-IRGQE,Female,1,Yes,No,13,No,DSL,Month-to-month,Electronic check,45.3,528.45,0,0.7462886009909769,1,HIGH RISK,2026-08-30 13:02:06
2380-DAMQP,Female,0,Yes,No,72,Yes,Fiber optic,Two year,Electronic check,115.15,8349.7,0,0.13180635029885746,0,LOW RISK,2026-08-30 13:02:06
2256-YLYLP,Male,0,Yes,Yes,68,Yes,DSL,Two year,Bank transfer (automatic),72.95,4953.25,0,0.047895785479851405,0,LOW RISK,2026-08-30 13:02:06
1272-ILHFG,Male,0,Yes,Yes,15,Yes,No,One year,Mailed check,19.65,332.65,0,0.09236607836241531,0,LOW RISK,2026-08-30 13:02:06
0164-XAIRP,Female,0,No,No,24,Yes,No,Two year,Bank transfer (automatic),19.55,470.2,0,0.047999263151644635,0,LOW RISK,2026-08-30 13:02:06
5666-CYCYZ,Female,0,No,No,24,Yes,Fiber optic,Month-to-month,Electronic check,89.55,2259.35,0,0.7407929395201645,1,HIGH RISK,2026-08-30 13:02:06
4011-ARPHK,Male,0,No,No,27,Yes,DSL,Month-to-month,Mailed check,50.35,1411.35,0,0.25586155712869113,0,LOW RISK,2026-08-30 13:02:06
8182-PNAGI,Male,0,No,No,12,Yes,DSL,Month-to-month,Bank transfer (automatic),50.25,593.75,1,0.42935920660844606,0,MEDIUM RISK,2026-08-30 13:02:06
6365-HITVU,Female,0,Yes,Yes,71,Yes,DSL,Two year,Credit card (automatic),87.25,6328.7,0,0.018914049086439955,0,LOW RISK,2026-08-30 13:02:06
7558-IMLMT,Male,0,Yes,Yes,67,Yes,No,Two year,Mailed check,20.8,1411.9,0,0.01684908204094849,0,LOW RISK,2026-08-30 13:02:06
9488-FYQAU,Female,0,Yes,No,63,Yes,Fiber optic,Two year,Bank transfer (automatic),109.25,6841.4,0,0.21882792777942006,0,LOW RISK,2026-08-30 13:02:06
3590-TCXTB,Male,0,No,No,1,Yes,No,Month-to-month,Mailed check,20.35,20.35,0,0.3948284611381333,0,LOW RISK,2026-08-30 13:02:06
6994-KERXL,Male,0,No,No,4,Yes,DSL,Month-to-month,Electronic check,55.9,238.5,0,0.7969767106429984,1,HIGH RISK,2026-08-30 13:02:06
7957-RYHQD,Female,1,No,No,40,Yes,Fiber optic,Month-to-month,Credit card (automatic),79.2,3233.85,1,0.4110663541272649,0,MEDIUM RISK,2026-08-30 13:02:06
2180-DXNEG,Female,0,No,No,12,Yes,Fiber optic,Month-to-month,Electronic check,96.0,1062.1,1,0.8907704360158435,1,HIGH RISK,2026-08-30 13:02:06
1960-UOTYM,Male,0,Yes,Yes,52,Yes,DSL,Two year,Electronic check,79.2,4016.3,0,0.06980689541577896,0,LOW RISK,2026-08-30 13:02:06
2740-JFBOK,Male,0,No,No,10,Yes,No,Month-to-month,Electronic check,24.0,226.55,0,0.5599024261096108,1,MEDIUM RISK,2026-08-30 13:02:06
6500-JVEGC,Male,0,No,No,68,Yes,Fiber optic,One year,Bank transfer (automatic),101.35,7110.75,0,0.1900909888909688,0,LOW RISK,2026-08-30 13:02:06
5515-AKOAJ,Female,0,No,No,54,Yes,Fiber optic,Month-to-month,Electronic check,100.1,5440.9,1,0.7343482939722845,1,HIGH RISK,2026-08-30 13:02:06
8976-OQHGT,Female,0,Yes,Yes,4,Yes,DSL,Month-to-month,Mailed check,56.5,235.1,1,0.4305239985857054,0,MEDIUM RISK,2026-08-30 13:02:06
5245-VDBUR,Female,0,Yes,No,52,No,DSL,One year,Mailed check,35.45,1958.95,0,0.13125132536914544,0,LOW RISK,2026-08-30 13:02:06
6230-BSUXY,Female,1,No,No,1,Yes,Fiber optic,Month-to-month,Electronic check,85.0,85.0,1,0.9156386694228421,1,HIGH RISK,2026-08-30 13:02:06
8469-SNFFH,Male,0,Yes,No,70,Yes,DSL,One year,Bank transfer (automatic),79.4,5528.9,0,0.05097438068469742,0,LOW RISK,2026-08-30 13:02:06
2144-ESWKO,Male,0,No,No,43,No,DSL,One year,Credit card (automatic),35.2,1463.7,0,0.14826910909883867,0,LOW RISK,2026-08-30 13:02:06
1241-FPMOF,Male,0,No,No,52,Yes,No,Two year,Mailed check,19.65,1025.05,0,0.02577578215553311,0,LOW RISK,2026-08-30 13:02:06
9928-BZVLZ,Female,0,No,No,12,No,DSL,Two year,Mailed check,49.85,552.1,0,0.18583351337013995,0,LOW RISK,2026-08-30 13:02:06
4114-QMKVN,Female,0,Yes,Yes,56,Yes,DSL,One year,Bank transfer (automatic),68.75,3815.4,0,0.08459754731370117,0,LOW RISK,2026-08-30 13:02:06
2775-SEFEE,Male,0,No,Yes,0,Yes,DSL,Two year,Bank transfer (automatic),61.9,0.0,0,0.17007406667582606,0,LOW RISK,2026-08-30 13:02:06
9003-CPATH,Male,0,No,No,42,Yes,Fiber optic,Month-to-month,Electronic check,79.9,3313.4,0,0.559851029816989,1,MEDIUM RISK,2026-08-30 13:02:06
1754-GKYPY,Male,1,Yes,No,22,Yes,Fiber optic,Month-to-month,Bank transfer (automatic),89.75,1938.9,0,0.7668027829204925,1,HIGH RISK,2026-08-30 13:02:06
5294-CDGWY,Male,0,Yes,Yes,51,No,DSL,One year,Electronic check,59.3,3014.65,1,0.24720712444435575,0,LOW RISK,2026-08-30 13:02:06
7956-XQWGU,Male,0,No,No,27,Yes,No,Month-to-month,Credit card (automatic),19.4,460.25,0,0.21079176813394584,0,LOW RISK,2026-08-30 13:02:06
1591-MQJTP,Male,1,Yes,No,51,Yes,Fiber optic,One year,Bank transfer (automatic),93.65,4839.15,0,0.46218426672508145,0,MEDIUM RISK,2026-08-30 13:02:06
5295-PCJOO,Male,0,No,Yes,4,Yes,DSL,Month-to-month,Electronic check,49.4,184.4,1,0.6148694781744436,1,MEDIUM RISK,2026-08-30 13:02:06
2369-FEVNO,Male,0,No,No,1,Yes,No,Month-to-month,Mailed check,19.9,19.9,0,0.4817985925734724,0,MEDIUM RISK,2026-08-30 13:02:06
9863-JZAIC,Male,0,No,No,35,Yes,DSL,Month-to-month,Mailed check,55.0,2010.55,1,0.335313652909254,0,LOW RISK,2026-08-30 13:02:06
7471-MQPOS,Male,1,Yes,Yes,71,Yes,DSL,One year,Bank transfer (automatic),72.9,5139.65,0,0.09384238701829456,0,LOW RISK,2026-08-30 13:02:06
7660-HDPJV,Female,0,No,No,1,Yes,Fiber optic,Month-to-month,Electronic check,69.2,69.2,1,0.870918852799417,1,HIGH RISK,2026-08-30 13:02:06
5115-SQAAU,Female,0,Yes,Yes,69,Yes,No,Two year,Bank transfer (automatic),25.6,1673.4,0,0.01976680933917475,0,LOW RISK,2026-08-30 13:02:06
9845-QOMAD,Male,0,Yes,Yes,14,Yes,No,One year,Mailed check,19.75,309.35,0,0.09547755356834074,0,LOW RISK,2026-08-30 13:02:06
7672-VFMXZ,Male,0,Yes,No,57,Yes,DSL,Month-to-month,Electronic check,55.7,3171.6,0,0.17276735046457692,0,LOW RISK,2026-08-30 13:02:06
9739-JLPQJ,Female,0,Yes,Yes,72,Yes,Fiber optic,Two year,Credit card (automatic),117.5,8670.1,0,0.07727374455063443,0,LOW RISK,2026-08-30 13:02:06
9916-AYHTC,Male,0,No,No,48,Yes,No,Two year,Credit card (automatic),19.85,916.0,0,0.01785435853729443,0,LOW RISK,2026-08-30 13:02:06
3855-ONCAR,Female,0,Yes,Yes,4,Yes,Fiber optic,Month-to-month,Mailed check,78.9,299.75,0,0.8261638528051213,1,HIGH RISK,2026-08-30 13:02:06
1488-SYSFC,Male,0,Yes,Yes,31,Yes,No,Month-to-month,Electronic check,20.65,702.05,0,0.21932792941250684,0,LOW RISK,2026-08-30 13:02:06
7931-PXHFC,Male,0,No,No,38,Yes,DSL,One year,Mailed check,62.3,2354.8,1,0.19836604385367768,0,LOW RISK,2026-08-30 13:02:06
3990-QYKBE,Male,1,Yes,No,37,Yes,Fiber optic,Month-to-month,Electronic check,92.5,3473.4,1,0.838132034267024,1,HIGH RISK,2026-08-30 13:02:06
0970-QXPXW,Female,0,No,No,1,Yes,No,Month-to-month,Mailed check,19.65,19.65,0,0.39164439979318566,0,LOW RISK,2026-08-30 13:02:06
3259-KNMRR,Male,1,No,No,57,Yes,DSL,Two year,Bank transfer (automatic),79.75,4438.2,0,0.14003732350054038,0,LOW RISK,2026-08-30 13:02:06
6120-RJKLU,Female,1,Yes,No,62,Yes,DSL,Two year,Credit card (automatic),79.95,4819.75,0,0.05771332310024187,0,LOW RISK,2026-08-30 13:02:06
9572-WUKSB,Male,0,Yes,No,3,No,DSL,Month-to-month,Electronic check,29.9,92.25,0,0.7705391960261627,1,HIGH RISK,2026-08-30 13:02:06
5893-KCLGT,Female,0,No,Yes,72,Yes,No,Two year,Mailed check,19.75,1567.0,0,0.013453703643387134,0,LOW RISK,2026-08-30 13:02:06
0076-LVEPS,Male,0,No,Yes,29,No,DSL,Month-to-month,Mailed check,45.0,1242.45,0,0.2565733742363954,0,LOW RISK,2026-08-30 13:02:06
3640-JQGJG,Male,0,Yes,Yes,13,Yes,DSL,Month-to-month,Bank transfer (automatic),44.8,559.2,0,0.3487132237226027,0,LOW RISK,2026-08-30 13:02:06
4919-MOAVT,Male,0,No,Yes,3,Yes,Fiber optic,Month-to-month,Electronic check,69.65,220.1,1,0.7875690068657901,1,HIGH RISK,2026-08-30 13:02:06
1596-OQSPS,Female,0,No,No,11,Yes,DSL,Month-to-month,Electronic check,51.1,531.15,0,0.5638809763684328,1,MEDIUM RISK,2026-08-30 13:02:06
9867-XOBQA,Female,0,No,Yes,21,No,DSL,Two year,Mailed check,53.15,1183.2,0,0.07525976371003006,0,LOW RISK,2026-08-30 13:02:06
9546-KDTRB,Female,0,No,No,19,Yes,No,Month-to-month,Bank transfer (automatic),24.7,465.85,0,0.21447823861001264,0,LOW RISK,2026-08-30 13:02:06
3090-HAWSU,Male,0,No,No,61,Yes,Fiber optic,Two year,Credit card (automatic),111.6,6876.05,1,0.19048276780196227,0,LOW RISK,2026-08-30 13:02:06
9820-RMCQV,Female,0,No,No,11,Yes,DSL,Month-to-month,Credit card (automatic),48.55,501.0,1,0.4239200859002168,0,MEDIUM RISK,2026-08-30 13:02:06
3174-RKMOW,Male,0,Yes,Yes,35,Yes,Fiber optic,Month-to-month,Electronic check,109.95,3782.4,0,0.7125891470249405,1,HIGH RISK,2026-08-30 13:02:06
1760-CAZHT,Male,0,No,Yes,25,Yes,No,Month-to-month,Mailed check,20.8,460.2,0,0.1409656724027355,0,LOW RISK,2026-08-30 13:02:06
7839-QRKXN,Female,0,No,No,1,Yes,No,Month-to-month,Mailed check,20.2,20.2,1,0.47392793888020524,0,MEDIUM RISK,2026-08-30 13:02:06
8441-SHIPE,Female,0,No,No,67,Yes,No,Two year,Bank transfer (automatic),25.6,1790.35,0,0.025796788525384733,0,LOW RISK,2026-08-30 13:02:06
5204-QZXPU,Male,0,No,No,19,No,DSL,Month-to-month,Electronic check,39.65,733.35,1,0.68136839250904,1,MEDIUM RISK,2026-08-30 13:02:06
4597-ELFTS,Male,0,No,No,56,Yes,No,One year,Electronic check,24.9,1334.0,1,0.08778706881619046,0,LOW RISK,2026-08-30 13:02:06
1320-GVNHT,Male,0,Yes,Yes,72,Yes,Fiber optic,Two year,Credit card (automatic),108.4,7767.25,0,0.14083950778362778,0,LOW RISK,2026-08-30 13:02:06
1047-RNXZV,Male,0,No,No,43,Yes,No,Two year,Mailed check,19.55,876.15,0,0.02227652039366484,0,LOW RISK,2026-08-30 13:02:06
3541-ZNUHK,Female,0,Yes,Yes,55,Yes,Fiber optic,Month-to-month,Electronic check,85.1,4600.95,0,0.4805809020629173,0,MEDIUM RISK,2026-08-30 13:02:06
8450-JOVAH,Male,0,Yes,Yes,2,Yes,DSL,Month-to-month,Mailed check,56.7,113.55,1,0.5389310547968303,1,MEDIUM RISK,2026-08-30 13:02:06
8725-JEDFD,Male,0,No,No,27,Yes,Fiber optic,Month-to-month,Mailed check,69.05,1793.25,0,0.6066199386463783,1,MEDIUM RISK,2026-08-30 13:02:06
7562-UXTPG,Female,0,No,No,13,Yes,Fiber optic,Month-to-month,Mailed check,70.15,886.7,0,0.6683437164965377,1,MEDIUM RISK,2026-08-30 13:02:06
8071-SBTRN,Female,0,No,No,70,Yes,Fiber optic,Two year,Mailed check,111.15,7737.55,0,0.16604703057415068,0,LOW RISK,2026-08-30 13:02:06
1113-IUJYX,Female,0,Yes,No,14,Yes,Fiber optic,One year,Mailed check,105.95,1348.9,1,0.35708575194853087,0,LOW RISK,2026-08-30 13:02:06
6668-CNMFP,Female,0,Yes,Yes,19,Yes,Fiber optic,One year,Bank transfer (automatic),89.35,1686.85,0,0.47232276794278405,0,MEDIUM RISK,2026-08-30 13:02:06
5626-MGTUK,Female,0,No,No,20,Yes,Fiber optic,Month-to-month,Bank transfer (automatic),89.1,1879.25,0,0.6670881065371377,1,MEDIUM RISK,2026-08-30 13:02:06
5681-LLOEI,Male,0,Yes,Yes,43,Yes,Fiber optic,One year,Credit card (automatic),91.25,4013.8,0,0.2021918979233148,0,LOW RISK,2026-08-30 13:02:06
8212-DJRCH,Male,0,Yes,Yes,5,Yes,Fiber optic,Month-to-month,Mailed check,90.35,434.5,0,0.7667152066108163,1,HIGH RISK,2026-08-30 13:02:06
4323-OHFOW,Female,1,Yes,No,70,Yes,Fiber optic,One year,Bank transfer (automatic),105.55,7195.35,0,0.3487087482456008,0,LOW RISK,2026-08-30 13:02:06
4933-BSAIP,Female,0,Yes,No,40,Yes,No,Two year,Mailed check,19.1,780.1,0,0.025315062762307324,0,LOW RISK,2026-08-30 13:02:06
2030-BTZRO,Male,0,Yes,Yes,6,Yes,No,Two year,Credit card (automatic),20.4,107.6,0,0.11775737851272211,0,LOW RISK,2026-08-30 13:02:06
1116-DXXDF,Male,0,No,No,39,Yes,Fiber optic,Two year,Electronic check,100.45,3801.7,0,0.29277464996138086,0,LOW RISK,2026-08-30 13:02:06
9274-CNFMO,Male,1,Yes,No,4,Yes,Fiber optic,Month-to-month,Electronic check,74.95,308.7,1,0.8781592647151514,1,HIGH RISK,2026-08-30 13:02:06
7758-XKCBS,Male,0,No,No,15,No,DSL,Month-to-month,Electronic check,29.7,438.25,1,0.5741130784478317,1,MEDIUM RISK,2026-08-30 13:02:06
8992-JQYUN,Male,0,Yes,No,1,No,DSL,Month-to-month,Electronic check,50.35,50.35,1,0.898927796629149,1,HIGH RISK,2026-08-30 13:02:06
6563-VNPMN,Female,1,No,No,45,Yes,Fiber optic,Month-to-month,Bank transfer (automatic),85.7,3778.1,0,0.2916230845375787,0,LOW RISK,2026-08-30 13:02:06
0617-AQNWT,Female,0,Yes,No,64,No,DSL,Two year,Electronic check,47.85,3147.5,1,0.06572731542198947,0,LOW RISK,2026-08-30 13:02:06
2267-WTPYD,Female,1,Yes,No,57,Yes,Fiber optic,Month-to-month,Credit card (automatic),94.0,5438.95,0,0.5690959095525093,1,MEDIUM RISK,2026-08-30 13:02:06
0270-THENM,Male,0,Yes,Yes,72,Yes,DSL,Two year,Bank transfer (automatic),69.85,5102.35,0,0.013039014786757243,0,LOW RISK,2026-08-30 13:02:06
2446-PLQVO,Male,0,No,No,1,Yes,Fiber optic,Month-to-month,Electronic check,70.3,70.3,1,0.8715990969089008,1,HIGH RISK,2026-08-30 13:02:06
4707-MAXGU,Male,0,Yes,No,72,Yes,No,Two year,Credit card (automatic),25.85,1872.2,0,0.01644747700302306,0,LOW RISK,2026-08-30 13:02:06
2710-WYVXG,Female,0,No,No,3,Yes,DSL,Two year,Mailed check,71.1,213.35,0,0.1215437404351148,0,LOW RISK,2026-08-30 13:02:06
3005-NFMTA,Male,1,No,No,55,Yes,Fiber optic,Month-to-month,Electronic check,98.8,5617.75,1,0.7543734103643058,1,HIGH RISK,2026-08-30 13:02:06
6300-BWMJX,Female,0,Yes,No,59,Yes,Fiber optic,Month-to-month,Electronic check,93.35,5386.5,0,0.5542269253668152,1,MEDIUM RISK,2026-08-30 13:02:06
8784-CGILN,Female,0,No,No,18,Yes,Fiber optic,Month-to-month,Bank transfer (automatic),99.85,1776.95,1,0.7571016147831579,1,HIGH RISK,2026-08-30 13:02:06
5389-FFVKB,Male,1,Yes,No,32,Yes,Fiber optic,Month-to-month,Credit card (automatic),80.3,2483.05,1,0.677850535367075,1,MEDIUM RISK,2026-08-30 13:02:06
7009-LGECI,Female,0,No,No,4,Yes,DSL,Month-to-month,Bank transfer (automatic),50.55,235.65,0,0.5695123321363665,1,MEDIUM RISK,2026-08-30 13:02:06
8444-WRIDW,Female,1,No,No,66,Yes,Fiber optic,Month-to-month,Credit card (automatic),80.45,5224.35,1,0.4629665512465042,0,MEDIUM RISK,2026-08-30 13:02:06
5022-KVDQT,Male,0,No,No,27,Yes,Fiber optic,Month-to-month,Electronic check,81.3,2272.8,0,0.7506336064955309,1,HIGH RISK,2026-08-30 13:02:06
7976-CICYS,Male,0,No,No,4,Yes,No,Month-to-month,Credit card (automatic),20.7,83.75,0,0.4453721512510232,0,MEDIUM RISK,2026-08-30 13:02:06
1036-GUDCL,Male,0,Yes,Yes,60,Yes,DSL,Month-to-month,Credit card (automatic),79.05,4663.4,0,0.1605726425497813,0,LOW RISK,2026-08-30 13:02:06
2005-DWQZJ,Female,0,Yes,Yes,8,Yes,No,Two year,Mailed check,19.05,201.7,0,0.08386505506112955,0,LOW RISK,2026-08-30 13:02:06
8148-WOCMK,Male,0,Yes,Yes,8,Yes,No,Two year,Credit card (automatic),19.6,125.0,0,0.08089538786715676,0,LOW RISK,2026-08-30 13:02:06
7815-PDTHL,Male,0,No,No,35,Yes,No,Two year,Mailed check,20.2,684.4,0,0.041455455371640575,0,LOW RISK,2026-08-30 13:02:06
9451-LPGOO,Male,0,No,No,7,Yes,Fiber optic,Month-to-month,Electronic check,86.8,620.35,1,0.9090533639499925,1,HIGH RISK,2026-08-30 13:02:06
9173-IVZVP,Female,0,Yes,Yes,53,Yes,No,Two year,Mailed check,20.9,1146.05,0,0.020052602901453886,0,LOW RISK,2026-08-30 13:02:06
9129-UXERG,Female,1,No,No,18,Yes,Fiber optic,Month-to-month,Credit card (automatic),103.6,1806.35,0,0.7715432322540348,1,HIGH RISK,2026-08-30 13:02:06
3635-JBPSG,Female,0,No,No,15,No,DSL,Two year,Mailed check,38.8,603.0,0,0.2485512475689241,0,LOW RISK,2026-08-30 13:02:06
7964-ZRKKG,Male,0,Yes,No,67,Yes,Fiber optic,One year,Bank transfer (automatic),88.4,5798.3,0,0.3309668242966827,0,LOW RISK,2026-08-30 13:02:06
5868-YWPDW,Male,1,Yes,No,6,Yes,Fiber optic,Month-to-month,Electronic check,84.2,519.15,1,0.8956964071318679,1,HIGH RISK,2026-08-30 13:02:06
6229-LSCKB,Male,1,No,No,6,Yes,Fiber optic,Month-to-month,Electronic check,79.7,497.6,0,0.9015393695775368,1,HIGH RISK,2026-08-30 13:02:06
2025-JKFWI,Male,0,No,No,13,Yes,Fiber optic,Month-to-month,Mailed check,99.0,1301.7,1,0.8034367612851566,1,HIGH RISK,2026-08-30 13:02:06
4078-SAYYN,Female,0,No,No,11,Yes,Fiber optic,Month-to-month,Electronic check,100.75,1129.75,1,0.9229874084972766,1,HIGH RISK,2026-08-30 13:02:06
1724-IQWNM,Male,0,No,Yes,1,Yes,No,Month-to-month,Mailed check,19.3,19.3,0,0.4320967617719149,0,MEDIUM RISK,2026-08-30 13:02:06
8217-QYOHV,Male,0,No,No,5,Yes,DSL,Month-to-month,Mailed check,55.75,266.95,0,0.49640084048217276,0,MEDIUM RISK,2026-08-30 13:02:06
5546-QUERU,Male,0,No,No,13,Yes,No,One year,Mailed check,19.95,257.0,0,0.15434453045262653,0,LOW RISK,2026-08-30 13:02:06
9940-HPQPG,Female,0,Yes,No,9,Yes,Fiber optic,Month-to-month,Bank transfer (automatic),91.75,865.8,1,0.6731399738307453,1,MEDIUM RISK,2026-08-30 13:02:06
6897-UUBNU,Male,0,No,No,29,Yes,Fiber optic,Month-to-month,Mailed check,89.65,2623.65,0,0.48275698896024644,0,MEDIUM RISK,2026-08-30 13:02:06
6127-IYJOZ,Male,1,No,No,1,Yes,DSL,Month-to-month,Mailed check,45.85,45.85,0,0.7232650778575478,1,HIGH RISK,2026-08-30 13:02:06
6618-RYATB,Female,0,No,No,1,Yes,Fiber optic,Month-to-month,Mailed check,79.55,79.55,1,0.8661211843201156,1,HIGH RISK,2026-08-30 13:02:06
8930-XOTDP,Female,0,Yes,Yes,18,Yes,DSL,Month-to-month,Mailed check,55.95,1082.8,0,0.38530316773809176,0,LOW RISK,2026-08-30 13:02:06
5916-QEWPT,Female,0,Yes,No,2,Yes,DSL,Month-to-month,Credit card (automatic),69.0,147.8,0,0.6811746507333734,1,MEDIUM RISK,2026-08-30 13:02:06
5060-TQUQN,Male,0,Yes,Yes,30,Yes,Fiber optic,Month-to-month,Bank transfer (automatic),83.55,2570.2,0,0.5114099352024886,1,MEDIUM RISK,2026-08-30 13:02:06
0531-XBKMM,Male,0,No,Yes,66,Yes,DSL,Two year,Bank transfer (automatic),65.7,4378.9,0,0.014965640033980423,0,LOW RISK,2026-08-30 13:02:06
8465-SBRXP,Male,0,Yes,Yes,38,Yes,Fiber optic,Two year,Bank transfer (automatic),94.9,3616.25,0,0.20891824763744773,0,LOW RISK,2026-08-30 13:02:06
2408-PSJVE,Male,0,Yes,Yes,44,Yes,DSL,Month-to-month,Mailed check,61.9,2924.05,0,0.17764880529090968,0,LOW RISK,2026-08-30 13:02:06
9079-YEXQJ,Female,0,No,No,54,Yes,Fiber optic,Month-to-month,Electronic check,111.1,6014.85,1,0.6374630782116999,1,MEDIUM RISK,2026-08-30 13:02:06
9700-ZCLOT,Male,0,No,No,2,Yes,No,Month-to-month,Mailed check,20.0,32.7,0,0.38386556066238636,0,LOW RISK,2026-08-30 13:02:06
8738-JOKAR,Female,0,No,No,42,Yes,DSL,One year,Mailed check,67.7,2882.25,0,0.08525551361556992,0,LOW RISK,2026-08-30 13:02:06
4534-WGCIR,Female,0,Yes,Yes,58,Yes,No,Two year,Credit card (automatic),25.15,1509.9,0,0.02256086261117835,0,LOW RISK,2026-08-30 13:02:06
1930-WNXSB,Male,0,Yes,Yes,58,Yes,Fiber optic,Month-to-month,Electronic check,92.85,5305.05,0,0.6423095905303782,1,MEDIUM RISK,2026-08-30 13:02:06
2685-SREOM,Female,0,Yes,Yes,25,Yes,Fiber optic,Month-to-month,Electronic check,89.1,2368.4,1,0.7943639438807387,1,HIGH RISK,2026-08-30 13:02:06
3508-CFVZL,Female,0,No,No,71,Yes,Fiber optic,Two year,Mailed check,111.3,7985.9,0,0.10173735553773067,0,LOW RISK,2026-08-30 13:02:06
0402-CQAJN,Female,0,No,No,37,Yes,Fiber optic,Month-to-month,Bank transfer (automatic),101.9,3545.35,1,0.7101147713176389,1,HIGH RISK,2026-08-30 13:02:06
6692-UDPJC,Female,0,Yes,Yes,14,Yes,Fiber optic,Month-to-month,Electronic check,91.65,1301.0,1,0.7596341986627654,1,HIGH RISK,2026-08-30 13:02:06
1273-MTETI,Female,1,No,No,4,Yes,Fiber optic,Month-to-month,Electronic check,88.85,372.45,1,0.9320428036089687,1,HIGH RISK,2026-08-30 13:02:06
0657-DOGUM,Female,0,Yes,No,48,Yes,DSL,One year,Bank transfer (automatic),60.6,2985.25,0,0.09697369273540057,0,LOW RISK,2026-08-30 13:02:06
5480-HPRRX,Female,1,No,No,3,No,DSL,Month-to-month,Electronic check,25.3,77.75,1,0.7762053113671725,1,HIGH RISK,2026-08-30 13:02:06
8792-AOROI,Female,0,Yes,No,8,Yes,DSL,Two year,Mailed check,65.5,564.35,0,0.12264543016935607,0,LOW RISK,2026-08-30 13:02:06
0295-PPHDO,Male,0,No,No,1,Yes,Fiber optic,Month-to-month,Electronic check,95.45,95.45,1,0.9440992163227147,1,HIGH RISK,2026-08-30 13:02:06
5146-YYFRZ,Male,0,No,No,67,Yes,No,Two year,Bank transfer (automatic),19.95,1311.75,0,0.013733824136435,0,LOW RISK,2026-08-30 13:02:06
1195-OIYEJ,Male,0,No,No,13,Yes,Fiber optic,Month-to-month,Electronic check,91.1,1135.7,1,0.8424655946466286,1,HIGH RISK,2026-08-30 13:02:06
5906-CVLHP,Female,0,Yes,Yes,45,Yes,DSL,One year,Credit card (automatic),54.15,2319.8,1,0.08339792587022234,0,LOW RISK,2026-08-30 13:02:06
3452-SRFEG,Male,0,No,No,49,Yes,Fiber optic,Month-to-month,Bank transfer (automatic),74.6,3720.35,0,0.6087219019700727,1,MEDIUM RISK,2026-08-30 13:02:06
4070-OKWVH,Female,0,Yes,No,52,Yes,Fiber optic,Month-to-month,Bank transfer (automatic),94.6,5025.8,0,0.5579065588832431,1,MEDIUM RISK,2026-08-30 13:02:06
5297-MDOIR,Female,0,Yes,No,63,Yes,Fiber optic,One year,Credit card (automatic),81.15,5224.5,0,0.19238140468602913,0,LOW RISK,2026-08-30 13:02:06
6369-MCAKO,Female,0,Yes,Yes,68,Yes,DSL,Two year,Bank transfer (automatic),89.05,6185.8,0,0.04075227117208726,0,LOW RISK,2026-08-30 13:02:06
4926-UMJZD,Female,0,Yes,No,31,Yes,DSL,Month-to-month,Mailed check,49.2,1498.55,0,0.31582187715092025,0,LOW RISK,2026-08-30 13:02:06
6848-HJTXY,Female,0,Yes,No,64,Yes,No,Two year,Credit card (automatic),19.45,1208.6,0,0.016125185564601303,0,LOW RISK,2026-08-30 13:02:06
6341-AEVKX,Female,0,Yes,No,62,Yes,Fiber optic,One year,Electronic check,104.3,6613.65,0,0.35587810342729226,0,LOW RISK,2026-08-30 13:02:06
4501-EQDRN,Female,0,No,No,1,Yes,Fiber optic,Month-to-month,Bank transfer (automatic),69.7,69.7,1,0.7609249335347981,1,HIGH RISK,2026-08-30 13:02:06
2990-HWIML,Female,0,No,No,6,Yes,Fiber optic,Month-to-month,Electronic check,89.5,573.3,1,0.9137891274052375,1,HIGH RISK,2026-08-30 13:02:06
0682-USIXD,Female,0,Yes,No,21,Yes,Fiber optic,Month-to-month,Electronic check,86.05,1818.9,0,0.6928831543039797,1,MEDIUM RISK,2026-08-30 13:02:06
6976-BWGLQ,Female,0,Yes,Yes,72,Yes,No,Two year,Bank transfer (automatic),25.2,1787.35,0,0.01269521471562083,0,LOW RISK,2026-08-30 13:02:06
7078-NVFAM,Female,0,Yes,Yes,32,No,DSL,Month-to-month,Electronic check,35.15,1051.05,0,0.36255275213916643,0,LOW RISK,2026-08-30 13:02:06
8065-QBYTO,Female,1,No,No,71,Yes,Fiber optic,One year,Credit card (automatic),99.65,7181.25,0,0.20976359223902097,0,LOW RISK,2026-08-30 13:02:06
2133-TSRRM,Female,0,No,Yes,34,Yes,Fiber optic,Month-to-month,Bank transfer (automatic),105.35,3688.6,0,0.5270440676931101,1,MEDIUM RISK,2026-08-30 13:02:06
7384-GHBPI,Male,0,Yes,No,3,No,DSL,Month-to-month,Electronic check,35.15,99.75,1,0.8581822351336215,1,HIGH RISK,2026-08-30 13:02:06
7603-USHJS,Male,0,No,Yes,12,Yes,Fiber optic,Month-to-month,Credit card (automatic),73.75,871.4,1,0.7830116568442402,1,HIGH RISK,2026-08-30 13:02:06
7234-FECYN,Female,1,No,No,8,Yes,Fiber optic,Month-to-month,Electronic check,101.35,780.5,1,0.9145067851387879,1,HIGH RISK,2026-08-30 13:02:06
2511-ALLCS,Female,0,Yes,Yes,35,Yes,No,Two year,Bank transfer (automatic),24.3,821.6,0,0.03200974188520386,0,LOW RISK,2026-08-30 13:02:06
3191-CSNMG,Female,0,Yes,Yes,3,Yes,Fiber optic,Month-to-month,Electronic check,80.7,239.45,0,0.8725715526213992,1,HIGH RISK,2026-08-30 13:02:06
7952-OBOYL,Male,0,No,No,3,Yes,Fiber optic,Month-to-month,Mailed check,89.85,244.45,0,0.816146516345672,1,HIGH RISK,2026-08-30 13:02:06
7470-DYNOE,Male,0,No,No,53,Yes,DSL,One year,Electronic check,61.1,3357.9,0,0.3013229006450228,0,LOW RISK,2026-08-30 13:02:06
7853-OETYL,Female,0,Yes,No,4,No,DSL,Month-to-month,Electronic check,29.05,129.6,0,0.7476633320261717,1,HIGH RISK,2026-08-30 13:02:06
1545-ACTAS,Female,0,Yes,Yes,48,Yes,Fiber optic,One year,Bank transfer (automatic),99.7,4977.2,0,0.2788431578416348,0,LOW RISK,2026-08-30 13:02:06
5876-HZVZM,Female,0,Yes,Yes,6,Yes,DSL,Month-to-month,Credit card (automatic),55.9,365.35,1,0.3933668678927122,0,LOW RISK,2026-08-30 13:02:06
1400-MMYXY,Male,1,Yes,No,3,Yes,Fiber optic,Month-to-month,Electronic check,105.9,334.65,1,0.9452695540394028,1,HIGH RISK,2026-08-30 13:02:06
5126-RCXYW,Male,0,Yes,Yes,54,No,DSL,Two year,Credit card (automatic),46.0,2424.05,0,0.07197928951507791,0,LOW RISK,2026-08-30 13:02:06
3085-QUOZK,Female,0,No,No,1,Yes,DSL,Month-to-month,Mailed check,43.95,43.95,1,0.6133482756290425,1,MEDIUM RISK,2026-08-30 13:02:06
2363-BJLSL,Male,0,No,No,62,Yes,DSL,Month-to-month,Bank transfer (automatic),80.4,4981.15,0,0.22988921164841325,0,LOW RISK,2026-08-30 13:02:06
1956-YIFGE,Male,0,Yes,Yes,22,Yes,Fiber optic,One year,Mailed check,100.05,2090.25,0,0.4980148122115357,0,MEDIUM RISK,2026-08-30 13:02:06
3926-CUQZX,Male,0,No,No,1,Yes,DSL,Month-to-month,Bank transfer (automatic),45.1,45.1,1,0.6827820967768629,1,MEDIUM RISK,2026-08-30 13:02:06
7921-LMDFQ,Male,1,No,No,51,Yes,Fiber optic,One year,Bank transfer (automatic),94.0,4905.75,0,0.5438793374477439,1,MEDIUM RISK,2026-08-30 13:02:06
2925-MXLSX,Female,0,No,No,30,Yes,DSL,One year,Credit card (automatic),68.95,2038.7,0,0.2587871680097296,0,LOW RISK,2026-08-30 13:02:06
5820-PTRYM,Female,1,Yes,No,56,Yes,DSL,One year,Credit card (automatic),68.45,4014.0,0,0.10032865729132509,0,LOW RISK,2026-08-30 13:02:06
9609-BENEA,Male,0,Yes,No,35,Yes,DSL,One year,Electronic check,69.0,2441.7,0,0.2502536241253898,0,LOW RISK,2026-08-30 13:02:06
6211-WHMYA,Female,1,No,No,64,No,DSL,Month-to-month,Electronic check,43.85,2751.0,0,0.38076005805329166,0,LOW RISK,2026-08-30 13:02:06
4459-BBGHE,Male,0,No,Yes,30,No,DSL,Month-to-month,Electronic check,44.5,1307.8,0,0.6567676394257181,1,MEDIUM RISK,2026-08-30 13:02:06
9945-PSVIP,Female,0,Yes,Yes,25,Yes,No,Two year,Mailed check,18.7,383.65,0,0.04943935827897388,0,LOW RISK,2026-08-30 13:02:06
1041-RXHRA,Female,0,No,No,41,Yes,Fiber optic,Month-to-month,Bank transfer (automatic),70.25,2868.05,1,0.38136954881283736,0,LOW RISK,2026-08-30 13:02:06
1750-CSKKM,Male,0,No,Yes,9,Yes,DSL,Month-to-month,Electronic check,55.35,449.75,1,0.6398813795505882,1,MEDIUM RISK,2026-08-30 13:02:06
9108-EJFJP,Female,0,Yes,No,1,Yes,DSL,Month-to-month,Mailed check,53.55,53.55,0,0.5864548440779672,1,MEDIUM RISK,2026-08-30 13:02:06
0530-IJVDB,Male,0,No,Yes,70,Yes,Fiber optic,Two year,Electronic check,114.6,7882.5,0,0.15395484094571552,0,LOW RISK,2026-08-30 13:02:06
0508-SQWPL,Female,0,Yes,Yes,57,Yes,No,Two year,Bank transfer (automatic),20.1,1087.7,0,0.02308840264032698,0,LOW RISK,2026-08-30 13:02:06
2215-ZAFGX,Male,0,No,No,9,Yes,Fiber optic,Month-to-month,Electronic check,85.5,791.7,0,0.9047203576869542,1,HIGH RISK,2026-08-30 13:02:06
8213-TAZPM,Female,0,Yes,Yes,69,Yes,Fiber optic,One year,Bank transfer (automatic),108.75,7493.05,0,0.2914578588295979,0,LOW RISK,2026-08-30 13:02:06
7142-HVGBG,Male,1,Yes,No,43,Yes,Fiber optic,Month-to-month,Electronic check,103.0,4414.3,1,0.7892927175372678,1,HIGH RISK,2026-08-30 13:02:06
1304-SEGFY,Female,0,Yes,No,72,Yes,Fiber optic,Two year,Electronic check,97.85,6841.3,0,0.3088129128456304,0,LOW RISK,2026-08-30 13:02:06
7242-EDTYC,Male,0,No,Yes,44,Yes,No,Two year,Bank transfer (automatic),19.55,819.95,0,0.016486187400777313,0,LOW RISK,2026-08-30 13:02:06
2904-GGUAZ,Female,0,Yes,No,72,Yes,Fiber optic,Two year,Bank transfer (automatic),84.05,6052.25,0,0.08484440433471395,0,LOW RISK,2026-08-30 13:02:06
8267-ZNYVZ,Female,0,Yes,No,33,Yes,Fiber optic,One year,Electronic check,103.75,3361.05,1,0.4709445988099005,0,MEDIUM RISK,2026-08-30 13:02:06
5136-GFPMB,Male,0,No,No,54,Yes,Fiber optic,Month-to-month,Credit card (automatic),89.4,4869.5,0,0.578615516996209,1,MEDIUM RISK,2026-08-30 13:02:06
2595-KIWPV,Male,0,No,Yes,27,Yes,No,Two year,Credit card (automatic),19.7,509.3,0,0.03200245960898638,0,LOW RISK,2026-08-30 13:02:06
5243-SAOTC,Male,0,No,No,54,Yes,Fiber optic,Month-to-month,Bank transfer (automatic),79.85,4308.25,0,0.5334464015094902,1,MEDIUM RISK,2026-08-30 13:02:06
9398-MMQTO,Male,0,No,No,3,Yes,Fiber optic,Month-to-month,Credit card (automatic),74.45,221.1,0,0.7339794800034524,1,HIGH RISK,2026-08-30 13:02:06
7619-PLRLP,Female,0,Yes,No,53,Yes,DSL,One year,Bank transfer (automatic),74.1,3833.95,0,0.1142876487532342,0,LOW RISK,2026-08-30 13:02:06
6457-GIRWB,Male,0,No,No,1,Yes,Fiber optic,Month-to-month,Electronic check,69.35,69.35,1,0.8735217299673899,1,HIGH RISK,2026-08-30 13:02:06
6508-NJYRO,Male,0,Yes,No,15,Yes,No,One year,Mailed check,18.8,294.95,0,0.11243427486592827,0,LOW RISK,2026-08-30 13:02:06
1450-SKCVI,Female,0,No,No,56,Yes,Fiber optic,Month-to-month,Electronic check,73.85,4092.85,1,0.5310576126097475,1,MEDIUM RISK,2026-08-30 13:02:06
4710-NKCAW,Male,0,Yes,Yes,5,Yes,DSL,Month-to-month,Credit card (automatic),64.4,316.9,0,0.41424474837870756,0,MEDIUM RISK,2026-08-30 13:02:06
5306-BVTKJ,Male,0,Yes,Yes,48,Yes,DSL,One year,Credit card (automatic),55.8,2651.2,0,0.09979727578660211,0,LOW RISK,2026-08-30 13:02:06
0357-NVCRI,Female,0,No,Yes,25,Yes,No,Month-to-month,Credit card (automatic),20.05,471.7,0,0.1382193176713539,0,LOW RISK,2026-08-30 13:02:06
5570-PTWEH,Female,0,Yes,No,3,Yes,Fiber optic,Month-to-month,Credit card (automatic),75.15,216.75,1,0.8558506809131861,1,HIGH RISK,2026-08-30 13:02:06
2371-KFUOG,Male,0,No,No,58,Yes,Fiber optic,One year,Bank transfer (automatic),99.15,5720.95,0,0.2510368198597302,0,LOW RISK,2026-08-30 13:02:06
0463-ZSDNT,Male,0,No,No,10,Yes,DSL,Month-to-month,Bank transfer (automatic),56.75,503.25,0,0.666557358870847,1,MEDIUM RISK,2026-08-30 13:02:06
6502-MJQAE,Male,0,No,No,1,Yes,Fiber optic,Month-to-month,Electronic check,69.6,69.6,1,0.8730181739673101,1,HIGH RISK,2026-08-30 13:02:06
6257-DTAYD,Male,0,Yes,No,71,Yes,Fiber optic,Two year,Credit card (automatic),104.15,7365.3,0,0.1797977657701602,0,LOW RISK,2026-08-30 13:02:06
4616-ULAOA,Female,0,Yes,Yes,65,Yes,Fiber optic,Two year,Credit card (automatic),110.8,7245.9,0,0.17722050597809766,0,LOW RISK,2026-08-30 13:02:06
7693-LCKZL,Male,0,Yes,Yes,5,Yes,Fiber optic,Month-to-month,Electronic check,80.15,385.0,1,0.8532195188894343,1,HIGH RISK,2026-08-30 13:02:06
7746-AWNQW,Female,0,No,No,28,No,DSL,Month-to-month,Mailed check,35.75,961.4,0,0.40996930212896016,0,MEDIUM RISK,2026-08-30 13:02:06
5996-EBTKM,Female,0,Yes,Yes,67,Yes,DSL,Two year,Bank transfer (automatic),69.9,4615.9,0,0.046405923652929004,0,LOW RISK,2026-08-30 13:02:06
2758-RNWXS,Male,0,No,No,35,Yes,Fiber optic,One year,Electronic check,89.2,3251.3,0,0.3765520149985931,0,LOW RISK,2026-08-30 13:02:06
2314-TNDJQ,Female,0,Yes,Yes,72,No,DSL,Two year,Credit card (automatic),55.65,3880.05,0,0.024016721929402605,0,LOW RISK,2026-08-30 13:02:06
2405-LBMUW,Female,0,Yes,Yes,61,No,DSL,One year,Bank transfer (automatic),50.7,3088.75,0,0.09935952447854715,0,LOW RISK,2026-08-30 13:02:06
3454-JFUBC,Male,1,No,No,68,Yes,No,Two year,Credit card (automatic),20.0,1396.0,0,0.022553681547301103,0,LOW RISK,2026-08-30 13:02:06
0032-PGELS,Female,0,Yes,Yes,1,No,DSL,Month-to-month,Bank transfer (automatic),30.5,30.5,1,0.5522455071589346,1,MEDIUM RISK,2026-08-30 13:02:06
9039-ZVJDC,Male,0,No,No,3,Yes,No,Month-to-month,Mailed check,19.1,53.05,0,0.4645542632497687,0,MEDIUM RISK,2026-08-30 13:02:06
6797-LNAQX,Male,0,Yes,Yes,70,Yes,Fiber optic,Two year,Bank transfer (automatic),98.3,6859.5,1,0.1429495427653004,0,LOW RISK,2026-08-30 13:02:06
9013-AQORL,Female,0,No,Yes,48,No,DSL,Month-to-month,Credit card (automatic),45.55,2108.35,0,0.23083481870589898,0,LOW RISK,2026-08-30 13:02:06
2898-MRKPI,Male,0,Yes,Yes,68,Yes,Fiber optic,One year,Credit card (automatic),101.05,6770.5,0,0.35384860634607007,0,LOW RISK,2026-08-30 13:02:06
2750-BJLSB,Female,0,No,No,47,Yes,Fiber optic,One year,Electronic check,103.7,4730.6,0,0.344482475986732,0,LOW RISK,2026-08-30 13:02:06
3648-GZPHF,Male,0,Yes,Yes,32,No,DSL,One year,Mailed check,36.25,1151.05,0,0.19556421684016276,0,LOW RISK,2026-08-30 13:02:06
2075-RMJIK,Female,0,Yes,Yes,5,Yes,DSL,Month-to-month,Mailed check,49.4,232.55,0,0.5224872989968927,1,MEDIUM RISK,2026-08-30 13:02:06
9588-YRFHY,Male,0,No,No,49,Yes,No,Two year,Credit card (automatic),19.9,1022.6,0,0.03984364226510206,0,LOW RISK,2026-08-30 13:02:06
6394-MFYNG,Female,0,No,No,48,Yes,Fiber optic,Month-to-month,Bank transfer (automatic),107.4,5121.3,1,0.6124256020303039,1,MEDIUM RISK,2026-08-30 13:02:06
1564-NTYXF,Female,1,No,No,13,Yes,Fiber optic,Month-to-month,Electronic check,82.0,1127.2,1,0.8728523020858424,1,HIGH RISK,2026-08-30 13:02:06
9364-YKUVW,Male,0,No,No,15,Yes,No,Month-to-month,Mailed check,19.8,309.4,0,0.2633247647495609,0,LOW RISK,2026-08-30 13:02:06
5392-AKEMH,Female,0,No,No,12,Yes,DSL,Month-to-month,Electronic check,45.05,523.1,0,0.6715810687083666,1,MEDIUM RISK,2026-08-30 13:02:06
2451-YMUXS,Male,1,No,No,67,Yes,DSL,Two year,Bank transfer (automatic),64.55,4250.1,0,0.04006418779019353,0,LOW RISK,2026-08-30 13:02:06
3914-FDRHP,Male,0,No,No,9,Yes,Fiber optic,Month-to-month,Electronic check,86.25,770.5,0,0.7840729359067334,1,HIGH RISK,2026-08-30 13:02:06
3078-ZKNTS,Female,0,Yes,Yes,13,Yes,No,Two year,Bank transfer (automatic),19.75,246.7,0,0.060682198385217934,0,LOW RISK,2026-08-30 13:02:06
1024-KPRBB,Female,0,No,No,38,Yes,Fiber optic,One year,Mailed check,89.1,3342.0,0,0.4848243298127906,0,MEDIUM RISK,2026-08-30 13:02:06
4690-PKDQG,Female,1,Yes,No,42,Yes,Fiber optic,Month-to-month,Electronic check,95.55,3930.6,0,0.7190243703585462,1,HIGH RISK,2026-08-30 13:02:06
8155-IBNHG,Female,0,Yes,No,24,Yes,Fiber optic,Month-to-month,Credit card (automatic),75.4,1747.85,1,0.6502662313632351,1,MEDIUM RISK,2026-08-30 13:02:06
0886-QGENL,Female,1,Yes,No,27,Yes,Fiber optic,Month-to-month,Electronic check,101.25,2754.45,1,0.7768953162078837,1,HIGH RISK,2026-08-30 13:02:06
9547-ITEFG,Male,0,Yes,Yes,9,Yes,Fiber optic,Month-to-month,Credit card (automatic),102.6,897.75,0,0.8750897790614282,1,HIGH RISK,2026-08-30 13:02:06
1264-FUHCX,Female,0,Yes,No,49,No,DSL,One year,Credit card (automatic),56.3,2780.6,0,0.3015282300346598,0,LOW RISK,2026-08-30 13:02:06
7789-CRUVC,Female,1,Yes,No,61,Yes,Fiber optic,Month-to-month,Credit card (automatic),94.2,5895.45,0,0.3807765155796592,0,LOW RISK,2026-08-30 13:02:06
6598-KELSS,Male,0,No,Yes,50,No,DSL,One year,Bank transfer (automatic),43.05,2208.05,0,0.17908079794677814,0,LOW RISK,2026-08-30 13:02:06
8739-WWKDU,Male,1,No,No,25,Yes,Fiber optic,Month-to-month,Electronic check,89.5,2196.15,1,0.8190931684206803,1,HIGH RISK,2026-08-30 13:02:06
8685-WHQPW,Female,1,No,No,22,Yes,Fiber optic,Month-to-month,Bank transfer (automatic),74.4,1692.6,1,0.6964615766492912,1,MEDIUM RISK,2026-08-30 13:02:06
4745-LSPLO,Male,0,No,No,1,Yes,No,Month-to-month,Mailed check,20.5,20.5,1,0.39417633229724386,0,LOW RISK,2026-08-30 13:02:06
8083-YTZES,Male,0,No,No,4,Yes,Fiber optic,Month-to-month,Electronic check,74.35,265.35,1,0.8906255954574006,1,HIGH RISK,2026-08-30 13:02:06
7240-FQLHE,Female,1,Yes,No,18,Yes,Fiber optic,Month-to-month,Bank transfer (automatic),99.75,1836.25,1,0.7319100844446165,1,HIGH RISK,2026-08-30 13:02:06
6664-FPDAC,Female,1,No,No,56,Yes,Fiber optic,One year,Electronic check,111.95,6418.9,1,0.5653742957822792,1,MEDIUM RISK,2026-08-30 13:02:06
9972-VAFJJ,Female,1,Yes,No,53,Yes,Fiber optic,One year,Electronic check,94.0,4871.45,0,0.4381374157319477,0,MEDIUM RISK,2026-08-30 13:02:06
0422-UXFAP,Female,0,Yes,No,51,Yes,Fiber optic,One year,Electronic check,98.85,4947.55,0,0.6710540866546048,1,MEDIUM RISK,2026-08-30 13:02:06
1904-WAJAA,Female,0,Yes,Yes,24,Yes,DSL,Two year,Electronic check,64.35,1558.65,0,0.08863342856655308,0,LOW RISK,2026-08-30 13:02:06
5130-YPIRV,Female,0,Yes,No,62,Yes,DSL,Two year,Credit card (automatic),72.0,4284.2,0,0.039804499094990536,0,LOW RISK,2026-08-30 13:02:06
2843-CQMEG,Male,0,No,No,24,Yes,DSL,Month-to-month,Mailed check,49.7,1218.25,0,0.3627628623608741,0,LOW RISK,2026-08-30 13:02:06
6439-PKTRR,Female,0,Yes,Yes,70,Yes,DSL,Two year,Electronic check,80.7,5617.95,0,0.02724912783999326,0,LOW RISK,2026-08-30 13:02:06
5351-QESIO,Male,0,No,Yes,1,No,DSL,Month-to-month,Mailed check,24.2,24.2,0,0.6552027118371226,1,MEDIUM RISK,2026-08-30 13:02:06
0786-VSSUD,Male,1,No,No,16,No,DSL,Month-to-month,Mailed check,39.0,679.85,1,0.6404741397481085,1,MEDIUM RISK,2026-08-30 13:02:06
5568-DMXZS,Female,0,No,No,8,Yes,DSL,Month-to-month,Electronic check,65.45,554.45,0,0.6091072407219128,1,MEDIUM RISK,2026-08-30 13:02:06
8468-FZTOE,Female,0,Yes,Yes,72,Yes,DSL,Two year,Electronic check,74.35,5237.4,0,0.02686006343165982,0,LOW RISK,2026-08-30 13:02:06
6633-SYEUS,Female,0,No,No,23,Yes,Fiber optic,Month-to-month,Bank transfer (automatic),83.2,2032.3,0,0.40720931937606836,0,MEDIUM RISK,2026-08-30 13:02:06
6447-GORXK,Male,0,No,Yes,31,No,DSL,Month-to-month,Credit card (automatic),25.0,789.2,0,0.3218130842111952,0,LOW RISK,2026-08-30 13:02:06
6967-PEJLL,Male,0,Yes,Yes,37,No,DSL,One year,Electronic check,40.2,1525.35,0,0.1690000254835402,0,LOW RISK,2026-08-30 13:02:06
3976-BWUCK,Female,0,Yes,No,30,Yes,Fiber optic,Month-to-month,Credit card (automatic),94.1,2804.45,1,0.6383554554787889,1,MEDIUM RISK,2026-08-30 13:02:06
5981-ZVXOT,Female,1,No,No,35,Yes,Fiber optic,One year,Electronic check,108.35,3726.15,0,0.6029314787199677,1,MEDIUM RISK,2026-08-30 13:02:06
1684-FLBGS,Female,0,Yes,Yes,23,Yes,DSL,Month-to-month,Credit card (automatic),69.5,1652.1,0,0.3266907936352622,0,LOW RISK,2026-08-30 13:02:06
1389-WNUIB,Female,0,Yes,Yes,20,Yes,DSL,One year,Bank transfer (automatic),76.0,1588.75,0,0.19956508415175855,0,LOW RISK,2026-08-30 13:02:06
0376-OIWME,Male,0,Yes,No,36,Yes,Fiber optic,Month-to-month,Electronic check,93.6,3366.05,0,0.6936400395420746,1,MEDIUM RISK,2026-08-30 13:02:06
3585-ISXZP,Female,0,No,No,8,Yes,Fiber optic,Month-to-month,Bank transfer (automatic),95.65,778.1,1,0.8620900050510268,1,HIGH RISK,2026-08-30 13:02:06
0218-QNVAS,Male,0,Yes,Yes,71,Yes,Fiber optic,One year,Bank transfer (automatic),100.55,7113.75,0,0.25581601931145254,0,LOW RISK,2026-08-30 13:02:06
6583-QGCSI,Female,1,Yes,No,50,Yes,Fiber optic,Month-to-month,Electronic check,88.05,4367.35,1,0.7665445094178482,1,HIGH RISK,2026-08-30 13:02:06
0804-YGEQV,Female,0,Yes,Yes,43,Yes,No,One year,Bank transfer (automatic),24.45,993.15,0,0.06978586161779615,0,LOW RISK,2026-08-30 13:02:06
7164-BPTUT,Male,0,No,Yes,57,Yes,DSL,Two year,Mailed check,89.55,5012.35,0,0.04270378356136858,0,LOW RISK,2026-08-30 13:02:06
4174-LPGTI,Female,0,Yes,Yes,41,Yes,DSL,One year,Bank transfer (automatic),66.5,2728.6,1,0.09408010742395362,0,LOW RISK,2026-08-30 13:02:06
2523-EWWZL,Female,0,Yes,No,27,Yes,Fiber optic,Month-to-month,Electronic check,76.1,2093.4,0,0.6583915954372762,1,MEDIUM RISK,2026-08-30 13:02:06
0928-XUTSN,Female,0,No,No,13,Yes,Fiber optic,Month-to-month,Electronic check,80.5,1011.8,0,0.7966183688827869,1,HIGH RISK,2026-08-30 13:02:06
2108-XWMPY,Male,0,No,No,3,No,DSL,Month-to-month,Mailed check,35.45,106.85,1,0.6457617161173759,1,MEDIUM RISK,2026-08-30 13:02:06
0052-YNYOT,Female,0,No,No,67,Yes,No,One year,Electronic check,20.55,1343.4,0,0.04217620029799348,0,LOW RISK,2026-08-30 13:02:06
6304-IJFSQ,Male,0,No,No,3,Yes,DSL,Month-to-month,Mailed check,49.9,130.1,1,0.6429227051687766,1,MEDIUM RISK,2026-08-30 13:02:06
9586-JGQKH,Female,0,Yes,No,64,Yes,Fiber optic,Two year,Bank transfer (automatic),105.4,6794.75,0,0.20714266634634657,0,LOW RISK,2026-08-30 13:02:06
4501-VCPFK,Male,0,No,No,26,No,DSL,Month-to-month,Electronic check,35.75,1022.5,0,0.4421922143482395,0,MEDIUM RISK,2026-08-30 13:02:06
6075-SLNIL,Male,0,No,No,38,Yes,Fiber optic,Month-to-month,Credit card (automatic),95.1,3691.2,0,0.6450429064984304,1,MEDIUM RISK,2026-08-30 13:02:06
9347-AERRL,Male,0,Yes,No,23,Yes,No,One year,Credit card (automatic),19.3,486.2,0,0.0832399577227616,0,LOW RISK,2026-08-30 13:02:06
0093-XWZFY,Male,0,No,No,40,Yes,Fiber optic,Month-to-month,Credit card (automatic),104.5,4036.85,1,0.6942463954716466,1,MEDIUM RISK,2026-08-30 13:02:06
2274-XUATA,Male,1,Yes,No,72,No,DSL,Two year,Bank transfer (automatic),63.1,4685.55,0,0.06959443157282856,0,LOW RISK,2026-08-30 13:02:06
1980-KXVPM,Female,1,No,No,3,Yes,Fiber optic,Month-to-month,Credit card (automatic),75.05,256.25,1,0.8764364023215625,1,HIGH RISK,2026-08-30 13:02:06
7703-ZEKEF,Male,0,No,No,23,Yes,Fiber optic,Month-to-month,Electronic check,81.0,1917.1,1,0.7396354780769463,1,HIGH RISK,2026-08-30 13:02:06
0723-DRCLG,Female,1,Yes,No,1,Yes,Fiber optic,Month-to-month,Electronic check,74.45,74.45,1,0.9171632133446688,1,HIGH RISK,2026-08-30 13:02:06
5482-NUPNA,Female,0,No,No,4,Yes,DSL,Month-to-month,Mailed check,60.4,272.15,1,0.4781589606370674,0,MEDIUM RISK,2026-08-30 13:02:06
6691-CCIHA,Female,0,Yes,No,62,Yes,DSL,Two year,Electronic check,84.95,5150.55,0,0.08266631211424355,0,LOW RISK,2026-08-30 13:02:06
1685-BQULA,Female,0,No,No,40,Yes,Fiber optic,Month-to-month,Bank transfer (automatic),93.4,3756.4,0,0.6144322004924407,1,MEDIUM RISK,2026-08-30 13:02:06
9053-EJUNL,Male,0,No,No,41,Yes,Fiber optic,Month-to-month,Electronic check,89.2,3645.75,0,0.6928829762358706,1,MEDIUM RISK,2026-08-30 13:02:06
0666-UXTJO,Male,1,Yes,No,34,Yes,Fiber optic,Month-to-month,Credit card (automatic),85.2,2874.45,0,0.6685741807049852,1,MEDIUM RISK,2026-08-30 13:02:06
1471-GIQKQ,Female,0,No,No,1,Yes,DSL,Month-to-month,Electronic check,49.95,49.95,0,0.6602729181525654,1,MEDIUM RISK,2026-08-30 13:02:06
4807-IZYOZ,Female,0,No,No,51,Yes,No,Two year,Bank transfer (automatic),20.65,1020.75,0,0.024483955522692696,0,LOW RISK,2026-08-30 13:02:06
1122-JWTJW,Male,0,Yes,Yes,1,Yes,Fiber optic,Month-to-month,Mailed check,70.65,70.65,1,0.7992966014562217,1,HIGH RISK,2026-08-30 13:02:06
9710-NJERN,Female,0,No,No,39,Yes,No,Two year,Mailed check,20.15,826.0,0,0.025098054414706666,0,LOW RISK,2026-08-30 13:02:06
9837-FWLCH,Male,0,Yes,Yes,12,Yes,No,Month-to-month,Electronic check,19.2,239.0,0,0.4218109070818334,0,MEDIUM RISK,2026-08-30 13:02:06
1699-HPSBG,Male,0,No,No,12,Yes,DSL,One year,Electronic check,59.8,727.8,1,0.5114524862516343,1,MEDIUM RISK,2026-08-30 13:02:06
7203-OYKCT,Male,0,No,No,72,Yes,Fiber optic,One year,Electronic check,104.95,7544.3,0,0.4642896923930232,0,MEDIUM RISK,2026-08-30 13:02:06
1035-IPQPU,Female,1,Yes,No,63,Yes,Fiber optic,Month-to-month,Electronic check,103.5,6479.4,0,0.7502673013926479,1,HIGH RISK,2026-08-30 13:02:06
7398-LXGYX,Male,0,Yes,No,44,Yes,Fiber optic,Month-to-month,Credit card (automatic),84.8,3626.35,0,0.4545692268742879,0,MEDIUM RISK,2026-08-30 13:02:06
2823-LKABH,Female,0,No,No,18,Yes,Fiber optic,Month-to-month,Bank transfer (automatic),95.05,1679.4,0,0.6991643106115225,1,MEDIUM RISK,2026-08-30 13:02:06
8775-CEBBJ,Female,0,No,No,9,Yes,DSL,Month-to-month,Bank transfer (automatic),44.2,403.35,1,0.6121387364829007,1,MEDIUM RISK,2026-08-30 13:02:06
0550-DCXLH,Male,0,No,No,13,Yes,DSL,Month-to-month,Mailed check,73.35,931.55,0,0.38523983929851724,0,LOW RISK,2026-08-30 13:02:06
9281-CEDRU,Female,0,Yes,No,68,Yes,DSL,Two year,Bank transfer (automatic),64.1,4326.25,0,0.03423537272266093,0,LOW RISK,2026-08-30 13:02:06
2235-DWLJU,Female,1,No,No,6,No,DSL,Month-to-month,Electronic check,44.4,263.05,0,0.8909977800004587,1,HIGH RISK,2026-08-30 13:02:06
0871-OPBXW,Female,0,No,No,2,Yes,No,Month-to-month,Mailed check,20.05,39.25,0,0.4644592037390028,0,MEDIUM RISK,2026-08-30 13:02:06
3605-JISKB,Male,1,Yes,No,55,Yes,DSL,One year,Credit card (automatic),60.0,3316.1,0,0.12446726334845101,0,LOW RISK,2026-08-30 13:02:06
6894-LFHLY,Male,1,No,No,1,Yes,Fiber optic,Month-to-month,Electronic check,75.75,75.75,1,0.9146782634402787,1,HIGH RISK,2026-08-30 13:02:06
9767-FFLEM,Male,0,No,No,38,Yes,Fiber optic,Month-to-month,Credit card (automatic),69.5,2625.25,0,0.504905715522778,1,MEDIUM RISK,2026-08-30 13:02:06
0639-TSIQW,Female,0,No,No,67,Yes,Fiber optic,Month-to-month,Credit card (automatic),102.95,6886.25,1,0.40893004645639347,0,MEDIUM RISK,2026-08-30 13:02:06
8456-QDAVC,Male,0,No,No,19,Yes,Fiber optic,Month-to-month,Bank transfer (automatic),78.7,1495.1,0,0.689724413485852,1,MEDIUM RISK,2026-08-30 13:02:06
7750-EYXWZ,Female,0,No,No,12,No,DSL,One year,Electronic check,60.65,743.3,0,0.5573238756937516,1,MEDIUM RISK,2026-08-30 13:02:06
2569-WGERO,Female,0,No,No,72,Yes,No,Two year,Bank transfer (automatic),21.15,1419.4,0,0.01513646606156604,0,LOW RISK,2026-08-30 13:02:06
6840-RESVB,Male,0,Yes,Yes,24,Yes,DSL,One year,Mailed check,84.8,1990.5,0,0.20064478053654833,0,LOW RISK,2026-08-30 13:02:06
2234-XADUH,Female,0,Yes,Yes,72,Yes,Fiber optic,One year,Credit card (automatic),103.2,7362.9,0,0.3335553853023359,0,LOW RISK,2026-08-30 13:02:06
4801-JZAZL,Female,0,Yes,Yes,11,No,DSL,Month-to-month,Electronic check,29.6,346.45,0,0.6432257823482287,1,MEDIUM RISK,2026-08-30 13:02:06
8361-LTMKD,Male,1,Yes,No,4,Yes,Fiber optic,Month-to-month,Mailed check,74.4,306.6,1,0.8787824453612759,1,HIGH RISK,2026-08-30 13:02:06
3186-AJIEK,Male,0,No,No,66,Yes,Fiber optic,Two year,Bank transfer (automatic),105.65,6844.5,0,0.1216010057665659,0,LOW RISK,2026-08-30 13:02:06
